"No.","Time","Source","Destination","Protocol","Length","Lower Address Part","Info"
"1","0.000000000","","","BT BR/EDR RF","22","0x0021c4f4","Transport: Any (BR 1Mbps), RF Channel: 51 (SP:  -69), Packet Type: Unknown"
"2","0.000399900","","","BT BR/EDR RF","22","0x0021c4f4","Transport: Any (BR 1Mbps), RF Channel: 51 (SP:  -69), Packet Type: Unknown"
"3","0.001200100","","","BT BR/EDR RF","22","0x0021c4f4","Transport: Any (BR 1Mbps), RF Channel: 51 (SP:  -69), Packet Type: Unknown"
"4","0.130372700","","","BT BR/EDR RF","22","0x0021c4f4","Transport: Any (BR 1Mbps), RF Channel: 68 (SP:  -75), Packet Type: Unknown"
"5","0.131173300","","","BT BR/EDR RF","22","0x0021c4f4","Transport: Any (BR 1Mbps), RF Channel: 68 (SP:  -73), Packet Type: Unknown"
"6","0.201826100","","","BT BR/EDR RF","22","0x0021c4f4","Transport: Any (BR 1Mbps), RF Channel: 53 (SP:  -65), Packet Type: Unknown"
"7","0.329800600","","","BT BR/EDR RF","22","0x0021c4f4","Transport: Any (BR 1Mbps), RF Channel: 70 (SP:  -72), Packet Type: Unknown"
"8","0.778097200","","","BT BR/EDR RF","22","0x0021c4f4","Transport: Any (BR 1Mbps), RF Channel: 59 (SP:  -72), Packet Type: Unknown"
"9","0.778495300","","","BT BR/EDR RF","22","0x0021c4f4","Transport: Any (BR 1Mbps), RF Channel: 59 (SP:  -70), Packet Type: Unknown"
"10","0.843417600","","","BT BR/EDR RF","22","0x0029cfc6","Transport: Any (BR 1Mbps), RF Channel: 12 (SP:  -74), Packet Type: Unknown"
"11","0.923673600","","","BT BR/EDR RF","22","0x0021c4f4","Transport: Any (BR 1Mbps), RF Channel: 76 (SP:  -72), Packet Type: Unknown"
"12","1.279981400","","","BT BR/EDR RF","22","0x0021c4f4","Transport: Any (BR 1Mbps), RF Channel: 48 (SP:  -70), Packet Type: Unknown"
"13","1.403582600","","","BT BR/EDR RF","22","0x0021c4f4","Transport: Any (BR 1Mbps), RF Channel: 65 (SP:  -72), Packet Type: Unknown"
"14","1.481852000","","","BT BR/EDR RF","22","0x0021c4f4","Transport: Any (BR 1Mbps), RF Channel: 50 (SP:  -75), Packet Type: Unknown"
"15","1.721000600","","","BT BR/EDR RF","22","0x0029cfc6","Transport: Any (BR 1Mbps), RF Channel:  5 (SP:  -77), Packet Type: Unknown"
"16","1.723798600","","","BT BR/EDR RF","22","0x0021c4f4","Transport: Any (BR 1Mbps), RF Channel:  5 (SP:  -75), Packet Type: Unknown"
"17","1.920000600","","","BT BR/EDR RF","22","0x0021c4f4","Transport: Any (BR 1Mbps), RF Channel:  7 (SP:  -64), Packet Type: Unknown"
"18","2.121797000","","","BT BR/EDR RF","22","0x0021c4f4","Transport: Any (BR 1Mbps), RF Channel:  9 (SP:  -74), Packet Type: Unknown"
"19","2.309194600","","","BT BR/EDR RF","22","0x008947d0","Transport: Any (BR 1Mbps), RF Channel: 11 (SP:  -73), Packet Type: Unknown"
"20","2.458464400","","","BT BR/EDR RF","22","0x0021c4f4","Transport: Any (BR 1Mbps), RF Channel: 60 (SP:  -46, NP:  -55), Packet Type: Unknown"
"21","2.929730100","","","BT BR/EDR RF","22","0x0021c4f4","Transport: Any (BR 1Mbps), RF Channel: 17 (SP:  -78), Packet Type: Unknown"
"22","3.158493700","","","BT BR/EDR RF","22","0x0021c4f4","Transport: Any (BR 1Mbps), RF Channel: 51 (SP:  -58), Packet Type: Unknown"
"23","3.280446200","","","BT BR/EDR RF","22","0x0021c4f4","Transport: Any (BR 1Mbps), RF Channel: 68 (SP:  -75), Packet Type: Unknown"
"24","3.281245300","","","BT BR/EDR RF","22","0x0021c4f4","Transport: Any (BR 1Mbps), RF Channel: 68 (SP:  -73), Packet Type: Unknown"
"25","3.290453000","","","BT BR/EDR RF","22","0x0021c4f4","Transport: Any (BR 1Mbps), RF Channel: 68 (SP:  -75), Packet Type: Unknown"
"26","3.388486900","","","BT BR/EDR RF","22","0x0021c4f4","Transport: Any (BR 1Mbps), RF Channel:  6 (SP:  -74), Packet Type: Unknown"
"27","3.402487800","","","BT BR/EDR RF","22","0x0021c4f4","Transport: Any (BR 1Mbps), RF Channel:  6 (SP:  -74), Packet Type: Unknown"
"28","3.579922500","","","BT BR/EDR RF","22","0x0029cfc6","Transport: Any (BR 1Mbps), RF Channel:  8 (SP:  -33, NP:  -55), Packet Type: Unknown"
"29","3.809703100","","","BT BR/EDR RF","22","0x0021c4f4","Transport: Any (BR 1Mbps), RF Channel: 10 (SP:  -76), Packet Type: Unknown"
"30","4.289149200","","","BT BR/EDR RF","22","0x0021c4f4","Transport: Any (BR 1Mbps), RF Channel: 78 (SP:  -73), Packet Type: Unknown"
"31","4.563598000","","","BT BR/EDR RF","22","0x0021c4f4","Transport: Any (BR 1Mbps), RF Channel: 65 (SP:  -63), Packet Type: Unknown"
"32","4.831664200","","","BT BR/EDR RF","22","0x0021c4f4","Transport: Any (BR 1Mbps), RF Channel: 52 (SP:  -72), Packet Type: Unknown"
"33","4.832463000","","","BT BR/EDR RF","22","0x0021c4f4","Transport: Any (BR 1Mbps), RF Channel: 52 (SP:  -66), Packet Type: Unknown"
"34","4.838062100","","","BT BR/EDR RF","22","0x0021c4f4","Transport: Any (BR 1Mbps), RF Channel: 52 (SP:  -74), Packet Type: Unknown"
"35","4.887372200","","","BT BR/EDR RF","22","0x0029cfc6","Transport: Any (BR 1Mbps), RF Channel:  5 (SP:  -72), Packet Type: Unknown"
"36","5.051022100","","","BT BR/EDR RF","22","0x0021c4f4","Transport: Any (BR 1Mbps), RF Channel: 54 (SP:  -69), Packet Type: Unknown"
"37","5.218025600","","","BT BR/EDR RF","22","0x0021c4f4","Transport: Any (BR 1Mbps), RF Channel: 56 (SP:  -68), Packet Type: Unknown"
"38","5.246841000","","","BT BR/EDR RF","22","0x0021c4f4","Transport: Any (BR 1Mbps), RF Channel: 56 (SP:  -73), Packet Type: Unknown"
"39","5.247240500","","","BT BR/EDR RF","22","0x0021c4f4","Transport: Any (BR 1Mbps), RF Channel: 56 (SP:  -68), Packet Type: Unknown"
"40","5.352412900","","","BT BR/EDR RF","22","0x0021c4f4","Transport: Any (BR 1Mbps), RF Channel: 73 (SP:  -70), Packet Type: Unknown"
"41","5.642860600","","","BT BR/EDR RF","22","0x0021c4f4","Transport: Any (BR 1Mbps), RF Channel: 60 (SP:  -73), Packet Type: Unknown"
"42","5.643661500","","","BT BR/EDR RF","22","0x0021c4f4","Transport: Any (BR 1Mbps), RF Channel: 60 (SP:  -69), Packet Type: Unknown"
"43","5.839856000","","","BT BR/EDR RF","22","0x0021c4f4","Transport: Any (BR 1Mbps), RF Channel: 62 (SP:  -70), Packet Type: Unknown"
"44","6.043626000","","","BT BR/EDR RF","22","0x0021c4f4","Transport: Any (BR 1Mbps), RF Channel: 64 (SP:  -72), Packet Type: Unknown"
"45","6.482221700","","","BT BR/EDR RF","22","0x0021c4f4","Transport: Any (BR 1Mbps), RF Channel: 21 (SP:  -79), Packet Type: Unknown"
"46","6.719306600","","","BT BR/EDR RF","22","0x0021c4f4","Transport: Any (BR 1Mbps), RF Channel: 55 (SP:  -72), Packet Type: Unknown"
"47","6.719707100","","","BT BR/EDR RF","22","0x0021c4f4","Transport: Any (BR 1Mbps), RF Channel: 55 (SP:  -70), Packet Type: Unknown"
"48","6.922306700","","","BT BR/EDR RF","22","0x0021c4f4","Transport: Any (BR 1Mbps), RF Channel: 57 (SP:  -68), Packet Type: Unknown"
"49","7.129725300","","","BT BR/EDR RF","22","0x0021c4f4","Transport: Any (BR 1Mbps), RF Channel: 59 (SP:  -70), Packet Type: Unknown"
"50","7.163440800","","","BT BR/EDR RF","22","0x0021c4f4","Transport: Any (BR 1Mbps), RF Channel: 12 (SP:  -30, NP:  -55), Packet Type: Unknown"
"51","7.309148500","","","BT BR/EDR RF","22","0x0021c4f4","Transport: Any (BR 1Mbps), RF Channel: 61 (SP:  -74), Packet Type: Unknown"
"52","7.309948100","","","BT BR/EDR RF","22","0x0021c4f4","Transport: Any (BR 1Mbps), RF Channel: 61 (SP:  -70), Packet Type: Unknown"
"53","7.319952200","","","BT BR/EDR RF","22","0x0021c4f4","Transport: Any (BR 1Mbps), RF Channel: 61 (SP:  -70), Packet Type: Unknown"
"54","7.713566700","","","BT BR/EDR RF","22","0x0021c4f4","Transport: Any (BR 1Mbps), RF Channel: 65 (SP:  -73), Packet Type: Unknown"
"55","8.511707400","","","BT BR/EDR RF","22","0x0021c4f4","Transport: Any (BR 1Mbps), RF Channel: 73 (SP:  -69), Packet Type: Unknown"
"56","8.512505900","","","BT BR/EDR RF","22","0x0021c4f4","Transport: Any (BR 1Mbps), RF Channel: 73 (SP:  -69), Packet Type: Unknown"
"57","8.722329900","","","BT BR/EDR RF","22","0x0021c4f4","Transport: Any (BR 1Mbps), RF Channel: 75 (SP:  -69), Packet Type: Unknown"
"58","8.929340700","","","BT BR/EDR RF","22","0x0021c4f4","Transport: Any (BR 1Mbps), RF Channel: 77 (SP:  -69), Packet Type: Unknown"
"59","9.054634200","","","BT BR/EDR RF","22","0x0029cfc6","Transport: Any (BR 1Mbps), RF Channel: 47 (SP:  -59), Packet Type: Unknown"
"60","9.450533700","","","BT BR/EDR RF","22","0x0021c4f4","Transport: Any (BR 1Mbps), RF Channel: 19 (SP:  -81), Packet Type: Unknown"
"61","9.450934000","","","BT BR/EDR RF","22","0x0021c4f4","Transport: Any (BR 1Mbps), RF Channel: 19 (SP:  -74), Packet Type: Unknown"
"62","9.481849200","","","BT BR/EDR RF","22","0x0021c4f4","Transport: Any (BR 1Mbps), RF Channel: 51 (SP:  -73), Packet Type: Unknown"
"63","9.682824400","","","BT BR/EDR RF","22","0x0021c4f4","Transport: Any (BR 1Mbps), RF Channel: 53 (SP:  -68), Packet Type: Unknown"
"64","10.001843000","","","BT BR/EDR RF","22","0x0021c4f4","Transport: Any (BR 1Mbps), RF Channel: 72 (SP:  -70), Packet Type: Unknown"
"65","10.002243700","","","BT BR/EDR RF","22","0x0021c4f4","Transport: Any (BR 1Mbps), RF Channel: 72 (SP:  -70), Packet Type: Unknown"
"66","10.073683400","","","BT BR/EDR RF","22","0x0021c4f4","Transport: Any (BR 1Mbps), RF Channel: 57 (SP:  -70), Packet Type: Unknown"
"67","10.181662800","","","BT BR/EDR RF","22","0x0021c4f4","Transport: Any (BR 1Mbps), RF Channel: 74 (SP:  -69), Packet Type: Unknown"
"68","10.399053500","","","BT BR/EDR RF","22","0x0021c4f4","Transport: Any (BR 1Mbps), RF Channel: 76 (SP:  -71), Packet Type: Unknown"
"69","10.399851500","","","BT BR/EDR RF","22","0x0021c4f4","Transport: Any (BR 1Mbps), RF Channel: 76 (SP:  -71), Packet Type: Unknown"
"70","10.458501600","","","BT BR/EDR RF","22","0x0021c4f4","Transport: Any (BR 1Mbps), RF Channel: 61 (SP:  -72), Packet Type: Unknown"
"71","10.681125600","","","BT BR/EDR RF","22","0x0029cfc6","Transport: Any (BR 1Mbps), RF Channel: 63 (SP:  -77), Packet Type: Unknown"
"72","10.889709200","","","BT BR/EDR RF","22","0x0021c4f4","Transport: Any (BR 1Mbps), RF Channel: 65 (SP:  -72), Packet Type: Unknown"
"73","10.989755200","","","BT BR/EDR RF","22","0x0029cfc6","Transport: Any (BR 1Mbps), RF Channel:  3 (SP:  -78), Packet Type: Unknown"
"74","11.201578700","","","BT BR/EDR RF","22","0x0021c4f4","Transport: Any (BR 1Mbps), RF Channel:  5 (SP:  -81), Packet Type: Unknown"
"75","11.369251700","","","BT BR/EDR RF","22","0x0021c4f4","Transport: Any (BR 1Mbps), RF Channel: 54 (SP:  -75), Packet Type: Unknown"
"76","11.890449400","","","BT BR/EDR RF","22","0x0021c4f4","Transport: Any (BR 1Mbps), RF Channel: 75 (SP:  -72), Packet Type: Unknown"
"77","12.143727200","","","BT BR/EDR RF","22","0x0021c4f4","Transport: Any (BR 1Mbps), RF Channel: 62 (SP:  -72), Packet Type: Unknown"
"78","12.203430000","","","BT BR/EDR RF","22","0x0021c4f4","Transport: Any (BR 1Mbps), RF Channel: 15 (SP:  -72), Packet Type: Unknown"
"79","12.414218300","","","BT BR/EDR RF","22","0x0021c4f4","Transport: Any (BR 1Mbps), RF Channel: 49 (SP:  -54, NP:  -55), Packet Type: Unknown"
"80","12.561799300","","","BT BR/EDR RF","22","0x0021c4f4","Transport: Any (BR 1Mbps), RF Channel: 66 (SP:  -79), Packet Type: Unknown"
"81","12.804927900","","","BT BR/EDR RF","22","0x0021c4f4","Transport: Any (BR 1Mbps), RF Channel: 21 (SP:  -75), Packet Type: Unknown"
"82","13.159215200","","","BT BR/EDR RF","22","0x0021c4f4","Transport: Any (BR 1Mbps), RF Channel: 72 (SP:  -70), Packet Type: Unknown"
"83","13.442881300","","","BT BR/EDR RF","22","0x0021c4f4","Transport: Any (BR 1Mbps), RF Channel: 59 (SP:  -74), Packet Type: Unknown"
"84","13.489793700","","","BT BR/EDR RF","22","0x0021c4f4","Transport: Any (BR 1Mbps), RF Channel: 12 (SP:  -54, NP:  -55), Packet Type: Unknown"
"85","13.879806200","","","BT BR/EDR RF","22","0x0021c4f4","Transport: Any (BR 1Mbps), RF Channel: 16 (SP:  -74), Packet Type: Unknown"
"86","14.039925200","","","BT BR/EDR RF","22","0x0021c4f4","Transport: Any (BR 1Mbps), RF Channel: 65 (SP:  -70), Packet Type: Unknown"
"87","14.359332900","","","BT BR/EDR RF","22","0x0021c4f4","Transport: Any (BR 1Mbps), RF Channel:  5 (SP:  -80), Packet Type: Unknown"
"88","14.359733300","","","BT BR/EDR RF","22","0x0021c4f4","Transport: Any (BR 1Mbps), RF Channel:  5 (SP:  -75), Packet Type: Unknown"
"89","14.563527700","","","BT BR/EDR RF","22","0x0021c4f4","Transport: Any (BR 1Mbps), RF Channel:  7 (SP:  -75), Packet Type: Unknown"
"90","14.604046500","","","BT BR/EDR RF","22","0x00d66460","Transport: Any (BR 1Mbps), RF Channel: 39 (SP:  -72), Packet Type: Unknown"
"91","14.722844200","","","BT BR/EDR RF","22","0x0021c4f4","Transport: Any (BR 1Mbps), RF Channel: 56 (SP:  -73), Packet Type: Unknown"
"92","14.839167000","","","BT BR/EDR RF","22","0x0021c4f4","Transport: Any (BR 1Mbps), RF Channel: 73 (SP:  -70), Packet Type: Unknown"
"93","14.839966500","","","BT BR/EDR RF","22","0x0021c4f4","Transport: Any (BR 1Mbps), RF Channel: 73 (SP:  -66), Packet Type: Unknown"
"94","15.121613500","","","BT BR/EDR RF","22","0x0021c4f4","Transport: Any (BR 1Mbps), RF Channel: 60 (SP:  -77), Packet Type: Unknown"
"95","15.122412700","","","BT BR/EDR RF","22","0x0021c4f4","Transport: Any (BR 1Mbps), RF Channel: 60 (SP:  -70), Packet Type: Unknown"
"96","15.249164800","","","BT BR/EDR RF","22","0x0021c4f4","Transport: Any (BR 1Mbps), RF Channel: 77 (SP:  -73), Packet Type: Unknown"
"97","15.296587700","","","BT BR/EDR RF","22","0x0021c4f4","Transport: Any (BR 1Mbps), RF Channel: 62 (SP:  -79), Packet Type: Unknown"
"98","15.297385000","","","BT BR/EDR RF","22","0x0021c4f4","Transport: Any (BR 1Mbps), RF Channel: 62 (SP:  -71), Packet Type: Unknown"
"99","15.318578100","","","BT BR/EDR RF","22","0x0029cfc6","Transport: Any (BR 1Mbps), RF Channel: 62 (SP:  -74), Packet Type: Unknown"
"100","15.430953600","","","BT BR/EDR RF","22","0x0021c4f4","Transport: Any (BR 1Mbps), RF Channel:  0 (SP:  -77), Packet Type: Unknown"
"101","15.568921000","","","BT BR/EDR RF","22","0x00d66460","Transport: Any (BR 1Mbps), RF Channel: 17 (SP:  -74), Packet Type: Unknown"
"102","15.703425100","","","BT BR/EDR RF","22","0x0029cfc6","Transport: Any (BR 1Mbps), RF Channel: 66 (SP:  -77), Packet Type: Unknown"
"103","15.727427000","","","BT BR/EDR RF","22","0x0021c4f4","Transport: Any (BR 1Mbps), RF Channel: 66 (SP:  -73), Packet Type: Unknown"
"104","15.802896600","","","BT BR/EDR RF","22","0x0021c4f4","Transport: Any (BR 1Mbps), RF Channel: 51 (SP:  -75), Packet Type: Unknown"
"105","15.803698500","","","BT BR/EDR RF","22","0x0021c4f4","Transport: Any (BR 1Mbps), RF Channel: 51 (SP:  -69), Packet Type: Unknown"
"106","16.123505500","","","BT BR/EDR RF","22","0x0021c4f4","Transport: Any (BR 1Mbps), RF Channel: 70 (SP:  -71), Packet Type: Unknown"
"107","16.250283000","","","BT BR/EDR RF","22","0x0021c4f4","Transport: Any (BR 1Mbps), RF Channel:  8 (SP:  -81), Packet Type: Unknown"
"108","16.321708100","","","BT BR/EDR RF","22","0x0021c4f4","Transport: Any (BR 1Mbps), RF Channel: 72 (SP:  -70), Packet Type: Unknown"
"109","16.519933000","","","BT BR/EDR RF","22","0x0021c4f4","Transport: Any (BR 1Mbps), RF Channel: 74 (SP:  -70), Packet Type: Unknown"
"110","16.809950200","","","BT BR/EDR RF","22","0x0021c4f4","Transport: Any (BR 1Mbps), RF Channel: 61 (SP:  -71), Packet Type: Unknown"
"111","17.039878700","","","BT BR/EDR RF","22","0x0021c4f4","Transport: Any (BR 1Mbps), RF Channel: 16 (SP:  -73), Packet Type: Unknown"
"112","17.087204300","","","BT BR/EDR RF","22","0x00dd3a55","Transport: Any (BR 1Mbps), RF Channel: 48 (SP:  -70), Packet Type: Unknown"
"113","17.259863000","","","BT BR/EDR RF","22","0x0021c4f4","Transport: Any (BR 1Mbps), RF Channel: 50 (SP:  -69), Packet Type: Unknown"
"114","17.283070900","","","BT BR/EDR RF","22","0x0021c4f4","Transport: Any (BR 1Mbps), RF Channel: 50 (SP:  -74), Packet Type: Unknown"
"115","17.283470200","","","BT BR/EDR RF","22","0x0021c4f4","Transport: Any (BR 1Mbps), RF Channel: 50 (SP:  -70), Packet Type: Unknown"
"116","17.396630200","","","BT BR/EDR RF","22","0x0021c4f4","Transport: Any (BR 1Mbps), RF Channel: 67 (SP:  -76), Packet Type: Unknown"
"117","17.397429500","","","BT BR/EDR RF","22","0x0021c4f4","Transport: Any (BR 1Mbps), RF Channel: 67 (SP:  -75), Packet Type: Unknown"
"118","17.682340900","","","BT BR/EDR RF","22","0x0021c4f4","Transport: Any (BR 1Mbps), RF Channel: 54 (SP:  -69), Packet Type: Unknown"
"119","17.889745900","","","BT BR/EDR RF","22","0x0021c4f4","Transport: Any (BR 1Mbps), RF Channel: 56 (SP:  -70), Packet Type: Unknown"
"120","17.931072500","","","BT BR/EDR RF","22","0x0021c4f4","Transport: Any (BR 1Mbps), RF Channel:  9 (SP:  -74), Packet Type: Unknown"
"121","18.001738600","","","BT BR/EDR RF","22","0x0021c4f4","Transport: Any (BR 1Mbps), RF Channel: 73 (SP:  -69), Packet Type: Unknown"
"122","18.279772000","","","BT BR/EDR RF","22","0x0021c4f4","Transport: Any (BR 1Mbps), RF Channel: 60 (SP:  -72), Packet Type: Unknown"
"123","18.410974500","","","BT BR/EDR RF","22","0x0021c4f4","Transport: Any (BR 1Mbps), RF Channel: 77 (SP:  -72), Packet Type: Unknown"
"124","18.529713500","","","BT BR/EDR RF","22","0x0021c4f4","Transport: Any (BR 1Mbps), RF Channel: 15 (SP:  -49, NP:  -55), Packet Type: Unknown"
"125","18.575968200","","","BT BR/EDR RF","22","0x0021c4f4","Transport: Any (BR 1Mbps), RF Channel:  0 (SP:  -62), Packet Type: Unknown"
"126","18.689780900","","","BT BR/EDR RF","22","0x0021c4f4","Transport: Any (BR 1Mbps), RF Channel: 64 (SP:  -74), Packet Type: Unknown"
"127","18.722298300","","","BT BR/EDR RF","22","0x0021c4f4","Transport: Any (BR 1Mbps), RF Channel: 17 (SP:  -73), Packet Type: Unknown"
"128","18.929726100","","","BT BR/EDR RF","22","0x0021c4f4","Transport: Any (BR 1Mbps), RF Channel: 19 (SP:  -75), Packet Type: Unknown"
"129","18.999176300","","","BT BR/EDR RF","22","0x0021c4f4","Transport: Any (BR 1Mbps), RF Channel:  4 (SP:  -80), Packet Type: Unknown"
"130","19.211025500","","","BT BR/EDR RF","22","0x0021c4f4","Transport: Any (BR 1Mbps), RF Channel:  6 (SP:  -73), Packet Type: Unknown"
"131","19.351533900","","","BT BR/EDR RF","22","0x0021c4f4","Transport: Any (BR 1Mbps), RF Channel: 55 (SP:  -64), Packet Type: Unknown"
"132","19.352333200","","","BT BR/EDR RF","22","0x0021c4f4","Transport: Any (BR 1Mbps), RF Channel: 55 (SP:  -70), Packet Type: Unknown"
"133","19.479084900","","","BT BR/EDR RF","22","0x0021c4f4","Transport: Any (BR 1Mbps), RF Channel: 72 (SP:  -72), Packet Type: Unknown"
"134","19.690924700","","","BT BR/EDR RF","22","0x0021c4f4","Transport: Any (BR 1Mbps), RF Channel: 74 (SP:  -72), Packet Type: Unknown"
"135","19.799313900","","","BT BR/EDR RF","22","0x0021c4f4","Transport: Any (BR 1Mbps), RF Channel: 12 (SP:  -79), Packet Type: Unknown"
"136","19.869138600","","","BT BR/EDR RF","22","0x0021c4f4","Transport: Any (BR 1Mbps), RF Channel: 76 (SP:  -73), Packet Type: Unknown"
"137","19.869940600","","","BT BR/EDR RF","22","0x0021c4f4","Transport: Any (BR 1Mbps), RF Channel: 76 (SP:  -73), Packet Type: Unknown"
"138","19.959750500","","","BT BR/EDR RF","22","0x0021c4f4","Transport: Any (BR 1Mbps), RF Channel: 61 (SP:  -67), Packet Type: Unknown"
"139","20.450391100","","","BT BR/EDR RF","22","0x0021c4f4","Transport: Any (BR 1Mbps), RF Channel: 50 (SP:  -73), Packet Type: Unknown"
"140","20.451189400","","","BT BR/EDR RF","22","0x0021c4f4","Transport: Any (BR 1Mbps), RF Channel: 50 (SP:  -69), Packet Type: Unknown"
"141","20.517839700","","","BT BR/EDR RF","22","0x008947d0","Transport: Any (BR 1Mbps), RF Channel: 35 (SP:  -74), Packet Type: Unknown"
"142","20.649866500","","","BT BR/EDR RF","22","0x0021c4f4","Transport: Any (BR 1Mbps), RF Channel: 52 (SP:  -70), Packet Type: Unknown"
"143","20.771033600","","","BT BR/EDR RF","22","0x0021c4f4","Transport: Any (BR 1Mbps), RF Channel: 69 (SP:  -63), Packet Type: Unknown"
"144","20.959227400","","","BT BR/EDR RF","22","0x0021c4f4","Transport: Any (BR 1Mbps), RF Channel: 71 (SP:  -71), Packet Type: Unknown"
"145","20.959627500","","","BT BR/EDR RF","22","0x0021c4f4","Transport: Any (BR 1Mbps), RF Channel: 71 (SP:  -71), Packet Type: Unknown"
"146","21.457189300","","","BT BR/EDR RF","22","0x0021c4f4","Transport: Any (BR 1Mbps), RF Channel: 13 (SP:  -72), Packet Type: Unknown"
"147","22.041599700","","","BT BR/EDR RF","22","0x0021c4f4","Transport: Any (BR 1Mbps), RF Channel: 66 (SP:  -79), Packet Type: Unknown"
"148","22.081728600","","","BT BR/EDR RF","22","0x0021c4f4","Transport: Any (BR 1Mbps), RF Channel: 19 (SP:  -81), Packet Type: Unknown"
"149","22.082127900","","","BT BR/EDR RF","22","0x0021c4f4","Transport: Any (BR 1Mbps), RF Channel: 19 (SP:  -76), Packet Type: Unknown"
"150","22.131071200","","","BT BR/EDR RF","22","0x0021c4f4","Transport: Any (BR 1Mbps), RF Channel: 51 (SP:  -70), Packet Type: Unknown"
"151","22.238999600","","","BT BR/EDR RF","22","0x0021c4f4","Transport: Any (BR 1Mbps), RF Channel: 68 (SP:  -75), Packet Type: Unknown"
"152","22.239799200","","","BT BR/EDR RF","22","0x0021c4f4","Transport: Any (BR 1Mbps), RF Channel: 68 (SP:  -72), Packet Type: Unknown"
"153","22.639841700","","","BT BR/EDR RF","22","0x0021c4f4","Transport: Any (BR 1Mbps), RF Channel: 72 (SP:  -70), Packet Type: Unknown"
"154","22.746625200","","","BT BR/EDR RF","22","0x0021c4f4","Transport: Any (BR 1Mbps), RF Channel: 10 (SP:  -81), Packet Type: Unknown"
"155","22.747424700","","","BT BR/EDR RF","22","0x0021c4f4","Transport: Any (BR 1Mbps), RF Channel: 10 (SP:  -75), Packet Type: Unknown"
"156","22.959226200","","","BT BR/EDR RF","22","0x0021c4f4","Transport: Any (BR 1Mbps), RF Channel: 12 (SP:  -83), Packet Type: Unknown"
"157","22.959625200","","","BT BR/EDR RF","22","0x0021c4f4","Transport: Any (BR 1Mbps), RF Channel: 12 (SP:  -75), Packet Type: Unknown"
"158","23.045474900","","","BT BR/EDR RF","22","0x0021c4f4","Transport: Any (BR 1Mbps), RF Channel: 76 (SP:  -72), Packet Type: Unknown"
"159","23.045873700","","","BT BR/EDR RF","22","0x0021c4f4","Transport: Any (BR 1Mbps), RF Channel: 76 (SP:  -72), Packet Type: Unknown"
"160","23.143411900","","","BT BR/EDR RF","22","0x0021c4f4","Transport: Any (BR 1Mbps), RF Channel: 14 (SP:  -73), Packet Type: Unknown"
"161","23.543454600","","","BT BR/EDR RF","22","0x0021c4f4","Transport: Any (BR 1Mbps), RF Channel: 18 (SP:  -74), Packet Type: Unknown"
"162","23.719136200","","","BT BR/EDR RF","22","0x0021c4f4","Transport: Any (BR 1Mbps), RF Channel: 67 (SP:  -77), Packet Type: Unknown"
"163","24.129146100","","","BT BR/EDR RF","22","0x0021c4f4","Transport: Any (BR 1Mbps), RF Channel: 71 (SP:  -71), Packet Type: Unknown"
"164","24.202204000","","","BT BR/EDR RF","22","0x0021c4f4","Transport: Any (BR 1Mbps), RF Channel: 56 (SP:  -69), Packet Type: Unknown"
"165","24.413316800","","","BT BR/EDR RF","22","0x008947d0","Transport: Any (BR 1Mbps), RF Channel: 11 (SP:  -32, NP:  -55), Packet Type: Unknown"
"166","24.523552000","","","BT BR/EDR RF","22","0x0021c4f4","Transport: Any (BR 1Mbps), RF Channel: 75 (SP:  -71), Packet Type: Unknown"
"167","24.608986300","","","BT BR/EDR RF","22","0x0021c4f4","Transport: Any (BR 1Mbps), RF Channel: 60 (SP:  -74), Packet Type: Unknown"
"168","24.651098300","","","BT BR/EDR RF","22","0x0021c4f4","Transport: Any (BR 1Mbps), RF Channel: 13 (SP:  -74), Packet Type: Unknown"
"169","25.089647900","","","BT BR/EDR RF","22","0x0021c4f4","Transport: Any (BR 1Mbps), RF Channel: 49 (SP:  -72), Packet Type: Unknown"
"170","25.241343700","","","BT BR/EDR RF","22","0x00d09f46","Transport: Any (BR 1Mbps), RF Channel: 19 (SP:  -83), Packet Type: Unknown"
"171","25.323581200","","","BT BR/EDR RF","22","0x0029cfc6","Transport: Any (BR 1Mbps), RF Channel:  4 (SP:  -74), Packet Type: Unknown"
"172","25.479672100","","","BT BR/EDR RF","22","0x0021c4f4","Transport: Any (BR 1Mbps), RF Channel: 53 (SP:  -50, NP:  -55), Packet Type: Unknown"
"173","25.999279900","","","BT BR/EDR RF","22","0x0021c4f4","Transport: Any (BR 1Mbps), RF Channel: 74 (SP:  -72), Packet Type: Unknown"
"174","25.999680600","","","BT BR/EDR RF","22","0x0021c4f4","Transport: Any (BR 1Mbps), RF Channel: 74 (SP:  -72), Packet Type: Unknown"
"175","26.290508600","","","BT BR/EDR RF","22","0x0021c4f4","Transport: Any (BR 1Mbps), RF Channel: 61 (SP:  -77), Packet Type: Unknown"
"176","26.290909200","","","BT BR/EDR RF","22","0x0021c4f4","Transport: Any (BR 1Mbps), RF Channel: 61 (SP:  -72), Packet Type: Unknown"
"177","26.319823000","","","BT BR/EDR RF","22","0x0021c4f4","Transport: Any (BR 1Mbps), RF Channel: 14 (SP:  -73), Packet Type: Unknown"
"178","26.474708100","","","BT BR/EDR RF","22","0x0029cfc6","Transport: Any (BR 1Mbps), RF Channel: 63 (SP:  -54, NP:  -55), Packet Type: Unknown"
"179","26.568970900","","","BT BR/EDR RF","22","0x0021c4f4","Transport: Any (BR 1Mbps), RF Channel: 48 (SP:  -77), Packet Type: Unknown"
"180","26.569769200","","","BT BR/EDR RF","22","0x0021c4f4","Transport: Any (BR 1Mbps), RF Channel: 48 (SP:  -72), Packet Type: Unknown"
"181","26.682146600","","","BT BR/EDR RF","22","0x0021c4f4","Transport: Any (BR 1Mbps), RF Channel: 65 (SP:  -63), Packet Type: Unknown"
"182","27.053486200","","","BT BR/EDR RF","22","0x0021c4f4","Transport: Any (BR 1Mbps), RF Channel: 69 (SP:  -74), Packet Type: Unknown"
"183","27.161722200","","","BT BR/EDR RF","22","0x0021c4f4","Transport: Any (BR 1Mbps), RF Channel: 54 (SP:  -74), Packet Type: Unknown"
"184","27.162122600","","","BT BR/EDR RF","22","0x0021c4f4","Transport: Any (BR 1Mbps), RF Channel: 54 (SP:  -69), Packet Type: Unknown"
"185","27.199016600","","","BT BR/EDR RF","22","0x0021c4f4","Transport: Any (BR 1Mbps), RF Channel:  7 (SP:  -79), Packet Type: Unknown"
"186","27.289257900","","","BT BR/EDR RF","22","0x0021c4f4","Transport: Any (BR 1Mbps), RF Channel: 71 (SP:  -72), Packet Type: Unknown"
"187","27.289657700","","","BT BR/EDR RF","22","0x0021c4f4","Transport: Any (BR 1Mbps), RF Channel: 71 (SP:  -72), Packet Type: Unknown"
"188","27.359118700","","","BT BR/EDR RF","22","0x0021c4f4","Transport: Any (BR 1Mbps), RF Channel: 56 (SP:  -73), Packet Type: Unknown"
"189","27.403645900","","","BT BR/EDR RF","22","0x0021c4f4","Transport: Any (BR 1Mbps), RF Channel:  9 (SP:  -73), Packet Type: Unknown"
"190","27.682946500","","","BT BR/EDR RF","22","0x0021c4f4","Transport: Any (BR 1Mbps), RF Channel: 75 (SP:  -72), Packet Type: Unknown"
"191","27.799710300","","","BT BR/EDR RF","22","0x0021c4f4","Transport: Any (BR 1Mbps), RF Channel: 13 (SP:  -73), Packet Type: Unknown"
"192","27.862751900","","","BT BR/EDR RF","22","0x0021c4f4","Transport: Any (BR 1Mbps), RF Channel: 77 (SP:  -73), Packet Type: Unknown"
"193","27.889143000","","","BT BR/EDR RF","22","0x0021c4f4","Transport: Any (BR 1Mbps), RF Channel: 77 (SP:  -57), Packet Type: Unknown"
"194","27.995913700","","","BT BR/EDR RF","22","0x0021c4f4","Transport: Any (BR 1Mbps), RF Channel: 15 (SP:  -73), Packet Type: Unknown"
"195","28.011121200","","","BT BR/EDR RF","22","0x0021c4f4","Transport: Any (BR 1Mbps), RF Channel: 15 (SP:  -73), Packet Type: Unknown"
"196","28.277142100","","","BT BR/EDR RF","22","0x0021c4f4","Transport: Any (BR 1Mbps), RF Channel:  2 (SP:  -73), Packet Type: Unknown"
"197","28.352188100","","","BT BR/EDR RF","22","0x0029cfc6","Transport: Any (BR 1Mbps), RF Channel: 66 (SP:  -78), Packet Type: Unknown"
"198","28.383526200","","","BT BR/EDR RF","22","0x0021c4f4","Transport: Any (BR 1Mbps), RF Channel: 19 (SP:  -77), Packet Type: Unknown"
"199","28.759024500","","","BT BR/EDR RF","22","0x0021c4f4","Transport: Any (BR 1Mbps), RF Channel: 70 (SP:  -69), Packet Type: Unknown"
"200","28.759824100","","","BT BR/EDR RF","22","0x0021c4f4","Transport: Any (BR 1Mbps), RF Channel: 70 (SP:  -71), Packet Type: Unknown"
"201","29.023498000","","","BT BR/EDR RF","22","0x0021c4f4","Transport: Any (BR 1Mbps), RF Channel: 57 (SP:  -70), Packet Type: Unknown"
"202","29.291060100","","","BT BR/EDR RF","22","0x0021c4f4","Transport: Any (BR 1Mbps), RF Channel: 12 (SP:  -72), Packet Type: Unknown"
"203","29.569179000","","","BT BR/EDR RF","22","0x0021c4f4","Transport: Any (BR 1Mbps), RF Channel: 78 (SP:  -40, NP:  -55), Packet Type: Unknown"
"204","29.728924200","","","BT BR/EDR RF","22","0x0021c4f4","Transport: Any (BR 1Mbps), RF Channel: 48 (SP:  -75), Packet Type: Unknown"
"205","29.832095500","","","BT BR/EDR RF","22","0x0021c4f4","Transport: Any (BR 1Mbps), RF Channel: 65 (SP:  -73), Packet Type: Unknown"
"206","29.848503500","","","BT BR/EDR RF","22","0x0021c4f4","Transport: Any (BR 1Mbps), RF Channel: 65 (SP:  -73), Packet Type: Unknown"
"207","29.930359000","","","BT BR/EDR RF","22","0x0021c4f4","Transport: Any (BR 1Mbps), RF Channel: 50 (SP:  -73), Packet Type: Unknown"
"208","29.957281500","","","BT BR/EDR RF","22","0x0021c4f4","Transport: Any (BR 1Mbps), RF Channel:  3 (SP:  -72), Packet Type: Unknown"
"209","30.161511900","","","BT BR/EDR RF","22","0x0021c4f4","Transport: Any (BR 1Mbps), RF Channel:  5 (SP:  -77), Packet Type: Unknown"
"210","30.321588300","","","BT BR/EDR RF","22","0x0021c4f4","Transport: Any (BR 1Mbps), RF Channel: 54 (SP:  -73), Packet Type: Unknown"
"211","30.530197900","","","BT BR/EDR RF","22","0x0021c4f4","Transport: Any (BR 1Mbps), RF Channel: 56 (SP:  -74), Packet Type: Unknown"
"212","30.530997300","","","BT BR/EDR RF","22","0x0021c4f4","Transport: Any (BR 1Mbps), RF Channel: 56 (SP:  -72), Packet Type: Unknown"
"213","30.569112200","","","BT BR/EDR RF","22","0x0021c4f4","Transport: Any (BR 1Mbps), RF Channel:  9 (SP:  -80), Packet Type: Unknown"
"214","30.850789600","","","BT BR/EDR RF","22","0x0021c4f4","Transport: Any (BR 1Mbps), RF Channel: 75 (SP:  -72), Packet Type: Unknown"
"215","31.038995500","","","BT BR/EDR RF","22","0x0021c4f4","Transport: Any (BR 1Mbps), RF Channel: 77 (SP:  -35, NP:  -55), Packet Type: Unknown"
"216","31.039795700","","","BT BR/EDR RF","22","0x0021c4f4","Transport: Any (BR 1Mbps), RF Channel: 77 (SP:  -35, NP:  -55), Packet Type: Unknown"
"217","31.243611500","","","BT BR/EDR RF","22","0x0021c4f4","Transport: Any (BR 1Mbps), RF Channel:  0 (SP:  -74), Packet Type: Unknown"
"218","31.331083100","","","BT BR/EDR RF","22","0x0021c4f4","Transport: Any (BR 1Mbps), RF Channel: 64 (SP:  -66), Packet Type: Unknown"
"219","31.397736200","","","BT BR/EDR RF","22","0x0021c4f4","Transport: Any (BR 1Mbps), RF Channel: 49 (SP:  -77), Packet Type: Unknown"
"220","31.601612000","","","BT BR/EDR RF","22","0x0021c4f4","Transport: Any (BR 1Mbps), RF Channel: 51 (SP:  -75), Packet Type: Unknown"
"221","31.760897000","","","BT BR/EDR RF","22","0x0021c4f4","Transport: Any (BR 1Mbps), RF Channel: 21 (SP:  -75), Packet Type: Unknown"
"222","31.849542000","","","BT BR/EDR RF","22","0x0021c4f4","Transport: Any (BR 1Mbps), RF Channel:  6 (SP:  -39, NP:  -55), Packet Type: Unknown"
"223","31.922176100","","","BT BR/EDR RF","22","0x0021c4f4","Transport: Any (BR 1Mbps), RF Channel: 70 (SP:  -75), Packet Type: Unknown"
"224","32.403664700","","","BT BR/EDR RF","22","0x0029cfc6","Transport: Any (BR 1Mbps), RF Channel: 59 (SP:  -74), Packet Type: Unknown"
"225","32.649547000","","","BT BR/EDR RF","22","0x0021c4f4","Transport: Any (BR 1Mbps), RF Channel: 14 (SP:  -76), Packet Type: Unknown"
"226","32.706572700","","","BT BR/EDR RF","22","0x0021c4f4","Transport: Any (BR 1Mbps), RF Channel: 78 (SP:  -75), Packet Type: Unknown"
"227","32.718959100","","","BT BR/EDR RF","22","0x0021c4f4","Transport: Any (BR 1Mbps), RF Channel: 78 (SP:  -73), Packet Type: Unknown"
"228","32.999818100","","","BT BR/EDR RF","22","0x0021c4f4","Transport: Any (BR 1Mbps), RF Channel: 65 (SP:  -72), Packet Type: Unknown"
"229","33.043588100","","","BT BR/EDR RF","22","0x0021c4f4","Transport: Any (BR 1Mbps), RF Channel: 18 (SP:  -77), Packet Type: Unknown"
"230","33.122240600","","","BT BR/EDR RF","22","0x0021c4f4","Transport: Any (BR 1Mbps), RF Channel:  3 (SP:  -74), Packet Type: Unknown"
"231","33.209678100","","","BT BR/EDR RF","22","0x0021c4f4","Transport: Any (BR 1Mbps), RF Channel: 67 (SP:  -74), Packet Type: Unknown"
"232","33.228589500","","","BT BR/EDR RF","22","0x0021c4f4","Transport: Any (BR 1Mbps), RF Channel: 20 (SP:  -76), Packet Type: Unknown"
"233","33.282321300","","","BT BR/EDR RF","22","0x0021c4f4","Transport: Any (BR 1Mbps), RF Channel: 52 (SP:  -70), Packet Type: Unknown"
"234","33.922238400","","","BT BR/EDR RF","22","0x0021c4f4","Transport: Any (BR 1Mbps), RF Channel: 11 (SP:  -73), Packet Type: Unknown"
"235","34.402105900","","","BT BR/EDR RF","22","0x0021c4f4","Transport: Any (BR 1Mbps), RF Channel:  0 (SP:  -60), Packet Type: Unknown"
"236","34.561420200","","","BT BR/EDR RF","22","0x0021c4f4","Transport: Any (BR 1Mbps), RF Channel: 49 (SP:  -73), Packet Type: Unknown"
"237","34.667391700","","","BT BR/EDR RF","22","0x0029cfc6","Transport: Any (BR 1Mbps), RF Channel: 66 (SP:  -66), Packet Type: Unknown"
"238","34.677784600","","","BT BR/EDR RF","22","0x0021c4f4","Transport: Any (BR 1Mbps), RF Channel: 66 (SP:  -78), Packet Type: Unknown"
"239","34.679784500","","","BT BR/EDR RF","22","0x0021c4f4","Transport: Any (BR 1Mbps), RF Channel: 66 (SP:  -74), Packet Type: Unknown"
"240","34.853627200","","","BT BR/EDR RF","22","0x0029cfc6","Transport: Any (BR 1Mbps), RF Channel: 68 (SP:  -67), Packet Type: Unknown"
"241","34.890427200","","","BT BR/EDR RF","22","0x0021c4f4","Transport: Any (BR 1Mbps), RF Channel: 68 (SP:  -72), Packet Type: Unknown"
"242","34.933454500","","","BT BR/EDR RF","22","0x0029cfc6","Transport: Any (BR 1Mbps), RF Channel: 53 (SP:  -71), Packet Type: Unknown"
"243","34.999592200","","","BT BR/EDR RF","22","0x0021c4f4","Transport: Any (BR 1Mbps), RF Channel:  6 (SP:  -76), Packet Type: Unknown"
"244","35.064216500","","","BT BR/EDR RF","22","0x0021c4f4","Transport: Any (BR 1Mbps), RF Channel: 70 (SP:  -72), Packet Type: Unknown"
"245","35.080215900","","","BT BR/EDR RF","22","0x0021c4f4","Transport: Any (BR 1Mbps), RF Channel: 70 (SP:  -71), Packet Type: Unknown"
"246","35.159671300","","","BT BR/EDR RF","22","0x0021c4f4","Transport: Any (BR 1Mbps), RF Channel: 55 (SP:  -70), Packet Type: Unknown"
"247","35.201392200","","","BT BR/EDR RF","22","0x0021c4f4","Transport: Any (BR 1Mbps), RF Channel:  8 (SP:  -82), Packet Type: Unknown"
"248","35.481502300","","","BT BR/EDR RF","22","0x0021c4f4","Transport: Any (BR 1Mbps), RF Channel: 74 (SP:  -70), Packet Type: Unknown"
"249","35.603486600","","","BT BR/EDR RF","22","0x0021c4f4","Transport: Any (BR 1Mbps), RF Channel: 12 (SP:  -75), Packet Type: Unknown"
"250","35.770402100","","","BT BR/EDR RF","22","0x0021c4f4","Transport: Any (BR 1Mbps), RF Channel: 61 (SP:  -75), Packet Type: Unknown"
"251","35.770801400","","","BT BR/EDR RF","22","0x0021c4f4","Transport: Any (BR 1Mbps), RF Channel: 61 (SP:  -73), Packet Type: Unknown"
"252","35.802114300","","","BT BR/EDR RF","22","0x0021c4f4","Transport: Any (BR 1Mbps), RF Channel: 14 (SP:  -74), Packet Type: Unknown"
"253","35.961384800","","","BT BR/EDR RF","22","0x0021c4f4","Transport: Any (BR 1Mbps), RF Channel: 63 (SP:  -80), Packet Type: Unknown"
"254","35.962186500","","","BT BR/EDR RF","22","0x0021c4f4","Transport: Any (BR 1Mbps), RF Channel: 63 (SP:  -72), Packet Type: Unknown"
"255","36.159596000","","","BT BR/EDR RF","22","0x0021c4f4","Transport: Any (BR 1Mbps), RF Channel: 65 (SP:  -72), Packet Type: Unknown"
"256","36.363420900","","","BT BR/EDR RF","22","0x0021c4f4","Transport: Any (BR 1Mbps), RF Channel: 67 (SP:  -73), Packet Type: Unknown"
"257","36.441702700","","","BT BR/EDR RF","22","0x0021c4f4","Transport: Any (BR 1Mbps), RF Channel: 52 (SP:  -73), Packet Type: Unknown"
"258","36.618320900","","","BT BR/EDR RF","22","0x0021c4f4","Transport: Any (BR 1Mbps), RF Channel: 54 (SP:  -71), Packet Type: Unknown"
"259","36.642734400","","","BT BR/EDR RF","22","0x0021c4f4","Transport: Any (BR 1Mbps), RF Channel: 54 (SP:  -43, NP:  -55), Packet Type: Unknown"
"260","36.643534100","","","BT BR/EDR RF","22","0x0021c4f4","Transport: Any (BR 1Mbps), RF Channel: 54 (SP:  -44, NP:  -55), Packet Type: Unknown"
"261","36.738291100","","","BT BR/EDR RF","22","0x0021c4f4","Transport: Any (BR 1Mbps), RF Channel: 71 (SP:  -69), Packet Type: Unknown"
"262","37.533507700","","","BT BR/EDR RF","22","0x0021c4f4","Transport: Any (BR 1Mbps), RF Channel:  0 (SP:  -75), Packet Type: Unknown"
"263","37.816049100","","","BT BR/EDR RF","22","0x0029cfc6","Transport: Any (BR 1Mbps), RF Channel: 66 (SP:  -77), Packet Type: Unknown"
"264","38.049107800","","","BT BR/EDR RF","22","0x0021c4f4","Transport: Any (BR 1Mbps), RF Channel: 68 (SP:  -73), Packet Type: Unknown"
"265","38.049508700","","","BT BR/EDR RF","22","0x0021c4f4","Transport: Any (BR 1Mbps), RF Channel: 68 (SP:  -73), Packet Type: Unknown"
"266","38.077227700","","","BT BR/EDR RF","22","0x0021c4f4","Transport: Any (BR 1Mbps), RF Channel: 21 (SP:  -77), Packet Type: Unknown"
"267","38.118962900","","","BT BR/EDR RF","22","0x0021c4f4","Transport: Any (BR 1Mbps), RF Channel: 53 (SP:  -73), Packet Type: Unknown"
"268","38.250935900","","","BT BR/EDR RF","22","0x0021c4f4","Transport: Any (BR 1Mbps), RF Channel: 70 (SP:  -72), Packet Type: Unknown"
"269","38.368924100","","","BT BR/EDR RF","22","0x0021c4f4","Transport: Any (BR 1Mbps), RF Channel:  8 (SP:  -81), Packet Type: Unknown"
"270","38.759767300","","","BT BR/EDR RF","22","0x0021c4f4","Transport: Any (BR 1Mbps), RF Channel: 12 (SP:  -76), Packet Type: Unknown"
"271","38.849617000","","","BT BR/EDR RF","22","0x0021c4f4","Transport: Any (BR 1Mbps), RF Channel: 76 (SP:  -73), Packet Type: Unknown"
"272","39.050217700","","","BT BR/EDR RF","22","0x0021c4f4","Transport: Any (BR 1Mbps), RF Channel: 78 (SP:    0, NP:  -55), Packet Type: Unknown"
"273","39.203515600","","","BT BR/EDR RF","22","0x0021c4f4","Transport: Any (BR 1Mbps), RF Channel: 48 (SP:  -72), Packet Type: Unknown"
"274","39.319103900","","","BT BR/EDR RF","22","0x0021c4f4","Transport: Any (BR 1Mbps), RF Channel: 65 (SP:  -66), Packet Type: Unknown"
"275","39.639717700","","","BT BR/EDR RF","22","0x0021c4f4","Transport: Any (BR 1Mbps), RF Channel:  5 (SP:  -76), Packet Type: Unknown"
"276","39.798997500","","","BT BR/EDR RF","22","0x0021c4f4","Transport: Any (BR 1Mbps), RF Channel: 54 (SP:  -72), Packet Type: Unknown"
"277","39.799797600","","","BT BR/EDR RF","22","0x0021c4f4","Transport: Any (BR 1Mbps), RF Channel: 54 (SP:  -70), Packet Type: Unknown"
"278","39.904169100","","","BT BR/EDR RF","22","0x0021c4f4","Transport: Any (BR 1Mbps), RF Channel: 71 (SP:  -69), Packet Type: Unknown"
"279","40.119161100","","","BT BR/EDR RF","22","0x0021c4f4","Transport: Any (BR 1Mbps), RF Channel: 73 (SP:  -69), Packet Type: Unknown"
"280","40.119561200","","","BT BR/EDR RF","22","0x0021c4f4","Transport: Any (BR 1Mbps), RF Channel: 73 (SP:  -69), Packet Type: Unknown"
"281","40.296598600","","","BT BR/EDR RF","22","0x0021c4f4","Transport: Any (BR 1Mbps), RF Channel: 75 (SP:  -70), Packet Type: Unknown"
"282","40.296998300","","","BT BR/EDR RF","22","0x0021c4f4","Transport: Any (BR 1Mbps), RF Channel: 75 (SP:  -70), Packet Type: Unknown"
"283","40.327805900","","","BT BR/EDR RF","22","0x0021c4f4","Transport: Any (BR 1Mbps), RF Channel: 75 (SP:  -70), Packet Type: Unknown"
"284","40.521611500","","","BT BR/EDR RF","22","0x0021c4f4","Transport: Any (BR 1Mbps), RF Channel: 77 (SP:  -72), Packet Type: Unknown"
"285","40.799708200","","","BT BR/EDR RF","22","0x0021c4f4","Transport: Any (BR 1Mbps), RF Channel: 64 (SP:  -73), Packet Type: Unknown"
"286","40.890376200","","","BT BR/EDR RF","22","0x00223b08","Transport: Any (BR 1Mbps), RF Channel: 49 (SP:  -81), Packet Type: Unknown"
"287","41.066615300","","","BT BR/EDR RF","22","0x00259ef5","Transport: Any (BR 1Mbps), RF Channel: 51 (SP:  -80), Packet Type: Unknown"
"288","41.083411500","","","BT BR/EDR RF","22","0x0021c4f4","Transport: Any (BR 1Mbps), RF Channel: 51 (SP:  -70), Packet Type: Unknown"
"289","41.199404500","","","BT BR/EDR RF","22","0x0090b308","Transport: Any (BR 1Mbps), RF Channel: 68 (SP:  -90), Packet Type: Unknown"
"290","41.330975100","","","BT BR/EDR RF","22","0x0021c4f4","Transport: Any (BR 1Mbps), RF Channel:  6 (SP:  -74), Packet Type: Unknown"
"291","41.395214500","","","BT BR/EDR RF","22","0x00259ef5","Transport: Any (BR 1Mbps), RF Channel: 70 (SP:  -83), Packet Type: Unknown"
"292","41.472648000","","","BT BR/EDR RF","22","0x0021c4f4","Transport: Any (BR 1Mbps), RF Channel: 55 (SP:  -73), Packet Type: Unknown"
"293","41.473448900","","","BT BR/EDR RF","22","0x0021c4f4","Transport: Any (BR 1Mbps), RF Channel: 55 (SP:  -69), Packet Type: Unknown"
"294","41.480248500","","","BT BR/EDR RF","22","0x0021c4f4","Transport: Any (BR 1Mbps), RF Channel: 55 (SP:  -71), Packet Type: Unknown"
"295","41.481046900","","","BT BR/EDR RF","22","0x0021c4f4","Transport: Any (BR 1Mbps), RF Channel: 55 (SP:  -69), Packet Type: Unknown"
"296","41.581413400","","","BT BR/EDR RF","22","0x0021c4f4","Transport: Any (BR 1Mbps), RF Channel: 72 (SP:  -68), Packet Type: Unknown"
"297","41.599016700","","","BT BR/EDR RF","22","0x0021c4f4","Transport: Any (BR 1Mbps), RF Channel: 72 (SP:  -70), Packet Type: Unknown"
"298","41.684856900","","","BT BR/EDR RF","22","0x0029cfc6","Transport: Any (BR 1Mbps), RF Channel: 57 (SP:  -65), Packet Type: Unknown"
"299","41.723369300","","","BT BR/EDR RF","22","0x0021c4f4","Transport: Any (BR 1Mbps), RF Channel: 10 (SP:  -76), Packet Type: Unknown"
"300","41.890250300","","","BT BR/EDR RF","22","0x0021c4f4","Transport: Any (BR 1Mbps), RF Channel: 59 (SP:  -63), Packet Type: Unknown"
"301","41.891049600","","","BT BR/EDR RF","22","0x0021c4f4","Transport: Any (BR 1Mbps), RF Channel: 59 (SP:  -64), Packet Type: Unknown"
"302","41.929578400","","","BT BR/EDR RF","22","0x0021c4f4","Transport: Any (BR 1Mbps), RF Channel: 12 (SP:  -75), Packet Type: Unknown"
"303","41.992626600","","","BT BR/EDR RF","22","0x0021c4f4","Transport: Any (BR 1Mbps), RF Channel: 76 (SP:  -72), Packet Type: Unknown"
"304","41.993424500","","","BT BR/EDR RF","22","0x0021c4f4","Transport: Any (BR 1Mbps), RF Channel: 76 (SP:  -72), Packet Type: Unknown"
"305","42.210426400","","","BT BR/EDR RF","22","0x0021c4f4","Transport: Any (BR 1Mbps), RF Channel: 78 (SP:  -73), Packet Type: Unknown"
"306","42.210824500","","","BT BR/EDR RF","22","0x0021c4f4","Transport: Any (BR 1Mbps), RF Channel: 78 (SP:  -73), Packet Type: Unknown"
"307","42.603293600","","","BT BR/EDR RF","22","0x0021c4f4","Transport: Any (BR 1Mbps), RF Channel:  3 (SP:  -75), Packet Type: Unknown"
"308","42.987272300","","","BT BR/EDR RF","22","0x0029cfc6","Transport: Any (BR 1Mbps), RF Channel:  7 (SP:  -73), Packet Type: Unknown"
"309","43.010867300","","","BT BR/EDR RF","22","0x0021c4f4","Transport: Any (BR 1Mbps), RF Channel:  7 (SP:  -75), Packet Type: Unknown"
"310","43.081518600","","","BT BR/EDR RF","22","0x0021c4f4","Transport: Any (BR 1Mbps), RF Channel: 71 (SP:  -70), Packet Type: Unknown"
"311","43.168592400","","","BT BR/EDR RF","22","0x00223b08","Transport: Any (BR 1Mbps), RF Channel: 56 (SP:  -63), Packet Type: Unknown"
"312","43.201118200","","","BT BR/EDR RF","22","0x00223b08","Transport: Any (BR 1Mbps), RF Channel:  9 (SP:  -77), Packet Type: Unknown"
"313","43.201518100","","","BT BR/EDR RF","22","0x00259ef5","Transport: Any (BR 1Mbps), RF Channel:  9 (SP:  -74), Packet Type: Unknown"
"314","43.344811100","","","BT BR/EDR RF","22","0x0029cfc6","Transport: Any (BR 1Mbps), RF Channel: 58 (SP:  -73), Packet Type: Unknown"
"315","43.609521100","","","BT BR/EDR RF","22","0x0021c4f4","Transport: Any (BR 1Mbps), RF Channel: 13 (SP:  -75), Packet Type: Unknown"
"316","43.802919100","","","BT BR/EDR RF","22","0x0021c4f4","Transport: Any (BR 1Mbps), RF Channel: 15 (SP:  -82), Packet Type: Unknown"
"317","43.803319200","","","BT BR/EDR RF","22","0x0021c4f4","Transport: Any (BR 1Mbps), RF Channel: 15 (SP:  -75), Packet Type: Unknown"
"318","43.942196600","","","BT BR/EDR RF","22","0x0021c4f4","Transport: Any (BR 1Mbps), RF Channel: 64 (SP:  -74), Packet Type: Unknown"
"319","43.965794000","","","BT BR/EDR RF","22","0x0021c4f4","Transport: Any (BR 1Mbps), RF Channel: 64 (SP:  -74), Packet Type: Unknown"
"320","44.073395600","","","BT BR/EDR RF","22","0x0029cfc6","Transport: Any (BR 1Mbps), RF Channel:  2 (SP:  -77), Packet Type: Unknown"
"321","44.221513000","","","BT BR/EDR RF","22","0x00259ef5","Transport: Any (BR 1Mbps), RF Channel: 51 (SP:  -59), Packet Type: Unknown"
"322","44.242711700","","","BT BR/EDR RF","22","0x0021c4f4","Transport: Any (BR 1Mbps), RF Channel: 51 (SP:  -73), Packet Type: Unknown"
"323","44.243511300","","","BT BR/EDR RF","22","0x0021c4f4","Transport: Any (BR 1Mbps), RF Channel: 51 (SP:  -70), Packet Type: Unknown"
"324","44.248705500","","","BT BR/EDR RF","22","0x00223b08","Transport: Any (BR 1Mbps), RF Channel: 51 (SP:  -78), Packet Type: Unknown"
"325","44.343867400","","","BT BR/EDR RF","22","0x0021c4f4","Transport: Any (BR 1Mbps), RF Channel: 68 (SP:  -74), Packet Type: Unknown"
"326","44.361472300","","","BT BR/EDR RF","22","0x0021c4f4","Transport: Any (BR 1Mbps), RF Channel: 68 (SP:  -73), Packet Type: Unknown"
"327","44.362271500","","","BT BR/EDR RF","22","0x0021c4f4","Transport: Any (BR 1Mbps), RF Channel: 68 (SP:  -73), Packet Type: Unknown"
"328","44.399598200","","","BT BR/EDR RF","22","0x0021c4f4","Transport: Any (BR 1Mbps), RF Channel: 21 (SP:  -77), Packet Type: Unknown"
"329","44.638329500","","","BT BR/EDR RF","22","0x0021c4f4","Transport: Any (BR 1Mbps), RF Channel: 55 (SP:  -67), Packet Type: Unknown"
"330","44.757088700","","","BT BR/EDR RF","22","0x0021c4f4","Transport: Any (BR 1Mbps), RF Channel: 72 (SP:  -70), Packet Type: Unknown"
"331","45.270582000","","","BT BR/EDR RF","22","0x00223b08","Transport: Any (BR 1Mbps), RF Channel: 14 (SP:  -68), Packet Type: Unknown"
"332","45.479626200","","","BT BR/EDR RF","22","0x0021c4f4","Transport: Any (BR 1Mbps), RF Channel: 16 (SP:  -74), Packet Type: Unknown"
"333","45.530147200","","","BT BR/EDR RF","22","0x0021c4f4","Transport: Any (BR 1Mbps), RF Channel: 48 (SP:  -76), Packet Type: Unknown"
"334","45.683489300","","","BT BR/EDR RF","22","0x0021c4f4","Transport: Any (BR 1Mbps), RF Channel: 18 (SP:  -76), Packet Type: Unknown"
"335","45.701604300","","","BT BR/EDR RF","22","0x0024f780","Transport: Any (BR 1Mbps), RF Channel: 50 (SP:  -78), Packet Type: Unknown"
"336","45.714807300","","","BT BR/EDR RF","22","0x00223b08","Transport: Any (BR 1Mbps), RF Channel: 50 (SP:  -79), Packet Type: Unknown"
"337","45.715606200","","","BT BR/EDR RF","22","0x00223b08","Transport: Any (BR 1Mbps), RF Channel: 50 (SP:  -67), Packet Type: Unknown"
"338","45.762143300","","","BT BR/EDR RF","22","0x0021c4f4","Transport: Any (BR 1Mbps), RF Channel:  3 (SP:  -75), Packet Type: Unknown"
"339","45.849572000","","","BT BR/EDR RF","22","0x0021c4f4","Transport: Any (BR 1Mbps), RF Channel: 67 (SP:  -75), Packet Type: Unknown"
"340","46.019747900","","","BT BR/EDR RF","22","0x00223b08","Transport: Any (BR 1Mbps), RF Channel: 69 (SP:  -75), Packet Type: Unknown"
"341","46.021747300","","","BT BR/EDR RF","22","0x00223b08","Transport: Any (BR 1Mbps), RF Channel: 69 (SP:  -68), Packet Type: Unknown"
"342","46.168540600","","","BT BR/EDR RF","22","0x00223b08","Transport: Any (BR 1Mbps), RF Channel:  7 (SP:  -73), Packet Type: Unknown"
"343","46.450213000","","","BT BR/EDR RF","22","0x0021c4f4","Transport: Any (BR 1Mbps), RF Channel: 73 (SP:  -68), Packet Type: Unknown"
"344","46.451013100","","","BT BR/EDR RF","22","0x0021c4f4","Transport: Any (BR 1Mbps), RF Channel: 73 (SP:  -68), Packet Type: Unknown"
"345","46.721134000","","","BT BR/EDR RF","22","0x0029cfc6","Transport: Any (BR 1Mbps), RF Channel: 60 (SP:  -74), Packet Type: Unknown"
"346","46.766044100","","","BT BR/EDR RF","22","0x00223b08","Transport: Any (BR 1Mbps), RF Channel: 13 (SP:  -72), Packet Type: Unknown"
"347","46.766842500","","","BT BR/EDR RF","22","0x00223b08","Transport: Any (BR 1Mbps), RF Channel: 13 (SP:  -69), Packet Type: Unknown"
"348","47.049684300","","","BT BR/EDR RF","22","0x0021c4f4","Transport: Any (BR 1Mbps), RF Channel:  0 (SP:  -73), Packet Type: Unknown"
"349","47.118325500","","","BT BR/EDR RF","22","0x0021c4f4","Transport: Any (BR 1Mbps), RF Channel: 64 (SP:  -74), Packet Type: Unknown"
"350","47.280012900","","","BT BR/EDR RF","22","0x00223b08","Transport: Any (BR 1Mbps), RF Channel: 34 (SP:  -78), Packet Type: Unknown"
"351","47.281618700","","","BT BR/EDR RF","22","0x00259ef5","Transport: Any (BR 1Mbps), RF Channel: 34 (SP:  -72), Packet Type: Unknown"
"352","47.330137900","","","BT BR/EDR RF","22","0x0021c4f4","Transport: Any (BR 1Mbps), RF Channel: 66 (SP:  -76), Packet Type: Unknown"
"353","47.345872800","","","BT BR/EDR RF","22","0x0021c4f4","Transport: Any (BR 1Mbps), RF Channel: 19 (SP:  -76), Packet Type: Unknown"
"354","47.442110500","","","BT BR/EDR RF","22","0x0021c4f4","Transport: Any (BR 1Mbps), RF Channel:  4 (SP:  -75), Packet Type: Unknown"
"355","47.641521200","","","BT BR/EDR RF","22","0x00259ef5","Transport: Any (BR 1Mbps), RF Channel:  6 (SP:  -72), Packet Type: Unknown"
"356","48.130217200","","","BT BR/EDR RF","22","0x0021c4f4","Transport: Any (BR 1Mbps), RF Channel: 74 (SP:  -71), Packet Type: Unknown"
"357","48.131018800","","","BT BR/EDR RF","22","0x0021c4f4","Transport: Any (BR 1Mbps), RF Channel: 74 (SP:  -71), Packet Type: Unknown"
"358","48.321592500","","","BT BR/EDR RF","22","0x0021c4f4","Transport: Any (BR 1Mbps), RF Channel: 76 (SP:  -69), Packet Type: Unknown"
"359","48.321991500","","","BT BR/EDR RF","22","0x0021c4f4","Transport: Any (BR 1Mbps), RF Channel: 76 (SP:  -69), Packet Type: Unknown"
"360","48.673846600","","","BT BR/EDR RF","22","0x0021c4f4","Transport: Any (BR 1Mbps), RF Channel: 48 (SP:  -78), Packet Type: Unknown"
"361","48.729560400","","","BT BR/EDR RF","22","0x0021c4f4","Transport: Any (BR 1Mbps), RF Channel:  1 (SP:  -72), Packet Type: Unknown"
"362","48.750486900","","","BT BR/EDR RF","22","0x00259ef5","Transport: Any (BR 1Mbps), RF Channel: 33 (SP:  -73), Packet Type: Unknown"
"363","48.919759900","","","BT BR/EDR RF","22","0x0021c4f4","Transport: Any (BR 1Mbps), RF Channel:  3 (SP:  -72), Packet Type: Unknown"
"364","49.054689600","","","BT BR/EDR RF","22","0x0021c4f4","Transport: Any (BR 1Mbps), RF Channel: 52 (SP:  -70), Packet Type: Unknown"
"365","49.123220200","","","BT BR/EDR RF","22","0x0021c4f4","Transport: Any (BR 1Mbps), RF Channel:  5 (SP:  -73), Packet Type: Unknown"
"366","49.276144900","","","BT BR/EDR RF","22","0x00223b08","Transport: Any (BR 1Mbps), RF Channel: 54 (SP:  -79), Packet Type: Unknown"
"367","49.278146100","","","BT BR/EDR RF","22","0x00223b08","Transport: Any (BR 1Mbps), RF Channel: 54 (SP:  -73), Packet Type: Unknown"
"368","49.398910400","","","BT BR/EDR RF","22","0x0021c4f4","Transport: Any (BR 1Mbps), RF Channel: 71 (SP:  -70), Packet Type: Unknown"
"369","49.481178900","","","BT BR/EDR RF","22","0x00223b08","Transport: Any (BR 1Mbps), RF Channel: 56 (SP:  -80), Packet Type: Unknown"
"370","49.482778600","","","BT BR/EDR RF","22","0x00259ef5","Transport: Any (BR 1Mbps), RF Channel: 56 (SP:  -79), Packet Type: Unknown"
"371","49.681421100","","","BT BR/EDR RF","22","0x0021c4f4","Transport: Any (BR 1Mbps), RF Channel: 58 (SP:  -76), Packet Type: Unknown"
"372","49.682222100","","","BT BR/EDR RF","22","0x0021c4f4","Transport: Any (BR 1Mbps), RF Channel: 58 (SP:  -72), Packet Type: Unknown"
"373","49.810217600","","","BT BR/EDR RF","22","0x0021c4f4","Transport: Any (BR 1Mbps), RF Channel: 75 (SP:  -70), Packet Type: Unknown"
"374","49.949084000","","","BT BR/EDR RF","22","0x00259ef5","Transport: Any (BR 1Mbps), RF Channel: 45 (SP:  -75), Packet Type: Unknown"
"375","49.962286900","","","BT BR/EDR RF","22","0x0029cfc6","Transport: Any (BR 1Mbps), RF Channel: 45 (SP:  -71), Packet Type: Unknown"
"376","49.982809500","","","BT BR/EDR RF","22","0x0021c4f4","Transport: Any (BR 1Mbps), RF Channel: 77 (SP:  -73), Packet Type: Unknown"
"377","50.001622300","","","BT BR/EDR RF","22","0x0021c4f4","Transport: Any (BR 1Mbps), RF Channel: 77 (SP:  -73), Packet Type: Unknown"
"378","50.279662300","","","BT BR/EDR RF","22","0x0021c4f4","Transport: Any (BR 1Mbps), RF Channel: 64 (SP:  -74), Packet Type: Unknown"
"379","50.546182500","","","BT BR/EDR RF","22","0x00223b08","Transport: Any (BR 1Mbps), RF Channel: 51 (SP:  -81), Packet Type: Unknown"
"380","50.546583100","","","BT BR/EDR RF","22","0x00223b08","Transport: Any (BR 1Mbps), RF Channel: 51 (SP:  -78), Packet Type: Unknown"
"381","50.682948700","","","BT BR/EDR RF","22","0x00259ef5","Transport: Any (BR 1Mbps), RF Channel: 68 (SP:  -64), Packet Type: Unknown"
"382","50.810126400","","","BT BR/EDR RF","22","0x0021c4f4","Transport: Any (BR 1Mbps), RF Channel:  6 (SP:  -77), Packet Type: Unknown"
"383","51.003170000","","","BT BR/EDR RF","22","0x0021c4f4","Transport: Any (BR 1Mbps), RF Channel:  8 (SP:  -75), Packet Type: Unknown"
"384","51.132858900","","","BT BR/EDR RF","22","0x0021c4f4","Transport: Any (BR 1Mbps), RF Channel: 57 (SP:  -55), Packet Type: Unknown"
"385","51.133257000","","","BT BR/EDR RF","22","0x0021c4f4","Transport: Any (BR 1Mbps), RF Channel: 57 (SP:  -55), Packet Type: Unknown"
"386","51.359086400","","","BT BR/EDR RF","22","0x0021c4f4","Transport: Any (BR 1Mbps), RF Channel: 59 (SP:  -56), Packet Type: Unknown"
"387","51.359485500","","","BT BR/EDR RF","22","0x0021c4f4","Transport: Any (BR 1Mbps), RF Channel: 59 (SP:  -56), Packet Type: Unknown"
"388","51.409604200","","","BT BR/EDR RF","22","0x0021c4f4","Transport: Any (BR 1Mbps), RF Channel: 12 (SP:  -76), Packet Type: Unknown"
"389","51.482621600","","","BT BR/EDR RF","22","0x0021c4f4","Transport: Any (BR 1Mbps), RF Channel: 76 (SP:  -69), Packet Type: Unknown"
"390","51.542855200","","","BT BR/EDR RF","22","0x0021c4f4","Transport: Any (BR 1Mbps), RF Channel: 61 (SP:  -77), Packet Type: Unknown"
"391","51.564871100","","","BT BR/EDR RF","22","0x0029cfc6","Transport: Any (BR 1Mbps), RF Channel: 61 (SP:  -56), Packet Type: Unknown"
"392","51.656449900","","","BT BR/EDR RF","22","0x0021c4f4","Transport: Any (BR 1Mbps), RF Channel: 78 (SP:  -70), Packet Type: Unknown"
"393","51.952073200","","","BT BR/EDR RF","22","0x0021c4f4","Transport: Any (BR 1Mbps), RF Channel: 65 (SP:  -72), Packet Type: Unknown"
"394","51.963278500","","","BT BR/EDR RF","22","0x0021c4f4","Transport: Any (BR 1Mbps), RF Channel: 65 (SP:  -71), Packet Type: Unknown"
"395","52.090873700","","","BT BR/EDR RF","22","0x0021c4f4","Transport: Any (BR 1Mbps), RF Channel:  3 (SP:  -70), Packet Type: Unknown"
"396","52.161524700","","","BT BR/EDR RF","22","0x0021c4f4","Transport: Any (BR 1Mbps), RF Channel: 67 (SP:  -75), Packet Type: Unknown"
"397","52.358907100","","","BT BR/EDR RF","22","0x0021c4f4","Transport: Any (BR 1Mbps), RF Channel: 69 (SP:  -73), Packet Type: Unknown"
"398","52.360105100","","","BT BR/EDR RF","22","0x0021c4f4","Transport: Any (BR 1Mbps), RF Channel: 69 (SP:  -72), Packet Type: Unknown"
"399","52.872057300","","","BT BR/EDR RF","22","0x0021c4f4","Transport: Any (BR 1Mbps), RF Channel: 11 (SP:  -75), Packet Type: Unknown"
"400","53.170094100","","","BT BR/EDR RF","22","0x0021c4f4","Transport: Any (BR 1Mbps), RF Channel: 77 (SP:  -72), Packet Type: Unknown"
"401","53.170893900","","","BT BR/EDR RF","22","0x0021c4f4","Transport: Any (BR 1Mbps), RF Channel: 77 (SP:  -72), Packet Type: Unknown"
"402","53.479535600","","","BT BR/EDR RF","22","0x0021c4f4","Transport: Any (BR 1Mbps), RF Channel: 17 (SP:  -77), Packet Type: Unknown"
"403","53.481935000","","","BT BR/EDR RF","22","0x0021c4f4","Transport: Any (BR 1Mbps), RF Channel: 17 (SP:  -77), Packet Type: Unknown"
"404","53.495279700","","","BT BR/EDR RF","22","0x002ff7a8","Transport: Any (BR 1Mbps), RF Channel: 49 (SP:  -81), Packet Type: Unknown"
"405","53.546213100","","","BT BR/EDR RF","22","0x0029cfc6","Transport: Any (BR 1Mbps), RF Channel:  2 (SP:  -44, NP:  -55), Packet Type: Unknown"
"406","53.570632500","","","BT BR/EDR RF","22","0x002ff7a8","Transport: Any (BR 1Mbps), RF Channel:  2 (SP:  -79), Packet Type: Unknown"
"407","53.589146000","","","BT BR/EDR RF","22","0x002ff7a8","Transport: Any (BR 1Mbps), RF Channel: 34 (SP:    0, NP:  -55), Packet Type: Unknown"
"408","53.609134300","","","BT BR/EDR RF","22","0x002ff7a8","Transport: Any (BR 1Mbps), RF Channel: 34 (SP:    0, NP:  -55), Packet Type: Unknown"
"409","53.760018700","","","BT BR/EDR RF","22","0x002ff7a8","Transport: Any (BR 1Mbps), RF Channel:  4 (SP:  -80), Packet Type: Unknown"
"410","53.829053200","","","BT BR/EDR RF","22","0x002ff7a8","Transport: Any (BR 1Mbps), RF Channel: 68 (SP:    0, NP:  -55), Packet Type: Unknown"
"411","53.839054300","","","BT BR/EDR RF","22","0x002ff7a8","Transport: Any (BR 1Mbps), RF Channel: 68 (SP:    0, NP:  -55), Packet Type: Unknown"
"412","53.849057700","","","BT BR/EDR RF","22","0x002ff7a8","Transport: Any (BR 1Mbps), RF Channel: 68 (SP:    0, NP:  -55), Packet Type: Unknown"
"413","53.867586200","","","BT BR/EDR RF","22","0x002ff7a8","Transport: Any (BR 1Mbps), RF Channel: 21 (SP:  -75), Packet Type: Unknown"
"414","53.887586100","","","BT BR/EDR RF","22","0x002ff7a8","Transport: Any (BR 1Mbps), RF Channel: 21 (SP:  -73), Packet Type: Unknown"
"415","53.921303500","","","BT BR/EDR RF","22","0x0021c4f4","Transport: Any (BR 1Mbps), RF Channel: 53 (SP:  -72), Packet Type: Unknown"
"416","53.997530800","","","BT BR/EDR RF","22","0x00347a8c","Transport: Any (BR 1Mbps), RF Channel: 38 (SP:    0, NP:  -55), Packet Type: Unknown"
"417","54.002725000","","","BT BR/EDR RF","22","0x00347a8c","Transport: Any (BR 1Mbps), RF Channel: 38 (SP:  -72), Packet Type: Unknown"
"418","54.037648000","","","BT BR/EDR RF","22","0x00347a8c","Transport: Any (BR 1Mbps), RF Channel: 70 (SP:    0, NP:  -55), Packet Type: Unknown"
"419","54.077806900","","","BT BR/EDR RF","22","0x00347a8c","Transport: Any (BR 1Mbps), RF Channel: 23 (SP:    0, NP:  -55), Packet Type: Unknown"
"420","54.117545300","","","BT BR/EDR RF","22","0x00347a8c","Transport: Any (BR 1Mbps), RF Channel: 55 (SP:    0, NP:  -55), Packet Type: Unknown"
"421","54.122746500","","","BT BR/EDR RF","22","0x00347a8c","Transport: Any (BR 1Mbps), RF Channel: 55 (SP:  -57), Packet Type: Unknown"
"422","54.140853800","","","BT BR/EDR RF","22","0x00347a8c","Transport: Any (BR 1Mbps), RF Channel:  8 (SP:  -72), Packet Type: Unknown"
"423","54.143253400","","","BT BR/EDR RF","22","0x00347a8c","Transport: Any (BR 1Mbps), RF Channel:  8 (SP:  -71), Packet Type: Unknown"
"424","54.160867800","","","BT BR/EDR RF","22","0x00347a8c","Transport: Any (BR 1Mbps), RF Channel:  8 (SP:    0, NP:  -55), Packet Type: Unknown"
"425","54.197775900","","","BT BR/EDR RF","22","0x00347a8c","Transport: Any (BR 1Mbps), RF Channel: 40 (SP:    0, NP:  -55), Packet Type: Unknown"
"426","54.250303600","","","BT BR/EDR RF","22","0x0021c4f4","Transport: Any (BR 1Mbps), RF Channel: 72 (SP:  -72), Packet Type: Unknown"
"427","54.309743900","","","BT BR/EDR RF","22","0x0029cfc6","Transport: Any (BR 1Mbps), RF Channel: 57 (SP:  -72), Packet Type: Unknown"
"428","54.421306400","","","BT BR/EDR RF","22","0x0021c4f4","Transport: Any (BR 1Mbps), RF Channel: 74 (SP:  -70), Packet Type: Unknown"
"429","54.445305600","","","BT BR/EDR RF","22","0x0021c4f4","Transport: Any (BR 1Mbps), RF Channel: 74 (SP:  -70), Packet Type: Unknown"
"430","54.460630600","","","BT BR/EDR RF","22","0x002ff7a8","Transport: Any (BR 1Mbps), RF Channel: 27 (SP:  -49, NP:  -55), Packet Type: Unknown"
"431","54.500746400","","","BT BR/EDR RF","22","0x002ff7a8","Transport: Any (BR 1Mbps), RF Channel: 59 (SP:  -70), Packet Type: Unknown"
"432","54.545676100","","","BT BR/EDR RF","22","0x002ff7a8","Transport: Any (BR 1Mbps), RF Channel: 12 (SP:    0, NP:  -55), Packet Type: Unknown"
"433","54.549678100","","","BT BR/EDR RF","22","0x0021c4f4","Transport: Any (BR 1Mbps), RF Channel: 12 (SP:    0, NP:  -55), Packet Type: Unknown"
"434","54.588202200","","","BT BR/EDR RF","22","0x002ff7a8","Transport: Any (BR 1Mbps), RF Channel: 44 (SP:    0, NP:  -55), Packet Type: Unknown"
"435","54.680036500","","","BT BR/EDR RF","22","0x002ff7a8","Transport: Any (BR 1Mbps), RF Channel: 29 (SP:  -70), Packet Type: Unknown"
"436","54.799994900","","","BT BR/EDR RF","22","0x002ff7a8","Transport: Any (BR 1Mbps), RF Channel: 46 (SP:  -70), Packet Type: Unknown"
"437","54.838937500","","","BT BR/EDR RF","22","0x0021c4f4","Transport: Any (BR 1Mbps), RF Channel: 78 (SP:  -73), Packet Type: Unknown"
"438","54.999045300","","","BT BR/EDR RF","22","0x0021c4f4","Transport: Any (BR 1Mbps), RF Channel: 48 (SP:  -76), Packet Type: Unknown"
"439","54.999444900","","","BT BR/EDR RF","22","0x0021c4f4","Transport: Any (BR 1Mbps), RF Channel: 48 (SP:  -72), Packet Type: Unknown"
"440","55.124975900","","","BT BR/EDR RF","22","0x002ff7a8","Transport: Any (BR 1Mbps), RF Channel: 65 (SP:    0, NP:  -55), Packet Type: Unknown"
"441","55.139494000","","","BT BR/EDR RF","22","0x002ff7a8","Transport: Any (BR 1Mbps), RF Channel: 18 (SP:  -77), Packet Type: Unknown"
"442","55.147489200","","","BT BR/EDR RF","22","0x002ff7a8","Transport: Any (BR 1Mbps), RF Channel: 18 (SP:  -71), Packet Type: Unknown"
"443","55.159486800","","","BT BR/EDR RF","22","0x0021c4f4","Transport: Any (BR 1Mbps), RF Channel: 18 (SP:  -78), Packet Type: Unknown"
"444","55.319605700","","","BT BR/EDR RF","22","0x0021c4f4","Transport: Any (BR 1Mbps), RF Channel: 67 (SP:  -73), Packet Type: Unknown"
"445","55.518630300","","","BT BR/EDR RF","22","0x0029cfc6","Transport: Any (BR 1Mbps), RF Channel: 69 (SP:  -82), Packet Type: Unknown"
"446","55.576914900","","","BT BR/EDR RF","22","0x0021c4f4","Transport: Any (BR 1Mbps), RF Channel: 54 (SP:  -72), Packet Type: Unknown"
"447","55.778739300","","","BT BR/EDR RF","22","0x002ff7a8","Transport: Any (BR 1Mbps), RF Channel: 56 (SP:    0, NP:  -55), Packet Type: Unknown"
"448","55.856995200","","","BT BR/EDR RF","22","0x002ff7a8","Transport: Any (BR 1Mbps), RF Channel: 41 (SP:  -76), Packet Type: Unknown"
"449","55.922716700","","","BT BR/EDR RF","22","0x0021c4f4","Transport: Any (BR 1Mbps), RF Channel: 73 (SP:  -76), Packet Type: Unknown"
"450","56.072003800","","","BT BR/EDR RF","22","0x002ff7a8","Transport: Any (BR 1Mbps), RF Channel: 43 (SP:  -71), Packet Type: Unknown"
"451","56.077600100","","","BT BR/EDR RF","22","0x002ff7a8","Transport: Any (BR 1Mbps), RF Channel: 43 (SP:    0, NP:  -55), Packet Type: Unknown"
"452","56.130100700","","","BT BR/EDR RF","22","0x0021c4f4","Transport: Any (BR 1Mbps), RF Channel: 75 (SP:  -70), Packet Type: Unknown"
"453","56.130898600","","","BT BR/EDR RF","22","0x0021c4f4","Transport: Any (BR 1Mbps), RF Channel: 75 (SP:  -70), Packet Type: Unknown"
"454","56.161836500","","","BT BR/EDR RF","22","0x002ff7a8","Transport: Any (BR 1Mbps), RF Channel: 28 (SP:  -72), Packet Type: Unknown"
"455","56.241301200","","","BT BR/EDR RF","22","0x002ff7a8","Transport: Any (BR 1Mbps), RF Channel: 13 (SP:  -71), Packet Type: Unknown"
"456","56.392556300","","","BT BR/EDR RF","22","0x002ff7a8","Transport: Any (BR 1Mbps), RF Channel: 62 (SP:  -70), Packet Type: Unknown"
"457","56.565020900","","","BT BR/EDR RF","22","0x002ff7a8","Transport: Any (BR 1Mbps), RF Channel: 32 (SP:    0, NP:  -55), Packet Type: Unknown"
"458","56.567020000","","","BT BR/EDR RF","22","0x002ff7a8","Transport: Any (BR 1Mbps), RF Channel: 32 (SP:    0, NP:  -55), Packet Type: Unknown"
"459","56.639683100","","","BT BR/EDR RF","22","0x0021c4f4","Transport: Any (BR 1Mbps), RF Channel: 17 (SP:  -81), Packet Type: Unknown"
"460","57.002787200","","","BT BR/EDR RF","22","0x0021c4f4","Transport: Any (BR 1Mbps), RF Channel: 68 (SP:  -73), Packet Type: Unknown"
"461","57.117566000","","","BT BR/EDR RF","22","0x002ff7a8","Transport: Any (BR 1Mbps), RF Channel:  6 (SP:    0, NP:  -55), Packet Type: Unknown"
"462","57.177806400","","","BT BR/EDR RF","22","0x0021c4f4","Transport: Any (BR 1Mbps), RF Channel: 70 (SP:  -72), Packet Type: Unknown"
"463","57.202614100","","","BT BR/EDR RF","22","0x0021c4f4","Transport: Any (BR 1Mbps), RF Channel: 70 (SP:  -64), Packet Type: Unknown"
"464","57.203413500","","","BT BR/EDR RF","22","0x0021c4f4","Transport: Any (BR 1Mbps), RF Channel: 70 (SP:  -64), Packet Type: Unknown"
"465","57.281276600","","","BT BR/EDR RF","22","0x0021c4f4","Transport: Any (BR 1Mbps), RF Channel: 55 (SP:  -74), Packet Type: Unknown"
"466","57.306209400","","","BT BR/EDR RF","22","0x002ff7a8","Transport: Any (BR 1Mbps), RF Channel:  8 (SP:    0, NP:  -55), Packet Type: Unknown"
"467","57.456696000","","","BT BR/EDR RF","22","0x002ff7a8","Transport: Any (BR 1Mbps), RF Channel: 57 (SP:  -72), Packet Type: Unknown"
"468","57.457496100","","","BT BR/EDR RF","22","0x002ff7a8","Transport: Any (BR 1Mbps), RF Channel: 57 (SP:  -72), Packet Type: Unknown"
"469","57.507637700","","","BT BR/EDR RF","22","0x002ff7a8","Transport: Any (BR 1Mbps), RF Channel: 10 (SP:  -77), Packet Type: Unknown"
"470","57.668102300","","","BT BR/EDR RF","22","0x002ff7a8","Transport: Any (BR 1Mbps), RF Channel: 59 (SP:  -69), Packet Type: Unknown"
"471","57.701025200","","","BT BR/EDR RF","22","0x0029cfc6","Transport: Any (BR 1Mbps), RF Channel: 12 (SP:  -73), Packet Type: Unknown"
"472","58.129487600","","","BT BR/EDR RF","22","0x0021c4f4","Transport: Any (BR 1Mbps), RF Channel: 16 (SP:  -75), Packet Type: Unknown"
"473","58.159193800","","","BT BR/EDR RF","22","0x002ff7a8","Transport: Any (BR 1Mbps), RF Channel: 48 (SP:  -62), Packet Type: Unknown"
"474","58.186913600","","","BT BR/EDR RF","22","0x002ff7a8","Transport: Any (BR 1Mbps), RF Channel:  1 (SP:  -47, NP:  -55), Packet Type: Unknown"
"475","58.283156000","","","BT BR/EDR RF","22","0x0021c4f4","Transport: Any (BR 1Mbps), RF Channel: 65 (SP:  -73), Packet Type: Unknown"
"476","58.352623500","","","BT BR/EDR RF","22","0x0021c4f4","Transport: Any (BR 1Mbps), RF Channel: 50 (SP:  -54, NP:  -55), Packet Type: Unknown"
"477","58.353421900","","","BT BR/EDR RF","22","0x0021c4f4","Transport: Any (BR 1Mbps), RF Channel: 50 (SP:  -54, NP:  -55), Packet Type: Unknown"
"478","58.409528700","","","BT BR/EDR RF","22","0x0021c4f4","Transport: Any (BR 1Mbps), RF Channel:  3 (SP:  -75), Packet Type: Unknown"
"479","58.452577300","","","BT BR/EDR RF","22","0x0021c4f4","Transport: Any (BR 1Mbps), RF Channel: 67 (SP:  -79), Packet Type: Unknown"
"480","58.569649700","","","BT BR/EDR RF","22","0x0021c4f4","Transport: Any (BR 1Mbps), RF Channel: 52 (SP:  -64), Packet Type: Unknown"
"481","58.599378900","","","BT BR/EDR RF","22","0x0021c4f4","Transport: Any (BR 1Mbps), RF Channel:  5 (SP:  -77), Packet Type: Unknown"
"482","58.630683700","","","BT BR/EDR RF","22","0x002ff7a8","Transport: Any (BR 1Mbps), RF Channel: 37 (SP:  -73), Packet Type: Unknown"
"483","58.882617600","","","BT BR/EDR RF","22","0x0021c4f4","Transport: Any (BR 1Mbps), RF Channel: 71 (SP:  -72), Packet Type: Unknown"
"484","58.964844900","","","BT BR/EDR RF","22","0x0029cfc6","Transport: Any (BR 1Mbps), RF Channel: 56 (SP:  -45, NP:  -55), Packet Type: Unknown"
"485","59.162652300","","","BT BR/EDR RF","22","0x0021c4f4","Transport: Any (BR 1Mbps), RF Channel: 58 (SP:  -73), Packet Type: Unknown"
"486","59.163454900","","","BT BR/EDR RF","22","0x0021c4f4","Transport: Any (BR 1Mbps), RF Channel: 58 (SP:  -72), Packet Type: Unknown"
"487","59.285061000","","","BT BR/EDR RF","22","0x0021c4f4","Transport: Any (BR 1Mbps), RF Channel: 75 (SP:  -65), Packet Type: Unknown"
"488","59.285860000","","","BT BR/EDR RF","22","0x0021c4f4","Transport: Any (BR 1Mbps), RF Channel: 75 (SP:  -65), Packet Type: Unknown"
"489","59.290257300","","","BT BR/EDR RF","22","0x0021c4f4","Transport: Any (BR 1Mbps), RF Channel: 75 (SP:  -69), Packet Type: Unknown"
"490","59.290656800","","","BT BR/EDR RF","22","0x0021c4f4","Transport: Any (BR 1Mbps), RF Channel: 75 (SP:  -69), Packet Type: Unknown"
"491","59.682184800","","","BT BR/EDR RF","22","0x0021c4f4","Transport: Any (BR 1Mbps), RF Channel:  0 (SP:  -75), Packet Type: Unknown"
"492","59.783310200","","","BT BR/EDR RF","22","0x0021c4f4","Transport: Any (BR 1Mbps), RF Channel: 17 (SP:  -74), Packet Type: Unknown"
"493","59.841408600","","","BT BR/EDR RF","22","0x0021c4f4","Transport: Any (BR 1Mbps), RF Channel: 49 (SP:  -77), Packet Type: Unknown"
"494","59.919242700","","","BT BR/EDR RF","22","0x002ff7a8","Transport: Any (BR 1Mbps), RF Channel: 34 (SP:  -76), Packet Type: Unknown"
"495","59.959363000","","","BT BR/EDR RF","22","0x0021c4f4","Transport: Any (BR 1Mbps), RF Channel: 66 (SP:  -64), Packet Type: Unknown"
"496","60.073368600","","","BT BR/EDR RF","22","0x0021c4f4","Transport: Any (BR 1Mbps), RF Channel:  4 (SP:  -75), Packet Type: Unknown"
"497","60.279582500","","","BT BR/EDR RF","22","0x0021c4f4","Transport: Any (BR 1Mbps), RF Channel:  6 (SP:  -74), Packet Type: Unknown"
"498","60.283985400","","","BT BR/EDR RF","22","0x0021c4f4","Transport: Any (BR 1Mbps), RF Channel:  6 (SP:  -81), Packet Type: Unknown"
"499","60.284384800","","","BT BR/EDR RF","22","0x0021c4f4","Transport: Any (BR 1Mbps), RF Channel:  6 (SP:  -75), Packet Type: Unknown"
"500","60.490628900","","","BT BR/EDR RF","22","0x0021c4f4","Transport: Any (BR 1Mbps), RF Channel:  8 (SP:  -75), Packet Type: Unknown"
"501","60.643120900","","","BT BR/EDR RF","22","0x0021c4f4","Transport: Any (BR 1Mbps), RF Channel: 57 (SP:  -74), Packet Type: Unknown"
"502","60.689647000","","","BT BR/EDR RF","22","0x0021c4f4","Transport: Any (BR 1Mbps), RF Channel: 10 (SP:  -74), Packet Type: Unknown"
"503","61.083294200","","","BT BR/EDR RF","22","0x0021c4f4","Transport: Any (BR 1Mbps), RF Channel: 14 (SP:  -73), Packet Type: Unknown"
"504","61.161551000","","","BT BR/EDR RF","22","0x0021c4f4","Transport: Any (BR 1Mbps), RF Channel: 78 (SP:  -73), Packet Type: Unknown"
"505","61.279512100","","","BT BR/EDR RF","22","0x0021c4f4","Transport: Any (BR 1Mbps), RF Channel: 16 (SP:  -73), Packet Type: Unknown"
"506","61.563204100","","","BT BR/EDR RF","22","0x0021c4f4","Transport: Any (BR 1Mbps), RF Channel:  3 (SP:  -74), Packet Type: Unknown"
"507","61.722508100","","","BT BR/EDR RF","22","0x0021c4f4","Transport: Any (BR 1Mbps), RF Channel: 52 (SP:  -73), Packet Type: Unknown"
"508","61.723306300","","","BT BR/EDR RF","22","0x0021c4f4","Transport: Any (BR 1Mbps), RF Channel: 52 (SP:  -72), Packet Type: Unknown"
"509","61.917476500","","","BT BR/EDR RF","22","0x002ff7a8","Transport: Any (BR 1Mbps), RF Channel: 54 (SP:    0, NP:  -55), Packet Type: Unknown"
"510","62.251679600","","","BT BR/EDR RF","22","0x002ff7a8","Transport: Any (BR 1Mbps), RF Channel: 73 (SP:  -59), Packet Type: Unknown"
"511","62.329508300","","","BT BR/EDR RF","22","0x0021c4f4","Transport: Any (BR 1Mbps), RF Channel: 58 (SP:  -74), Packet Type: Unknown"
"512","62.442654500","","","BT BR/EDR RF","22","0x0021c4f4","Transport: Any (BR 1Mbps), RF Channel: 75 (SP:  -68), Packet Type: Unknown"
"513","62.521285100","","","BT BR/EDR RF","22","0x0021c4f4","Transport: Any (BR 1Mbps), RF Channel: 60 (SP:  -59), Packet Type: Unknown"
"514","62.626056600","","","BT BR/EDR RF","22","0x002ff7a8","Transport: Any (BR 1Mbps), RF Channel: 77 (SP:    0, NP:  -55), Packet Type: Unknown"
"515","62.701090500","","","BT BR/EDR RF","22","0x002ff7a8","Transport: Any (BR 1Mbps), RF Channel: 62 (SP:  -58), Packet Type: Unknown"
"516","62.713086300","","","BT BR/EDR RF","22","0x002ff7a8","Transport: Any (BR 1Mbps), RF Channel: 62 (SP:  -71), Packet Type: Unknown"
"517","62.718684900","","","BT BR/EDR RF","22","0x002ff7a8","Transport: Any (BR 1Mbps), RF Channel: 62 (SP:    0, NP:  -55), Packet Type: Unknown"
"518","62.719483500","","","BT BR/EDR RF","22","0x0021c4f4","Transport: Any (BR 1Mbps), RF Channel: 62 (SP:    0, NP:  -55), Packet Type: Unknown"
"519","62.930111400","","","BT BR/EDR RF","22","0x0021c4f4","Transport: Any (BR 1Mbps), RF Channel: 64 (SP:  -59), Packet Type: Unknown"
"520","62.930912600","","","BT BR/EDR RF","22","0x0021c4f4","Transport: Any (BR 1Mbps), RF Channel: 64 (SP:  -60), Packet Type: Unknown"
"521","63.199391100","","","BT BR/EDR RF","22","0x0021c4f4","Transport: Any (BR 1Mbps), RF Channel: 51 (SP:  -73), Packet Type: Unknown"
"522","63.202588700","","","BT BR/EDR RF","22","0x0021c4f4","Transport: Any (BR 1Mbps), RF Channel: 51 (SP:  -72), Packet Type: Unknown"
"523","63.203388500","","","BT BR/EDR RF","22","0x0021c4f4","Transport: Any (BR 1Mbps), RF Channel: 51 (SP:  -71), Packet Type: Unknown"
"524","63.359471300","","","BT BR/EDR RF","22","0x0021c4f4","Transport: Any (BR 1Mbps), RF Channel: 21 (SP:  -75), Packet Type: Unknown"
"525","63.919594700","","","BT BR/EDR RF","22","0x0021c4f4","Transport: Any (BR 1Mbps), RF Channel: 74 (SP:  -72), Packet Type: Unknown"
"526","63.972635700","","","BT BR/EDR RF","22","0x0021c4f4","Transport: Any (BR 1Mbps), RF Channel: 59 (SP:  -75), Packet Type: Unknown"
"527","64.488892900","","","BT BR/EDR RF","22","0x0021c4f4","Transport: Any (BR 1Mbps), RF Channel: 48 (SP:  -76), Packet Type: Unknown"
"528","64.509413500","","","BT BR/EDR RF","22","0x0021c4f4","Transport: Any (BR 1Mbps), RF Channel:  1 (SP:  -53, NP:  -55), Packet Type: Unknown"
"529","64.539149200","","","BT BR/EDR RF","22","0x002ff7a8","Transport: Any (BR 1Mbps), RF Channel: 33 (SP:  -30, NP:  -55), Packet Type: Unknown"
"530","64.620593000","","","BT BR/EDR RF","22","0x0021c4f4","Transport: Any (BR 1Mbps), RF Channel: 18 (SP:  -77), Packet Type: Unknown"
"531","64.649398900","","","BT BR/EDR RF","22","0x0021c4f4","Transport: Any (BR 1Mbps), RF Channel: 18 (SP:  -75), Packet Type: Unknown"
"532","64.678739600","","","BT BR/EDR RF","22","0x0021c4f4","Transport: Any (BR 1Mbps), RF Channel: 50 (SP:  -75), Packet Type: Unknown"
"533","64.850060700","","","BT BR/EDR RF","22","0x0021c4f4","Transport: Any (BR 1Mbps), RF Channel: 20 (SP:  -74), Packet Type: Unknown"
"534","64.850862100","","","BT BR/EDR RF","22","0x0021c4f4","Transport: Any (BR 1Mbps), RF Channel: 20 (SP:  -74), Packet Type: Unknown"
"535","64.879373100","","","BT BR/EDR RF","22","0x0021c4f4","Transport: Any (BR 1Mbps), RF Channel: 52 (SP:  -73), Packet Type: Unknown"
"536","65.489985800","","","BT BR/EDR RF","22","0x0021c4f4","Transport: Any (BR 1Mbps), RF Channel: 58 (SP:  -55), Packet Type: Unknown"
"537","65.602754500","","","BT BR/EDR RF","22","0x0021c4f4","Transport: Any (BR 1Mbps), RF Channel: 75 (SP:  -70), Packet Type: Unknown"
"538","66.071393900","","","BT BR/EDR RF","22","0x0021c4f4","Transport: Any (BR 1Mbps), RF Channel: 64 (SP:  -81), Packet Type: Unknown"
"539","66.162471300","","","BT BR/EDR RF","22","0x0021c4f4","Transport: Any (BR 1Mbps), RF Channel: 49 (SP:  -75), Packet Type: Unknown"
"540","66.163272400","","","BT BR/EDR RF","22","0x0021c4f4","Transport: Any (BR 1Mbps), RF Channel: 49 (SP:  -72), Packet Type: Unknown"
"541","66.195806800","","","BT BR/EDR RF","22","0x0021c4f4","Transport: Any (BR 1Mbps), RF Channel:  2 (SP:  -60), Packet Type: Unknown"
"542","66.472642400","","","BT BR/EDR RF","22","0x0021c4f4","Transport: Any (BR 1Mbps), RF Channel: 68 (SP:  -74), Packet Type: Unknown"
"543","66.486249500","","","BT BR/EDR RF","22","0x0021c4f4","Transport: Any (BR 1Mbps), RF Channel: 68 (SP:  -75), Packet Type: Unknown"
"544","66.487046200","","","BT BR/EDR RF","22","0x0021c4f4","Transport: Any (BR 1Mbps), RF Channel: 68 (SP:  -75), Packet Type: Unknown"
"545","67.642140700","","","BT BR/EDR RF","22","0x0021c4f4","Transport: Any (BR 1Mbps), RF Channel: 48 (SP:  -74), Packet Type: Unknown"
"546","67.801883600","","","BT BR/EDR RF","22","0x0021c4f4","Transport: Any (BR 1Mbps), RF Channel: 18 (SP:    0, NP:  -55), Packet Type: Unknown"
"547","67.962012600","","","BT BR/EDR RF","22","0x0021c4f4","Transport: Any (BR 1Mbps), RF Channel: 67 (SP:  -78), Packet Type: Unknown"
"548","67.998918500","","","BT BR/EDR RF","22","0x0021c4f4","Transport: Any (BR 1Mbps), RF Channel: 20 (SP:  -76), Packet Type: Unknown"
"549","68.379345400","","","BT BR/EDR RF","22","0x002ff7a8","Transport: Any (BR 1Mbps), RF Channel: 24 (SP:  -74), Packet Type: Unknown"
"550","68.441467000","","","BT BR/EDR RF","22","0x0021c4f4","Transport: Any (BR 1Mbps), RF Channel: 56 (SP:  -76), Packet Type: Unknown"
"551","68.650104100","","","BT BR/EDR RF","22","0x0021c4f4","Transport: Any (BR 1Mbps), RF Channel: 58 (SP:  -75), Packet Type: Unknown"
"552","68.758853000","","","BT BR/EDR RF","22","0x0021c4f4","Transport: Any (BR 1Mbps), RF Channel: 75 (SP:  -73), Packet Type: Unknown"
"553","68.832694800","","","BT BR/EDR RF","22","0x0021c4f4","Transport: Any (BR 1Mbps), RF Channel: 60 (SP:  -75), Packet Type: Unknown"
"554","69.239506000","","","BT BR/EDR RF","22","0x0021c4f4","Transport: Any (BR 1Mbps), RF Channel: 64 (SP:  -75), Packet Type: Unknown"
"555","69.346282700","","","BT BR/EDR RF","22","0x0021c4f4","Transport: Any (BR 1Mbps), RF Channel:  2 (SP:  -79), Packet Type: Unknown"
"556","69.455048800","","","BT BR/EDR RF","22","0x0021c4f4","Transport: Any (BR 1Mbps), RF Channel: 19 (SP:  -79), Packet Type: Unknown"
"557","69.718974300","","","BT BR/EDR RF","22","0x0021c4f4","Transport: Any (BR 1Mbps), RF Channel: 53 (SP:  -74), Packet Type: Unknown"
"558","69.765885900","","","BT BR/EDR RF","22","0x0021c4f4","Transport: Any (BR 1Mbps), RF Channel:  6 (SP:  -74), Packet Type: Unknown"
"559","70.119007100","","","BT BR/EDR RF","22","0x0021c4f4","Transport: Any (BR 1Mbps), RF Channel: 57 (SP:  -75), Packet Type: Unknown"
"560","70.526222200","","","BT BR/EDR RF","22","0x0021c4f4","Transport: Any (BR 1Mbps), RF Channel: 61 (SP:  -77), Packet Type: Unknown"
"561","70.568735200","","","BT BR/EDR RF","22","0x0021c4f4","Transport: Any (BR 1Mbps), RF Channel: 14 (SP:  -77), Packet Type: Unknown"
"562","70.569534600","","","BT BR/EDR RF","22","0x0021c4f4","Transport: Any (BR 1Mbps), RF Channel: 14 (SP:  -76), Packet Type: Unknown"
"563","70.763722900","","","BT BR/EDR RF","22","0x0021c4f4","Transport: Any (BR 1Mbps), RF Channel: 16 (SP:  -77), Packet Type: Unknown"
"564","70.806231500","","","BT BR/EDR RF","22","0x0021c4f4","Transport: Any (BR 1Mbps), RF Channel: 48 (SP:  -77), Packet Type: Unknown"
"565","70.925815200","","","BT BR/EDR RF","22","0x0021c4f4","Transport: Any (BR 1Mbps), RF Channel: 65 (SP:  -74), Packet Type: Unknown"
"566","71.121259800","","","BT BR/EDR RF","22","0x0021c4f4","Transport: Any (BR 1Mbps), RF Channel: 67 (SP:  -30, NP:  -55), Packet Type: Unknown"
"567","71.323108100","","","BT BR/EDR RF","22","0x0021c4f4","Transport: Any (BR 1Mbps), RF Channel: 69 (SP:  -72), Packet Type: Unknown"
"568","71.409361300","","","BT BR/EDR RF","22","0x0021c4f4","Transport: Any (BR 1Mbps), RF Channel: 54 (SP:  -70), Packet Type: Unknown"
"569","71.601950800","","","BT BR/EDR RF","22","0x0021c4f4","Transport: Any (BR 1Mbps), RF Channel: 56 (SP:  -72), Packet Type: Unknown"
"570","71.703935300","","","BT BR/EDR RF","22","0x0021c4f4","Transport: Any (BR 1Mbps), RF Channel: 73 (SP:  -69), Packet Type: Unknown"
"571","71.704335100","","","BT BR/EDR RF","22","0x0021c4f4","Transport: Any (BR 1Mbps), RF Channel: 73 (SP:  -69), Packet Type: Unknown"
"572","71.999594000","","","BT BR/EDR RF","22","0x0021c4f4","Transport: Any (BR 1Mbps), RF Channel: 60 (SP:  -73), Packet Type: Unknown"
"573","72.049309100","","","BT BR/EDR RF","22","0x0021c4f4","Transport: Any (BR 1Mbps), RF Channel: 13 (SP:  -77), Packet Type: Unknown"
"574","72.229495200","","","BT BR/EDR RF","22","0x0021c4f4","Transport: Any (BR 1Mbps), RF Channel: 15 (SP:  -73), Packet Type: Unknown"
"575","72.426525500","","","BT BR/EDR RF","22","0x0029cfc6","Transport: Any (BR 1Mbps), RF Channel: 17 (SP:  -84), Packet Type: Unknown"
"576","72.443322200","","","BT BR/EDR RF","22","0x0021c4f4","Transport: Any (BR 1Mbps), RF Channel: 17 (SP:  -78), Packet Type: Unknown"
"577","72.461458500","","","BT BR/EDR RF","22","0x0021c4f4","Transport: Any (BR 1Mbps), RF Channel: 49 (SP:  -71), Packet Type: Unknown"
"578","72.461858300","","","BT BR/EDR RF","22","0x0021c4f4","Transport: Any (BR 1Mbps), RF Channel: 49 (SP:  -71), Packet Type: Unknown"
"579","72.650772200","","","BT BR/EDR RF","22","0x0021c4f4","Transport: Any (BR 1Mbps), RF Channel: 19 (SP:  -79), Packet Type: Unknown"
"580","73.088946000","","","BT BR/EDR RF","22","0x0021c4f4","Transport: Any (BR 1Mbps), RF Channel: 55 (SP:  -72), Packet Type: Unknown"
"581","73.089345400","","","BT BR/EDR RF","22","0x0021c4f4","Transport: Any (BR 1Mbps), RF Channel: 55 (SP:  -72), Packet Type: Unknown"
"582","73.273144500","","","BT BR/EDR RF","22","0x0021c4f4","Transport: Any (BR 1Mbps), RF Channel: 57 (SP:  -59), Packet Type: Unknown"
"583","73.286337600","","","BT BR/EDR RF","22","0x0021c4f4","Transport: Any (BR 1Mbps), RF Channel: 57 (SP:  -73), Packet Type: Unknown"
"584","73.658758700","","","BT BR/EDR RF","22","0x0021c4f4","Transport: Any (BR 1Mbps), RF Channel: 61 (SP:  -75), Packet Type: Unknown"
"585","73.690746200","","","BT BR/EDR RF","22","0x0021c4f4","Transport: Any (BR 1Mbps), RF Channel: 61 (SP:  -75), Packet Type: Unknown"
"586","73.959591200","","","BT BR/EDR RF","22","0x0021c4f4","Transport: Any (BR 1Mbps), RF Channel: 48 (SP:  -72), Packet Type: Unknown"
"587","74.071969200","","","BT BR/EDR RF","22","0x0021c4f4","Transport: Any (BR 1Mbps), RF Channel: 65 (SP:  -75), Packet Type: Unknown"
"588","74.081972500","","","BT BR/EDR RF","22","0x0021c4f4","Transport: Any (BR 1Mbps), RF Channel: 65 (SP:  -76), Packet Type: Unknown"
"589","74.179559300","","","BT BR/EDR RF","22","0x0021c4f4","Transport: Any (BR 1Mbps), RF Channel:  3 (SP:  -72), Packet Type: Unknown"
"590","74.330795000","","","BT BR/EDR RF","22","0x0021c4f4","Transport: Any (BR 1Mbps), RF Channel: 20 (SP:  -74), Packet Type: Unknown"
"591","74.408657200","","","BT BR/EDR RF","22","0x0021c4f4","Transport: Any (BR 1Mbps), RF Channel:  5 (SP:  -77), Packet Type: Unknown"
"592","74.569538500","","","BT BR/EDR RF","22","0x0021c4f4","Transport: Any (BR 1Mbps), RF Channel: 54 (SP:  -72), Packet Type: Unknown"
"593","74.588049400","","","BT BR/EDR RF","22","0x0021c4f4","Transport: Any (BR 1Mbps), RF Channel:  7 (SP:  -73), Packet Type: Unknown"
"594","74.881332100","","","BT BR/EDR RF","22","0x0021c4f4","Transport: Any (BR 1Mbps), RF Channel: 73 (SP:  -69), Packet Type: Unknown"
"595","74.963183800","","","BT BR/EDR RF","22","0x0021c4f4","Transport: Any (BR 1Mbps), RF Channel: 58 (SP:  -65), Packet Type: Unknown"
"596","75.361221000","","","BT BR/EDR RF","22","0x0021c4f4","Transport: Any (BR 1Mbps), RF Channel: 62 (SP:  -64), Packet Type: Unknown"
"597","75.409349900","","","BT BR/EDR RF","22","0x0021c4f4","Transport: Any (BR 1Mbps), RF Channel: 15 (SP:  -72), Packet Type: Unknown"
"598","75.478773300","","","BT BR/EDR RF","22","0x0021c4f4","Transport: Any (BR 1Mbps), RF Channel:  0 (SP:  -81), Packet Type: Unknown"
"599","75.611906900","","","BT BR/EDR RF","22","0x0021c4f4","Transport: Any (BR 1Mbps), RF Channel: 17 (SP:  -75), Packet Type: Unknown"
"600","75.638844700","","","BT BR/EDR RF","22","0x0021c4f4","Transport: Any (BR 1Mbps), RF Channel: 49 (SP:  -74), Packet Type: Unknown"
"601","76.148848500","","","BT BR/EDR RF","22","0x0021c4f4","Transport: Any (BR 1Mbps), RF Channel: 70 (SP:  -74), Packet Type: Unknown"
"602","76.248711500","","","BT BR/EDR RF","22","0x0021c4f4","Transport: Any (BR 1Mbps), RF Channel: 55 (SP:  -73), Packet Type: Unknown"
"603","76.258023200","","","BT BR/EDR RF","22","0x0021c4f4","Transport: Any (BR 1Mbps), RF Channel:  8 (SP:  -72), Packet Type: Unknown"
"604","76.441350500","","","BT BR/EDR RF","22","0x0021c4f4","Transport: Any (BR 1Mbps), RF Channel: 57 (SP:  -73), Packet Type: Unknown"
"605","76.570131900","","","BT BR/EDR RF","22","0x0021c4f4","Transport: Any (BR 1Mbps), RF Channel: 74 (SP:  -70), Packet Type: Unknown"
"606","76.761141600","","","BT BR/EDR RF","22","0x0021c4f4","Transport: Any (BR 1Mbps), RF Channel: 76 (SP:    0, NP:  -55), Packet Type: Unknown"
"607","76.761942000","","","BT BR/EDR RF","22","0x0021c4f4","Transport: Any (BR 1Mbps), RF Channel: 76 (SP:    0, NP:  -55), Packet Type: Unknown"
"608","77.561258500","","","BT BR/EDR RF","22","0x0021c4f4","Transport: Any (BR 1Mbps), RF Channel:  5 (SP:  -79), Packet Type: Unknown"
"609","77.562056700","","","BT BR/EDR RF","22","0x0021c4f4","Transport: Any (BR 1Mbps), RF Channel:  5 (SP:  -72), Packet Type: Unknown"
"610","77.694916300","","","BT BR/EDR RF","22","0x0021c4f4","Transport: Any (BR 1Mbps), RF Channel: 54 (SP:  -72), Packet Type: Unknown"
"611","77.728922200","","","BT BR/EDR RF","22","0x0021c4f4","Transport: Any (BR 1Mbps), RF Channel: 54 (SP:  -72), Packet Type: Unknown"
"612","77.729322000","","","BT BR/EDR RF","22","0x0021c4f4","Transport: Any (BR 1Mbps), RF Channel: 54 (SP:  -72), Packet Type: Unknown"
"613","78.048664600","","","BT BR/EDR RF","22","0x0021c4f4","Transport: Any (BR 1Mbps), RF Channel: 73 (SP:  -69), Packet Type: Unknown"
"614","78.097693900","","","BT BR/EDR RF","22","0x0021c4f4","Transport: Any (BR 1Mbps), RF Channel: 58 (SP:  -73), Packet Type: Unknown"
"615","78.098093700","","","BT BR/EDR RF","22","0x0021c4f4","Transport: Any (BR 1Mbps), RF Channel: 58 (SP:  -73), Packet Type: Unknown"
"616","78.126900000","","","BT BR/EDR RF","22","0x0021c4f4","Transport: Any (BR 1Mbps), RF Channel: 58 (SP:  -61), Packet Type: Unknown"
"617","78.528876400","","","BT BR/EDR RF","22","0x0021c4f4","Transport: Any (BR 1Mbps), RF Channel: 62 (SP:  -66), Packet Type: Unknown"
"618","78.849491400","","","BT BR/EDR RF","22","0x0021c4f4","Transport: Any (BR 1Mbps), RF Channel:  2 (SP:  -74), Packet Type: Unknown"
"619","79.130029600","","","BT BR/EDR RF","22","0x0021c4f4","Transport: Any (BR 1Mbps), RF Channel: 68 (SP:  -78), Packet Type: Unknown"
"620","79.241182000","","","BT BR/EDR RF","22","0x0021c4f4","Transport: Any (BR 1Mbps), RF Channel:  6 (SP:  -75), Packet Type: Unknown"
"621","79.241983700","","","BT BR/EDR RF","22","0x0021c4f4","Transport: Any (BR 1Mbps), RF Channel:  6 (SP:  -74), Packet Type: Unknown"
"622","79.528792500","","","BT BR/EDR RF","22","0x0021c4f4","Transport: Any (BR 1Mbps), RF Channel: 72 (SP:  -71), Packet Type: Unknown"
"623","79.718615100","","","BT BR/EDR RF","22","0x0021c4f4","Transport: Any (BR 1Mbps), RF Channel: 74 (SP:  -69), Packet Type: Unknown"
"624","80.002639800","","","BT BR/EDR RF","22","0x0021c4f4","Transport: Any (BR 1Mbps), RF Channel: 61 (SP:  -76), Packet Type: Unknown"
"625","80.003040100","","","BT BR/EDR RF","22","0x0021c4f4","Transport: Any (BR 1Mbps), RF Channel: 61 (SP:  -73), Packet Type: Unknown"
"626","80.529460400","","","BT BR/EDR RF","22","0x0021c4f4","Transport: Any (BR 1Mbps), RF Channel:  3 (SP:  -74), Packet Type: Unknown"
"627","81.078816400","","","BT BR/EDR RF","22","0x0021c4f4","Transport: Any (BR 1Mbps), RF Channel: 56 (SP:  -74), Packet Type: Unknown"
"628","81.481951900","","","BT BR/EDR RF","22","0x0021c4f4","Transport: Any (BR 1Mbps), RF Channel: 60 (SP:  -74), Packet Type: Unknown"
"629","81.723064400","","","BT BR/EDR RF","22","0x0021c4f4","Transport: Any (BR 1Mbps), RF Channel: 15 (SP:  -72), Packet Type: Unknown"
"630","81.806102700","","","BT BR/EDR RF","22","0x0021c4f4","Transport: Any (BR 1Mbps), RF Channel:  0 (SP:  -72), Packet Type: Unknown"
"631","81.806899900","","","BT BR/EDR RF","22","0x0021c4f4","Transport: Any (BR 1Mbps), RF Channel:  0 (SP:  -72), Packet Type: Unknown"
"632","81.809300700","","","BT BR/EDR RF","22","0x0021c4f4","Transport: Any (BR 1Mbps), RF Channel:  0 (SP:  -72), Packet Type: Unknown"
"633","81.883164300","","","BT BR/EDR RF","22","0x0021c4f4","Transport: Any (BR 1Mbps), RF Channel: 64 (SP:  -72), Packet Type: Unknown"
"634","82.329434500","","","BT BR/EDR RF","22","0x0021c4f4","Transport: Any (BR 1Mbps), RF Channel: 21 (SP:  -76), Packet Type: Unknown"
"635","82.559337900","","","BT BR/EDR RF","22","0x0021c4f4","Transport: Any (BR 1Mbps), RF Channel: 55 (SP:  -73), Packet Type: Unknown"
"636","82.761991500","","","BT BR/EDR RF","22","0x0021c4f4","Transport: Any (BR 1Mbps), RF Channel: 57 (SP:  -72), Packet Type: Unknown"
"637","82.950619100","","","BT BR/EDR RF","22","0x0021c4f4","Transport: Any (BR 1Mbps), RF Channel: 59 (SP:  -65), Packet Type: Unknown"
"638","83.170042100","","","BT BR/EDR RF","22","0x0021c4f4","Transport: Any (BR 1Mbps), RF Channel: 61 (SP:  -76), Packet Type: Unknown"
"639","83.402008200","","","BT BR/EDR RF","22","0x0021c4f4","Transport: Any (BR 1Mbps), RF Channel: 16 (SP:  -72), Packet Type: Unknown"
"640","83.650713000","","","BT BR/EDR RF","22","0x0021c4f4","Transport: Any (BR 1Mbps), RF Channel: 50 (SP:  -71), Packet Type: Unknown"
"641","83.679228700","","","BT BR/EDR RF","22","0x0021c4f4","Transport: Any (BR 1Mbps), RF Channel:  3 (SP:  -73), Packet Type: Unknown"
"642","83.970077200","","","BT BR/EDR RF","22","0x0021c4f4","Transport: Any (BR 1Mbps), RF Channel: 69 (SP:  -75), Packet Type: Unknown"
"643","84.258284800","","","BT BR/EDR RF","22","0x0021c4f4","Transport: Any (BR 1Mbps), RF Channel:  9 (SP:  -74), Packet Type: Unknown"
"644","84.362531500","","","BT BR/EDR RF","22","0x0021c4f4","Transport: Any (BR 1Mbps), RF Channel: 73 (SP:  -54, NP:  -55), Packet Type: Unknown"
"645","84.448777200","","","BT BR/EDR RF","22","0x0021c4f4","Transport: Any (BR 1Mbps), RF Channel: 58 (SP:  -73), Packet Type: Unknown"
"646","84.650570700","","","BT BR/EDR RF","22","0x0021c4f4","Transport: Any (BR 1Mbps), RF Channel: 60 (SP:  -75), Packet Type: Unknown"
"647","85.027397700","","","BT BR/EDR RF","22","0x0021c4f4","Transport: Any (BR 1Mbps), RF Channel: 64 (SP:  -80), Packet Type: Unknown"
"648","85.159361900","","","BT BR/EDR RF","22","0x0021c4f4","Transport: Any (BR 1Mbps), RF Channel:  2 (SP:  -72), Packet Type: Unknown"
"649","85.321835700","","","BT BR/EDR RF","22","0x0021c4f4","Transport: Any (BR 1Mbps), RF Channel: 51 (SP:  -72), Packet Type: Unknown"
"650","85.358777200","","","BT BR/EDR RF","22","0x0021c4f4","Transport: Any (BR 1Mbps), RF Channel:  4 (SP:  -79), Packet Type: Unknown"
"651","85.489521700","","","BT BR/EDR RF","22","0x0021c4f4","Transport: Any (BR 1Mbps), RF Channel: 21 (SP:  -75), Packet Type: Unknown"
"652","85.922419100","","","BT BR/EDR RF","22","0x0021c4f4","Transport: Any (BR 1Mbps), RF Channel: 57 (SP:  -67), Packet Type: Unknown"
"653","86.438812900","","","BT BR/EDR RF","22","0x0021c4f4","Transport: Any (BR 1Mbps), RF Channel: 78 (SP:  -70), Packet Type: Unknown"
"654","86.561999500","","","BT BR/EDR RF","22","0x0021c4f4","Transport: Any (BR 1Mbps), RF Channel: 16 (SP:  -72), Packet Type: Unknown"
"655","87.528602900","","","BT BR/EDR RF","22","0x0021c4f4","Transport: Any (BR 1Mbps), RF Channel: 73 (SP:  -70), Packet Type: Unknown"
"656","87.722448000","","","BT BR/EDR RF","22","0x0021c4f4","Transport: Any (BR 1Mbps), RF Channel: 75 (SP:  -74), Packet Type: Unknown"
"657","87.793897100","","","BT BR/EDR RF","22","0x0021c4f4","Transport: Any (BR 1Mbps), RF Channel: 60 (SP:  -74), Packet Type: Unknown"
"658","87.794296100","","","BT BR/EDR RF","22","0x0021c4f4","Transport: Any (BR 1Mbps), RF Channel: 60 (SP:  -74), Packet Type: Unknown"
"659","88.130468900","","","BT BR/EDR RF","22","0x0021c4f4","Transport: Any (BR 1Mbps), RF Channel:  0 (SP:  -75), Packet Type: Unknown"
"660","88.243218500","","","BT BR/EDR RF","22","0x0021c4f4","Transport: Any (BR 1Mbps), RF Channel: 17 (SP:  -72), Packet Type: Unknown"
"661","88.329461100","","","BT BR/EDR RF","22","0x0021c4f4","Transport: Any (BR 1Mbps), RF Channel:  2 (SP:  -73), Packet Type: Unknown"
"662","88.639216200","","","BT BR/EDR RF","22","0x0021c4f4","Transport: Any (BR 1Mbps), RF Channel: 21 (SP:  -76), Packet Type: Unknown"
"663","88.808883500","","","BT BR/EDR RF","22","0x0021c4f4","Transport: Any (BR 1Mbps), RF Channel: 70 (SP:  -73), Packet Type: Unknown"
"664","89.113010100","","","BT BR/EDR RF","22","0x0021c4f4","Transport: Any (BR 1Mbps), RF Channel: 10 (SP:  -74), Packet Type: Unknown"
"665","89.121804800","","","BT BR/EDR RF","22","0x0021c4f4","Transport: Any (BR 1Mbps), RF Channel: 10 (SP:  -73), Packet Type: Unknown"
"666","89.529392100","","","BT BR/EDR RF","22","0x0021c4f4","Transport: Any (BR 1Mbps), RF Channel: 14 (SP:  -71), Packet Type: Unknown"
"667","89.602401600","","","BT BR/EDR RF","22","0x0021c4f4","Transport: Any (BR 1Mbps), RF Channel: 78 (SP:  -70), Packet Type: Unknown"
"668","89.770116800","","","BT BR/EDR RF","22","0x0021c4f4","Transport: Any (BR 1Mbps), RF Channel: 48 (SP:  -77), Packet Type: Unknown"
"669","89.770516600","","","BT BR/EDR RF","22","0x0021c4f4","Transport: Any (BR 1Mbps), RF Channel: 48 (SP:  -73), Packet Type: Unknown"
"670","90.153774900","","","BT BR/EDR RF","22","0x0021c4f4","Transport: Any (BR 1Mbps), RF Channel: 52 (SP:  -73), Packet Type: Unknown"
"671","90.170578900","","","BT BR/EDR RF","22","0x0021c4f4","Transport: Any (BR 1Mbps), RF Channel: 52 (SP:  -72), Packet Type: Unknown"
"672","90.358746100","","","BT BR/EDR RF","22","0x0021c4f4","Transport: Any (BR 1Mbps), RF Channel: 54 (SP:  -72), Packet Type: Unknown"
"673","90.599448700","","","BT BR/EDR RF","22","0x0021c4f4","Transport: Any (BR 1Mbps), RF Channel:  9 (SP:  -76), Packet Type: Unknown"
"674","90.661292700","","","BT BR/EDR RF","22","0x0021c4f4","Transport: Any (BR 1Mbps), RF Channel: 73 (SP:  -70), Packet Type: Unknown"
"675","90.769926600","","","BT BR/EDR RF","22","0x0021c4f4","Transport: Any (BR 1Mbps), RF Channel: 58 (SP:  -73), Packet Type: Unknown"
"676","90.770726000","","","BT BR/EDR RF","22","0x0021c4f4","Transport: Any (BR 1Mbps), RF Channel: 58 (SP:  -72), Packet Type: Unknown"
"677","90.780446500","","","BT BR/EDR RF","22","0x0021c4f4","Transport: Any (BR 1Mbps), RF Channel: 11 (SP:  -76), Packet Type: Unknown"
"678","90.809255700","","","BT BR/EDR RF","22","0x0021c4f4","Transport: Any (BR 1Mbps), RF Channel: 11 (SP:  -75), Packet Type: Unknown"
"679","90.882303900","","","BT BR/EDR RF","22","0x0021c4f4","Transport: Any (BR 1Mbps), RF Channel: 75 (SP:  -70), Packet Type: Unknown"
"680","90.883104100","","","BT BR/EDR RF","22","0x0021c4f4","Transport: Any (BR 1Mbps), RF Channel: 75 (SP:  -70), Packet Type: Unknown"
"681","90.961367100","","","BT BR/EDR RF","22","0x0021c4f4","Transport: Any (BR 1Mbps), RF Channel: 60 (SP:  -75), Packet Type: Unknown"
"682","91.076131600","","","BT BR/EDR RF","22","0x0021c4f4","Transport: Any (BR 1Mbps), RF Channel: 77 (SP:  -52, NP:  -55), Packet Type: Unknown"
"683","91.568863100","","","BT BR/EDR RF","22","0x0021c4f4","Transport: Any (BR 1Mbps), RF Channel: 66 (SP:  -81), Packet Type: Unknown"
"684","91.569262900","","","BT BR/EDR RF","22","0x0021c4f4","Transport: Any (BR 1Mbps), RF Channel: 66 (SP:  -74), Packet Type: Unknown"
"685","91.684408700","","","BT BR/EDR RF","22","0x0021c4f4","Transport: Any (BR 1Mbps), RF Channel:  4 (SP:  -75), Packet Type: Unknown"
"686","91.769871000","","","BT BR/EDR RF","22","0x0021c4f4","Transport: Any (BR 1Mbps), RF Channel: 68 (SP:  -75), Packet Type: Unknown"
"687","91.962921200","","","BT BR/EDR RF","22","0x0021c4f4","Transport: Any (BR 1Mbps), RF Channel: 70 (SP:  -73), Packet Type: Unknown"
"688","92.048769900","","","BT BR/EDR RF","22","0x0021c4f4","Transport: Any (BR 1Mbps), RF Channel: 55 (SP:  -68), Packet Type: Unknown"
"689","92.049170000","","","BT BR/EDR RF","22","0x0021c4f4","Transport: Any (BR 1Mbps), RF Channel: 55 (SP:  -68), Packet Type: Unknown"
"690","92.090484900","","","BT BR/EDR RF","22","0x0021c4f4","Transport: Any (BR 1Mbps), RF Channel:  8 (SP:  -75), Packet Type: Unknown"
"691","92.217379600","","","BT BR/EDR RF","22","0x0021c4f4","Transport: Any (BR 1Mbps), RF Channel: 57 (SP:  -58), Packet Type: Unknown"
"692","92.218178500","","","BT BR/EDR RF","22","0x0021c4f4","Transport: Any (BR 1Mbps), RF Channel: 57 (SP:  -59), Packet Type: Unknown"
"693","92.282308000","","","BT BR/EDR RF","22","0x0021c4f4","Transport: Any (BR 1Mbps), RF Channel: 10 (SP:  -81), Packet Type: Unknown"
"694","92.283109700","","","BT BR/EDR RF","22","0x0021c4f4","Transport: Any (BR 1Mbps), RF Channel: 10 (SP:  -73), Packet Type: Unknown"
"695","92.443233700","","","BT BR/EDR RF","22","0x0021c4f4","Transport: Any (BR 1Mbps), RF Channel: 59 (SP:  -74), Packet Type: Unknown"
"696","92.479364300","","","BT BR/EDR RF","22","0x0021c4f4","Transport: Any (BR 1Mbps), RF Channel: 12 (SP:  -73), Packet Type: Unknown"
"697","92.569207600","","","BT BR/EDR RF","22","0x0021c4f4","Transport: Any (BR 1Mbps), RF Channel: 76 (SP:  -72), Packet Type: Unknown"
"698","92.681972100","","","BT BR/EDR RF","22","0x0021c4f4","Transport: Any (BR 1Mbps), RF Channel: 14 (SP:  -38, NP:  -55), Packet Type: Unknown"
"699","92.850086100","","","BT BR/EDR RF","22","0x0021c4f4","Transport: Any (BR 1Mbps), RF Channel: 63 (SP:  -60), Packet Type: Unknown"
"700","92.923129600","","","BT BR/EDR RF","22","0x0021c4f4","Transport: Any (BR 1Mbps), RF Channel: 48 (SP:  -72), Packet Type: Unknown"
"701","93.162314200","","","BT BR/EDR RF","22","0x0021c4f4","Transport: Any (BR 1Mbps), RF Channel:  3 (SP:  -77), Packet Type: Unknown"
"702","93.163114000","","","BT BR/EDR RF","22","0x0021c4f4","Transport: Any (BR 1Mbps), RF Channel:  3 (SP:  -72), Packet Type: Unknown"
"703","93.319187400","","","BT BR/EDR RF","22","0x0021c4f4","Transport: Any (BR 1Mbps), RF Channel: 52 (SP:  -69), Packet Type: Unknown"
"704","93.370482900","","","BT BR/EDR RF","22","0x0021c4f4","Transport: Any (BR 1Mbps), RF Channel:  5 (SP:  -74), Packet Type: Unknown"
"705","93.436726800","","","BT BR/EDR RF","22","0x0021c4f4","Transport: Any (BR 1Mbps), RF Channel: 69 (SP:  -77), Packet Type: Unknown"
"706","93.838690100","","","BT BR/EDR RF","22","0x0021c4f4","Transport: Any (BR 1Mbps), RF Channel: 73 (SP:  -71), Packet Type: Unknown"
"707","93.949470200","","","BT BR/EDR RF","22","0x0021c4f4","Transport: Any (BR 1Mbps), RF Channel: 11 (SP:  -73), Packet Type: Unknown"
"708","94.129987000","","","BT BR/EDR RF","22","0x0021c4f4","Transport: Any (BR 1Mbps), RF Channel: 60 (SP:  -75), Packet Type: Unknown"
"709","94.439387400","","","BT BR/EDR RF","22","0x0021c4f4","Transport: Any (BR 1Mbps), RF Channel:  0 (SP:  -75), Packet Type: Unknown"
"710","94.529254200","","","BT BR/EDR RF","22","0x0021c4f4","Transport: Any (BR 1Mbps), RF Channel: 64 (SP:  -75), Packet Type: Unknown"
"711","94.570603100","","","BT BR/EDR RF","22","0x0021c4f4","Transport: Any (BR 1Mbps), RF Channel: 17 (SP:  -73), Packet Type: Unknown"
"712","94.801349100","","","BT BR/EDR RF","22","0x0021c4f4","Transport: Any (BR 1Mbps), RF Channel: 51 (SP:  -64), Packet Type: Unknown"
"713","94.999935500","","","BT BR/EDR RF","22","0x0021c4f4","Transport: Any (BR 1Mbps), RF Channel: 53 (SP:  -73), Packet Type: Unknown"
"714","95.210516600","","","BT BR/EDR RF","22","0x0021c4f4","Transport: Any (BR 1Mbps), RF Channel: 55 (SP:  -70), Packet Type: Unknown"
"715","95.241850100","","","BT BR/EDR RF","22","0x0021c4f4","Transport: Any (BR 1Mbps), RF Channel:  8 (SP:  -74), Packet Type: Unknown"
"716","95.329282600","","","BT BR/EDR RF","22","0x0021c4f4","Transport: Any (BR 1Mbps), RF Channel: 72 (SP:  -65), Packet Type: Unknown"
"717","95.373141600","","","BT BR/EDR RF","22","0x0021c4f4","Transport: Any (BR 1Mbps), RF Channel: 57 (SP:  -63), Packet Type: Unknown"
"718","95.398740000","","","BT BR/EDR RF","22","0x0021c4f4","Transport: Any (BR 1Mbps), RF Channel: 57 (SP:  -74), Packet Type: Unknown"
"719","95.778712700","","","BT BR/EDR RF","22","0x0021c4f4","Transport: Any (BR 1Mbps), RF Channel: 61 (SP:  -74), Packet Type: Unknown"
"720","95.799916100","","","BT BR/EDR RF","22","0x0029cfc6","Transport: Any (BR 1Mbps), RF Channel: 61 (SP:  -54, NP:  -55), Packet Type: Unknown"
"721","96.010082000","","","BT BR/EDR RF","22","0x0021c4f4","Transport: Any (BR 1Mbps), RF Channel: 63 (SP:  -80), Packet Type: Unknown"
"722","96.279285200","","","BT BR/EDR RF","22","0x0021c4f4","Transport: Any (BR 1Mbps), RF Channel: 50 (SP:  -69), Packet Type: Unknown"
"723","96.430569000","","","BT BR/EDR RF","22","0x0021c4f4","Transport: Any (BR 1Mbps), RF Channel: 20 (SP:  -77), Packet Type: Unknown"
"724","96.489913000","","","BT BR/EDR RF","22","0x0021c4f4","Transport: Any (BR 1Mbps), RF Channel: 52 (SP:  -77), Packet Type: Unknown"
"725","96.598660900","","","BT BR/EDR RF","22","0x0021c4f4","Transport: Any (BR 1Mbps), RF Channel: 69 (SP:  -75), Packet Type: Unknown"
"726","96.883116500","","","BT BR/EDR RF","22","0x0021c4f4","Transport: Any (BR 1Mbps), RF Channel: 56 (SP:  -72), Packet Type: Unknown"
"727","96.930449300","","","BT BR/EDR RF","22","0x0021c4f4","Transport: Any (BR 1Mbps), RF Channel:  9 (SP:  -75), Packet Type: Unknown"
"728","97.084976200","","","BT BR/EDR RF","22","0x0021c4f4","Transport: Any (BR 1Mbps), RF Channel: 58 (SP:  -65), Packet Type: Unknown"
"729","97.090570100","","","BT BR/EDR RF","22","0x0021c4f4","Transport: Any (BR 1Mbps), RF Channel: 58 (SP:  -73), Packet Type: Unknown"
"730","97.288766500","","","BT BR/EDR RF","22","0x0021c4f4","Transport: Any (BR 1Mbps), RF Channel: 60 (SP:  -70), Packet Type: Unknown"
"731","97.289168000","","","BT BR/EDR RF","22","0x0021c4f4","Transport: Any (BR 1Mbps), RF Channel: 60 (SP:  -70), Packet Type: Unknown"
"732","97.762565800","","","BT BR/EDR RF","22","0x0021c4f4","Transport: Any (BR 1Mbps), RF Channel: 49 (SP:  -61), Packet Type: Unknown"
"733","97.769363600","","","BT BR/EDR RF","22","0x0021c4f4","Transport: Any (BR 1Mbps), RF Channel: 49 (SP:  -72), Packet Type: Unknown"
"734","97.801880100","","","BT BR/EDR RF","22","0x0021c4f4","Transport: Any (BR 1Mbps), RF Channel:  2 (SP:  -75), Packet Type: Unknown"
"735","98.163018000","","","BT BR/EDR RF","22","0x0021c4f4","Transport: Any (BR 1Mbps), RF Channel: 53 (SP:  -70), Packet Type: Unknown"
"736","98.289786300","","","BT BR/EDR RF","22","0x0021c4f4","Transport: Any (BR 1Mbps), RF Channel: 70 (SP:  -77), Packet Type: Unknown"
"737","98.290587300","","","BT BR/EDR RF","22","0x0021c4f4","Transport: Any (BR 1Mbps), RF Channel: 70 (SP:  -75), Packet Type: Unknown"
"738","98.409346400","","","BT BR/EDR RF","22","0x0021c4f4","Transport: Any (BR 1Mbps), RF Channel:  8 (SP:  -75), Packet Type: Unknown"
"739","98.482419300","","","BT BR/EDR RF","22","0x0021c4f4","Transport: Any (BR 1Mbps), RF Channel: 72 (SP:  -71), Packet Type: Unknown"
"740","99.196225800","","","BT BR/EDR RF","22","0x0021c4f4","Transport: Any (BR 1Mbps), RF Channel: 16 (SP:  -82), Packet Type: Unknown"
"741","99.209425000","","","BT BR/EDR RF","22","0x0021c4f4","Transport: Any (BR 1Mbps), RF Channel: 16 (SP:  -73), Packet Type: Unknown"
"742","99.242367900","","","BT BR/EDR RF","22","0x0021c4f4","Transport: Any (BR 1Mbps), RF Channel: 48 (SP:  -78), Packet Type: Unknown"
"743","99.559386400","","","BT BR/EDR RF","22","0x0021c4f4","Transport: Any (BR 1Mbps), RF Channel: 67 (SP:  -73), Packet Type: Unknown"
"744","99.843107800","","","BT BR/EDR RF","22","0x0021c4f4","Transport: Any (BR 1Mbps), RF Channel: 54 (SP:  -70), Packet Type: Unknown"
"745","100.247528100","","","BT BR/EDR RF","22","0x0021c4f4","Transport: Any (BR 1Mbps), RF Channel: 58 (SP:  -62), Packet Type: Unknown"
"746","100.247928900","","","BT BR/EDR RF","22","0x0021c4f4","Transport: Any (BR 1Mbps), RF Channel: 58 (SP:  -63), Packet Type: Unknown"
"747","100.249927500","","","BT BR/EDR RF","22","0x0021c4f4","Transport: Any (BR 1Mbps), RF Channel: 58 (SP:  -72), Packet Type: Unknown"
"748","100.353497500","","","BT BR/EDR RF","22","0x0021c4f4","Transport: Any (BR 1Mbps), RF Channel: 75 (SP:  -71), Packet Type: Unknown"
"749","100.354298100","","","BT BR/EDR RF","22","0x0021c4f4","Transport: Any (BR 1Mbps), RF Channel: 75 (SP:  -71), Packet Type: Unknown"
"750","100.483088500","","","BT BR/EDR RF","22","0x0021c4f4","Transport: Any (BR 1Mbps), RF Channel: 13 (SP:  -74), Packet Type: Unknown"
"751","100.618758100","","","BT BR/EDR RF","22","0x0021c4f4","Transport: Any (BR 1Mbps), RF Channel: 62 (SP:  -76), Packet Type: Unknown"
"752","100.619158300","","","BT BR/EDR RF","22","0x0021c4f4","Transport: Any (BR 1Mbps), RF Channel: 62 (SP:  -72), Packet Type: Unknown"
"753","100.642363100","","","BT BR/EDR RF","22","0x0021c4f4","Transport: Any (BR 1Mbps), RF Channel: 62 (SP:  -46, NP:  -55), Packet Type: Unknown"
"754","100.746765300","","","BT BR/EDR RF","22","0x0021c4f4","Transport: Any (BR 1Mbps), RF Channel:  0 (SP:  -76), Packet Type: Unknown"
"755","100.759173700","","","BT BR/EDR RF","22","0x0021c4f4","Transport: Any (BR 1Mbps), RF Channel:  0 (SP:  -60), Packet Type: Unknown"
"756","100.870391000","","","BT BR/EDR RF","22","0x0021c4f4","Transport: Any (BR 1Mbps), RF Channel: 17 (SP:  -74), Packet Type: Unknown"
"757","100.918535900","","","BT BR/EDR RF","22","0x0021c4f4","Transport: Any (BR 1Mbps), RF Channel: 49 (SP:  -75), Packet Type: Unknown"
"758","100.919338500","","","BT BR/EDR RF","22","0x0021c4f4","Transport: Any (BR 1Mbps), RF Channel: 49 (SP:  -70), Packet Type: Unknown"
"759","100.963095200","","","BT BR/EDR RF","22","0x0021c4f4","Transport: Any (BR 1Mbps), RF Channel:  2 (SP:  -53, NP:  -55), Packet Type: Unknown"
"760","101.078641700","","","BT BR/EDR RF","22","0x0021c4f4","Transport: Any (BR 1Mbps), RF Channel: 19 (SP:  -79), Packet Type: Unknown"
"761","101.142890900","","","BT BR/EDR RF","22","0x0021c4f4","Transport: Any (BR 1Mbps), RF Channel:  4 (SP:  -75), Packet Type: Unknown"
"762","101.290470100","","","BT BR/EDR RF","22","0x0021c4f4","Transport: Any (BR 1Mbps), RF Channel: 21 (SP:  -75), Packet Type: Unknown"
"763","101.450519100","","","BT BR/EDR RF","22","0x0021c4f4","Transport: Any (BR 1Mbps), RF Channel: 70 (SP:  -72), Packet Type: Unknown"
"764","101.559321200","","","BT BR/EDR RF","22","0x0021c4f4","Transport: Any (BR 1Mbps), RF Channel:  8 (SP:  -76), Packet Type: Unknown"
"765","101.719415000","","","BT BR/EDR RF","22","0x0021c4f4","Transport: Any (BR 1Mbps), RF Channel: 57 (SP:  -71), Packet Type: Unknown"
"766","101.763126900","","","BT BR/EDR RF","22","0x0021c4f4","Transport: Any (BR 1Mbps), RF Channel: 10 (SP:  -75), Packet Type: Unknown"
"767","101.926812900","","","BT BR/EDR RF","22","0x0021c4f4","Transport: Any (BR 1Mbps), RF Channel: 59 (SP:  -73), Packet Type: Unknown"
"768","101.970546600","","","BT BR/EDR RF","22","0x0021c4f4","Transport: Any (BR 1Mbps), RF Channel: 12 (SP:  -73), Packet Type: Unknown"
"769","102.121035400","","","BT BR/EDR RF","22","0x0021c4f4","Transport: Any (BR 1Mbps), RF Channel: 61 (SP:  -75), Packet Type: Unknown"
"770","102.164374200","","","BT BR/EDR RF","22","0x0021c4f4","Transport: Any (BR 1Mbps), RF Channel: 14 (SP:  -73), Packet Type: Unknown"
"771","102.362557200","","","BT BR/EDR RF","22","0x0021c4f4","Transport: Any (BR 1Mbps), RF Channel: 16 (SP:  -80), Packet Type: Unknown"
"772","102.362958900","","","BT BR/EDR RF","22","0x0021c4f4","Transport: Any (BR 1Mbps), RF Channel: 16 (SP:  -73), Packet Type: Unknown"
"773","102.398665800","","","BT BR/EDR RF","22","0x0021c4f4","Transport: Any (BR 1Mbps), RF Channel: 48 (SP:  -77), Packet Type: Unknown"
"774","102.459711700","","","BT BR/EDR RF","22","0x002ff7a8","Transport: Any (BR 1Mbps), RF Channel: 33 (SP:  -79), Packet Type: Unknown"
"775","102.523038800","","","BT BR/EDR RF","22","0x0021c4f4","Transport: Any (BR 1Mbps), RF Channel: 65 (SP:  -74), Packet Type: Unknown"
"776","102.606083700","","","BT BR/EDR RF","22","0x0021c4f4","Transport: Any (BR 1Mbps), RF Channel: 50 (SP:  -75), Packet Type: Unknown"
"777","102.606887300","","","BT BR/EDR RF","22","0x0021c4f4","Transport: Any (BR 1Mbps), RF Channel: 50 (SP:  -69), Packet Type: Unknown"
"778","102.807091700","","","BT BR/EDR RF","22","0x0029cfc6","Transport: Any (BR 1Mbps), RF Channel: 52 (SP:  -66), Packet Type: Unknown"
"779","103.002504900","","","BT BR/EDR RF","22","0x0021c4f4","Transport: Any (BR 1Mbps), RF Channel: 54 (SP:  -72), Packet Type: Unknown"
"780","103.039419400","","","BT BR/EDR RF","22","0x0021c4f4","Transport: Any (BR 1Mbps), RF Channel:  7 (SP:  -75), Packet Type: Unknown"
"781","103.229243700","","","BT BR/EDR RF","22","0x0021c4f4","Transport: Any (BR 1Mbps), RF Channel:  9 (SP:  -74), Packet Type: Unknown"
"782","103.250043900","","","BT BR/EDR RF","22","0x0021c4f4","Transport: Any (BR 1Mbps), RF Channel:  9 (SP:  -73), Packet Type: Unknown"
"783","103.518478300","","","BT BR/EDR RF","22","0x0021c4f4","Transport: Any (BR 1Mbps), RF Channel: 75 (SP:  -72), Packet Type: Unknown"
"784","103.641628300","","","BT BR/EDR RF","22","0x0021c4f4","Transport: Any (BR 1Mbps), RF Channel: 13 (SP:  -74), Packet Type: Unknown"
"785","103.801717200","","","BT BR/EDR RF","22","0x0021c4f4","Transport: Any (BR 1Mbps), RF Channel: 62 (SP:  -70), Packet Type: Unknown"
"786","103.929297600","","","BT BR/EDR RF","22","0x0021c4f4","Transport: Any (BR 1Mbps), RF Channel:  0 (SP:  -63), Packet Type: Unknown"
"787","104.121107000","","","BT BR/EDR RF","22","0x0021c4f4","Transport: Any (BR 1Mbps), RF Channel:  2 (SP:  -77), Packet Type: Unknown"
"788","104.121908100","","","BT BR/EDR RF","22","0x0021c4f4","Transport: Any (BR 1Mbps), RF Channel:  2 (SP:  -76), Packet Type: Unknown"
"789","104.281213000","","","BT BR/EDR RF","22","0x0021c4f4","Transport: Any (BR 1Mbps), RF Channel: 51 (SP:  -73), Packet Type: Unknown"
"790","104.878673700","","","BT BR/EDR RF","22","0x0021c4f4","Transport: Any (BR 1Mbps), RF Channel: 57 (SP:  -73), Packet Type: Unknown"
"791","105.008686100","","","BT BR/EDR RF","22","0x0021c4f4","Transport: Any (BR 1Mbps), RF Channel: 74 (SP:  -70), Packet Type: Unknown"
"792","105.081742600","","","BT BR/EDR RF","22","0x0021c4f4","Transport: Any (BR 1Mbps), RF Channel: 59 (SP:  -74), Packet Type: Unknown"
"793","105.208541300","","","BT BR/EDR RF","22","0x0021c4f4","Transport: Any (BR 1Mbps), RF Channel: 76 (SP:  -71), Packet Type: Unknown"
"794","106.158621100","","","BT BR/EDR RF","22","0x0021c4f4","Transport: Any (BR 1Mbps), RF Channel: 54 (SP:  -73), Packet Type: Unknown"
"795","106.288572100","","","BT BR/EDR RF","22","0x0021c4f4","Transport: Any (BR 1Mbps), RF Channel: 71 (SP:  -62), Packet Type: Unknown"
"796","106.402947000","","","BT BR/EDR RF","22","0x0021c4f4","Transport: Any (BR 1Mbps), RF Channel:  9 (SP:  -72), Packet Type: Unknown"
"797","106.557101900","","","BT BR/EDR RF","22","0x0029cfc6","Transport: Any (BR 1Mbps), RF Channel: 58 (SP:  -75), Packet Type: Unknown"
"798","106.961877100","","","BT BR/EDR RF","22","0x0021c4f4","Transport: Any (BR 1Mbps), RF Channel: 62 (SP:  -56), Packet Type: Unknown"
"799","107.209796100","","","BT BR/EDR RF","22","0x0021c4f4","Transport: Any (BR 1Mbps), RF Channel: 17 (SP:  -45, NP:  -55), Packet Type: Unknown"
"800","107.210596700","","","BT BR/EDR RF","22","0x0021c4f4","Transport: Any (BR 1Mbps), RF Channel: 17 (SP:  -46, NP:  -55), Packet Type: Unknown"
"801","107.241125000","","","BT BR/EDR RF","22","0x0021c4f4","Transport: Any (BR 1Mbps), RF Channel: 49 (SP:  -77), Packet Type: Unknown"
"802","107.438558600","","","BT BR/EDR RF","22","0x0029cfc6","Transport: Any (BR 1Mbps), RF Channel: 51 (SP:  -72), Packet Type: Unknown"
"803","107.564910000","","","BT BR/EDR RF","22","0x0021c4f4","Transport: Any (BR 1Mbps), RF Channel: 68 (SP:  -77), Packet Type: Unknown"
"804","107.569308300","","","BT BR/EDR RF","22","0x0021c4f4","Transport: Any (BR 1Mbps), RF Channel: 68 (SP:  -77), Packet Type: Unknown"
"805","107.881872100","","","BT BR/EDR RF","22","0x0021c4f4","Transport: Any (BR 1Mbps), RF Channel:  8 (SP:  -73), Packet Type: Unknown"
"806","108.066884500","","","BT BR/EDR RF","22","0x0021c4f4","Transport: Any (BR 1Mbps), RF Channel: 10 (SP:  -72), Packet Type: Unknown"
"807","108.239383200","","","BT BR/EDR RF","22","0x0021c4f4","Transport: Any (BR 1Mbps), RF Channel: 59 (SP:  -65), Packet Type: Unknown"
"808","108.357313900","","","BT BR/EDR RF","22","0x0021c4f4","Transport: Any (BR 1Mbps), RF Channel: 76 (SP:  -69), Packet Type: Unknown"
"809","108.761710100","","","BT BR/EDR RF","22","0x0021c4f4","Transport: Any (BR 1Mbps), RF Channel:  1 (SP:  -75), Packet Type: Unknown"
"810","108.849182000","","","BT BR/EDR RF","22","0x0021c4f4","Transport: Any (BR 1Mbps), RF Channel: 65 (SP:  -68), Packet Type: Unknown"
"811","109.116084400","","","BT BR/EDR RF","22","0x0021c4f4","Transport: Any (BR 1Mbps), RF Channel: 52 (SP:  -75), Packet Type: Unknown"
"812","109.119283600","","","BT BR/EDR RF","22","0x0021c4f4","Transport: Any (BR 1Mbps), RF Channel: 52 (SP:  -70), Packet Type: Unknown"
"813","109.329915900","","","BT BR/EDR RF","22","0x0021c4f4","Transport: Any (BR 1Mbps), RF Channel: 54 (SP:  -75), Packet Type: Unknown"
"814","109.622503700","","","BT BR/EDR RF","22","0x0021c4f4","Transport: Any (BR 1Mbps), RF Channel: 73 (SP:  -73), Packet Type: Unknown"
"815","109.622905600","","","BT BR/EDR RF","22","0x0021c4f4","Transport: Any (BR 1Mbps), RF Channel: 73 (SP:  -73), Packet Type: Unknown"
"816","109.719143800","","","BT BR/EDR RF","22","0x0021c4f4","Transport: Any (BR 1Mbps), RF Channel: 58 (SP:  -72), Packet Type: Unknown"
"817","109.922942300","","","BT BR/EDR RF","22","0x0021c4f4","Transport: Any (BR 1Mbps), RF Channel: 60 (SP:  -73), Packet Type: Unknown"
"818","110.299365400","","","BT BR/EDR RF","22","0x0021c4f4","Transport: Any (BR 1Mbps), RF Channel: 64 (SP:  -75), Packet Type: Unknown"
"819","110.330584000","","","BT BR/EDR RF","22","0x0021c4f4","Transport: Any (BR 1Mbps), RF Channel: 64 (SP:  -74), Packet Type: Unknown"
"820","110.359122100","","","BT BR/EDR RF","22","0x0021c4f4","Transport: Any (BR 1Mbps), RF Channel: 17 (SP:  -73), Packet Type: Unknown"
"821","110.516016500","","","BT BR/EDR RF","22","0x0029cfc6","Transport: Any (BR 1Mbps), RF Channel: 66 (SP:  -81), Packet Type: Unknown"
"822","110.555369200","","","BT BR/EDR RF","22","0x0021c4f4","Transport: Any (BR 1Mbps), RF Channel: 19 (SP:  -74), Packet Type: Unknown"
"823","110.562964100","","","BT BR/EDR RF","22","0x0021c4f4","Transport: Any (BR 1Mbps), RF Channel: 19 (SP:  -74), Packet Type: Unknown"
"824","110.722255000","","","BT BR/EDR RF","22","0x0021c4f4","Transport: Any (BR 1Mbps), RF Channel: 68 (SP:  -79), Packet Type: Unknown"
"825","110.723055100","","","BT BR/EDR RF","22","0x0021c4f4","Transport: Any (BR 1Mbps), RF Channel: 68 (SP:  -77), Packet Type: Unknown"
"826","110.838638700","","","BT BR/EDR RF","22","0x0021c4f4","Transport: Any (BR 1Mbps), RF Channel:  6 (SP:  -81), Packet Type: Unknown"
"827","111.129921900","","","BT BR/EDR RF","22","0x0021c4f4","Transport: Any (BR 1Mbps), RF Channel: 72 (SP:  -69), Packet Type: Unknown"
"828","111.202971000","","","BT BR/EDR RF","22","0x0021c4f4","Transport: Any (BR 1Mbps), RF Channel: 57 (SP:  -63), Packet Type: Unknown"
"829","111.408415600","","","BT BR/EDR RF","22","0x0021c4f4","Transport: Any (BR 1Mbps), RF Channel: 59 (SP:  -63), Packet Type: Unknown"
"830","111.444139400","","","BT BR/EDR RF","22","0x0021c4f4","Transport: Any (BR 1Mbps), RF Channel: 12 (SP:  -72), Packet Type: Unknown"
"831","111.718579800","","","BT BR/EDR RF","22","0x0021c4f4","Transport: Any (BR 1Mbps), RF Channel: 78 (SP:  -71), Packet Type: Unknown"
"832","111.841748600","","","BT BR/EDR RF","22","0x0021c4f4","Transport: Any (BR 1Mbps), RF Channel: 16 (SP:  -71), Packet Type: Unknown"
"833","111.842948600","","","BT BR/EDR RF","22","0x0021c4f4","Transport: Any (BR 1Mbps), RF Channel: 16 (SP:  -71), Packet Type: Unknown"
"834","111.853466400","","","BT BR/EDR RF","22","0x0021c4f4","Transport: Any (BR 1Mbps), RF Channel: 48 (SP:  -77), Packet Type: Unknown"
"835","111.854266000","","","BT BR/EDR RF","22","0x0021c4f4","Transport: Any (BR 1Mbps), RF Channel: 48 (SP:  -71), Packet Type: Unknown"
"836","112.241804100","","","BT BR/EDR RF","22","0x0021c4f4","Transport: Any (BR 1Mbps), RF Channel: 20 (SP:  -73), Packet Type: Unknown"
"837","112.251802200","","","BT BR/EDR RF","22","0x0021c4f4","Transport: Any (BR 1Mbps), RF Channel: 20 (SP:  -72), Packet Type: Unknown"
"838","112.282313100","","","BT BR/EDR RF","22","0x0021c4f4","Transport: Any (BR 1Mbps), RF Channel: 52 (SP:  -73), Packet Type: Unknown"
"839","112.397886000","","","BT BR/EDR RF","22","0x0021c4f4","Transport: Any (BR 1Mbps), RF Channel: 69 (SP:  -73), Packet Type: Unknown"
"840","112.409883000","","","BT BR/EDR RF","22","0x0021c4f4","Transport: Any (BR 1Mbps), RF Channel: 69 (SP:  -75), Packet Type: Unknown"
"841","112.410282600","","","BT BR/EDR RF","22","0x0021c4f4","Transport: Any (BR 1Mbps), RF Channel: 69 (SP:  -75), Packet Type: Unknown"
"842","112.467329500","","","BT BR/EDR RF","22","0x0029cfc6","Transport: Any (BR 1Mbps), RF Channel: 54 (SP:  -73), Packet Type: Unknown"
"843","112.602460100","","","BT BR/EDR RF","22","0x0021c4f4","Transport: Any (BR 1Mbps), RF Channel: 71 (SP:  -70), Packet Type: Unknown"
"844","112.688708500","","","BT BR/EDR RF","22","0x0021c4f4","Transport: Any (BR 1Mbps), RF Channel: 56 (SP:  -75), Packet Type: Unknown"
"845","112.689107300","","","BT BR/EDR RF","22","0x0021c4f4","Transport: Any (BR 1Mbps), RF Channel: 56 (SP:  -74), Packet Type: Unknown"
"846","112.730430900","","","BT BR/EDR RF","22","0x0021c4f4","Transport: Any (BR 1Mbps), RF Channel:  9 (SP:  -72), Packet Type: Unknown"
"847","112.798661700","","","BT BR/EDR RF","22","0x0021c4f4","Transport: Any (BR 1Mbps), RF Channel: 73 (SP:  -69), Packet Type: Unknown"
"848","112.889333000","","","BT BR/EDR RF","22","0x0021c4f4","Transport: Any (BR 1Mbps), RF Channel: 58 (SP:  -72), Packet Type: Unknown"
"849","112.923046400","","","BT BR/EDR RF","22","0x0021c4f4","Transport: Any (BR 1Mbps), RF Channel: 11 (SP:  -72), Packet Type: Unknown"
"850","113.068313100","","","BT BR/EDR RF","22","0x0029cfc6","Transport: Any (BR 1Mbps), RF Channel: 60 (SP:  -78), Packet Type: Unknown"
"851","113.083112400","","","BT BR/EDR RF","22","0x0021c4f4","Transport: Any (BR 1Mbps), RF Channel: 60 (SP:  -74), Packet Type: Unknown"
"852","113.307833200","","","BT BR/EDR RF","22","0x0021c4f4","Transport: Any (BR 1Mbps), RF Channel: 15 (SP:  -70), Packet Type: Unknown"
"853","113.798619100","","","BT BR/EDR RF","22","0x0021c4f4","Transport: Any (BR 1Mbps), RF Channel:  4 (SP:  -79), Packet Type: Unknown"
"854","113.968719500","","","BT BR/EDR RF","22","0x0021c4f4","Transport: Any (BR 1Mbps), RF Channel: 53 (SP:  -67), Packet Type: Unknown"
"855","114.489101000","","","BT BR/EDR RF","22","0x0021c4f4","Transport: Any (BR 1Mbps), RF Channel: 74 (SP:  -69), Packet Type: Unknown"
"856","114.767958300","","","BT BR/EDR RF","22","0x0021c4f4","Transport: Any (BR 1Mbps), RF Channel: 61 (SP:  -73), Packet Type: Unknown"
"857","114.969772900","","","BT BR/EDR RF","22","0x0021c4f4","Transport: Any (BR 1Mbps), RF Channel: 63 (SP:  -80), Packet Type: Unknown"
"858","115.083001300","","","BT BR/EDR RF","22","0x0021c4f4","Transport: Any (BR 1Mbps), RF Channel:  1 (SP:  -74), Packet Type: Unknown"
"859","115.248666100","","","BT BR/EDR RF","22","0x0021c4f4","Transport: Any (BR 1Mbps), RF Channel: 50 (SP:  -74), Packet Type: Unknown"
"860","115.249065700","","","BT BR/EDR RF","22","0x0021c4f4","Transport: Any (BR 1Mbps), RF Channel: 50 (SP:  -74), Packet Type: Unknown"
"861","115.449275800","","","BT BR/EDR RF","22","0x0021c4f4","Transport: Any (BR 1Mbps), RF Channel: 52 (SP:  -72), Packet Type: Unknown"
"862","115.558426900","","","BT BR/EDR RF","22","0x0021c4f4","Transport: Any (BR 1Mbps), RF Channel: 69 (SP:  -76), Packet Type: Unknown"
"863","115.559226900","","","BT BR/EDR RF","22","0x0021c4f4","Transport: Any (BR 1Mbps), RF Channel: 69 (SP:  -76), Packet Type: Unknown"
"864","115.681609100","","","BT BR/EDR RF","22","0x0021c4f4","Transport: Any (BR 1Mbps), RF Channel:  7 (SP:  -73), Packet Type: Unknown"
"865","115.841672900","","","BT BR/EDR RF","22","0x0021c4f4","Transport: Any (BR 1Mbps), RF Channel: 56 (SP:  -72), Packet Type: Unknown"
"866","116.439122900","","","BT BR/EDR RF","22","0x0021c4f4","Transport: Any (BR 1Mbps), RF Channel: 62 (SP:  -74), Packet Type: Unknown"
"867","116.822782300","","","BT BR/EDR RF","22","0x0021c4f4","Transport: Any (BR 1Mbps), RF Channel: 66 (SP:  -51, NP:  -55), Packet Type: Unknown"
"868","116.961560600","","","BT BR/EDR RF","22","0x0021c4f4","Transport: Any (BR 1Mbps), RF Channel:  4 (SP:  -71), Packet Type: Unknown"
"869","117.079096600","","","BT BR/EDR RF","22","0x0021c4f4","Transport: Any (BR 1Mbps), RF Channel: 21 (SP:  -74), Packet Type: Unknown"
"870","117.093618200","","","BT BR/EDR RF","22","0x0021c4f4","Transport: Any (BR 1Mbps), RF Channel: 53 (SP:  -72), Packet Type: Unknown"
"871","117.235987800","","","BT BR/EDR RF","22","0x0021c4f4","Transport: Any (BR 1Mbps), RF Channel: 70 (SP:  -72), Packet Type: Unknown"
"872","117.236788500","","","BT BR/EDR RF","22","0x0021c4f4","Transport: Any (BR 1Mbps), RF Channel: 70 (SP:  -72), Packet Type: Unknown"
"873","117.239188500","","","BT BR/EDR RF","22","0x0021c4f4","Transport: Any (BR 1Mbps), RF Channel: 70 (SP:  -72), Packet Type: Unknown"
"874","117.356742800","","","BT BR/EDR RF","22","0x0021c4f4","Transport: Any (BR 1Mbps), RF Channel:  8 (SP:  -71), Packet Type: Unknown"
"875","117.362749900","","","BT BR/EDR RF","22","0x0021c4f4","Transport: Any (BR 1Mbps), RF Channel:  8 (SP:  -72), Packet Type: Unknown"
"876","117.561765300","","","BT BR/EDR RF","22","0x0021c4f4","Transport: Any (BR 1Mbps), RF Channel: 10 (SP:  -72), Packet Type: Unknown"
"877","117.721832300","","","BT BR/EDR RF","22","0x0021c4f4","Transport: Any (BR 1Mbps), RF Channel: 59 (SP:  -69), Packet Type: Unknown"
"878","117.849800100","","","BT BR/EDR RF","22","0x0021c4f4","Transport: Any (BR 1Mbps), RF Channel: 76 (SP:  -69), Packet Type: Unknown"
"879","117.918449500","","","BT BR/EDR RF","22","0x0021c4f4","Transport: Any (BR 1Mbps), RF Channel: 61 (SP:  -55), Packet Type: Unknown"
"880","118.152812700","","","BT BR/EDR RF","22","0x0021c4f4","Transport: Any (BR 1Mbps), RF Channel: 16 (SP:  -71), Packet Type: Unknown"
"881","118.201727200","","","BT BR/EDR RF","22","0x0021c4f4","Transport: Any (BR 1Mbps), RF Channel: 48 (SP:  -70), Packet Type: Unknown"
"882","118.329308500","","","BT BR/EDR RF","22","0x0021c4f4","Transport: Any (BR 1Mbps), RF Channel: 65 (SP:  -63), Packet Type: Unknown"
"883","118.570494900","","","BT BR/EDR RF","22","0x0021c4f4","Transport: Any (BR 1Mbps), RF Channel: 20 (SP:  -72), Packet Type: Unknown"
"884","118.642352700","","","BT BR/EDR RF","22","0x0021c4f4","Transport: Any (BR 1Mbps), RF Channel:  5 (SP:  -80), Packet Type: Unknown"
"885","118.729799300","","","BT BR/EDR RF","22","0x0021c4f4","Transport: Any (BR 1Mbps), RF Channel: 69 (SP:  -73), Packet Type: Unknown"
"886","118.918415200","","","BT BR/EDR RF","22","0x0021c4f4","Transport: Any (BR 1Mbps), RF Channel: 71 (SP:  -71), Packet Type: Unknown"
"887","119.193686300","","","BT BR/EDR RF","22","0x0021c4f4","Transport: Any (BR 1Mbps), RF Channel: 58 (SP:  -75), Packet Type: Unknown"
"888","119.194087000","","","BT BR/EDR RF","22","0x0021c4f4","Transport: Any (BR 1Mbps), RF Channel: 58 (SP:  -75), Packet Type: Unknown"
"889","119.722898900","","","BT BR/EDR RF","22","0x0021c4f4","Transport: Any (BR 1Mbps), RF Channel:  0 (SP:  -72), Packet Type: Unknown"
"890","120.322813200","","","BT BR/EDR RF","22","0x0021c4f4","Transport: Any (BR 1Mbps), RF Channel:  6 (SP:  -73), Packet Type: Unknown"
"891","120.409838500","","","BT BR/EDR RF","22","0x0021c4f4","Transport: Any (BR 1Mbps), RF Channel: 70 (SP:  -73), Packet Type: Unknown"
"892","120.911502000","","","BT BR/EDR RF","22","0x0021c4f4","Transport: Any (BR 1Mbps), RF Channel: 12 (SP:  -72), Packet Type: Unknown"
"893","121.130490600","","","BT BR/EDR RF","22","0x0021c4f4","Transport: Any (BR 1Mbps), RF Channel: 14 (SP:  -70), Packet Type: Unknown"
"894","121.559093800","","","BT BR/EDR RF","22","0x0021c4f4","Transport: Any (BR 1Mbps), RF Channel: 50 (SP:  -70), Packet Type: Unknown"
"895","121.667898300","","","BT BR/EDR RF","22","0x0021c4f4","Transport: Any (BR 1Mbps), RF Channel: 67 (SP:  -76), Packet Type: Unknown"
"896","121.760980300","","","BT BR/EDR RF","22","0x0021c4f4","Transport: Any (BR 1Mbps), RF Channel: 52 (SP:  -73), Packet Type: Unknown"
"897","122.084782200","","","BT BR/EDR RF","22","0x0021c4f4","Transport: Any (BR 1Mbps), RF Channel: 71 (SP:  -70), Packet Type: Unknown"
"898","122.199172100","","","BT BR/EDR RF","22","0x0021c4f4","Transport: Any (BR 1Mbps), RF Channel:  9 (SP:  -71), Packet Type: Unknown"
"899","122.570294600","","","BT BR/EDR RF","22","0x0021c4f4","Transport: Any (BR 1Mbps), RF Channel: 60 (SP:  -61), Packet Type: Unknown"
"900","122.688659200","","","BT BR/EDR RF","22","0x0021c4f4","Transport: Any (BR 1Mbps), RF Channel: 77 (SP:  -68), Packet Type: Unknown"
"901","123.169283200","","","BT BR/EDR RF","22","0x0021c4f4","Transport: Any (BR 1Mbps), RF Channel: 66 (SP:  -50, NP:  -55), Packet Type: Unknown"
"902","123.579844300","","","BT BR/EDR RF","22","0x002ff7a8","Transport: Any (BR 1Mbps), RF Channel: 23 (SP:  -74), Packet Type: Unknown"
"903","123.962136900","","","BT BR/EDR RF","22","0x0021c4f4","Transport: Any (BR 1Mbps), RF Channel: 74 (SP:  -68), Packet Type: Unknown"
"904","124.029557800","","","BT BR/EDR RF","22","0x0029cfc6","Transport: Any (BR 1Mbps), RF Channel: 59 (SP:  -75), Packet Type: Unknown"
"905","124.441163100","","","BT BR/EDR RF","22","0x0021c4f4","Transport: Any (BR 1Mbps), RF Channel: 63 (SP:  -78), Packet Type: Unknown"
"906","124.441564100","","","BT BR/EDR RF","22","0x0021c4f4","Transport: Any (BR 1Mbps), RF Channel: 63 (SP:  -73), Packet Type: Unknown"
"907","124.479269900","","","BT BR/EDR RF","22","0x0021c4f4","Transport: Any (BR 1Mbps), RF Channel: 16 (SP:  -70), Packet Type: Unknown"
"908","124.529026600","","","BT BR/EDR RF","22","0x0021c4f4","Transport: Any (BR 1Mbps), RF Channel: 48 (SP:  -70), Packet Type: Unknown"
"909","124.841584500","","","BT BR/EDR RF","22","0x0021c4f4","Transport: Any (BR 1Mbps), RF Channel: 67 (SP:  -77), Packet Type: Unknown"
"910","124.936773300","","","BT BR/EDR RF","22","0x0021c4f4","Transport: Any (BR 1Mbps), RF Channel:  5 (SP:  -72), Packet Type: Unknown"
"911","124.970376700","","","BT BR/EDR RF","22","0x0021c4f4","Transport: Any (BR 1Mbps), RF Channel:  5 (SP:  -72), Packet Type: Unknown"
"912","125.441042600","","","BT BR/EDR RF","22","0x0021c4f4","Transport: Any (BR 1Mbps), RF Channel: 73 (SP:  -52, NP:  -55), Packet Type: Unknown"
"913","125.559019100","","","BT BR/EDR RF","22","0x0021c4f4","Transport: Any (BR 1Mbps), RF Channel: 11 (SP:  -73), Packet Type: Unknown"
"914","126.169264000","","","BT BR/EDR RF","22","0x0021c4f4","Transport: Any (BR 1Mbps), RF Channel: 17 (SP:  -72), Packet Type: Unknown"
"915","126.198978900","","","BT BR/EDR RF","22","0x0021c4f4","Transport: Any (BR 1Mbps), RF Channel: 49 (SP:  -70), Packet Type: Unknown"
"916","126.602121900","","","BT BR/EDR RF","22","0x0021c4f4","Transport: Any (BR 1Mbps), RF Channel: 53 (SP:  -74), Packet Type: Unknown"
"917","126.720903500","","","BT BR/EDR RF","22","0x0021c4f4","Transport: Any (BR 1Mbps), RF Channel: 70 (SP:  -72), Packet Type: Unknown"
"918","126.793585400","","","BT BR/EDR RF","22","0x0021c4f4","Transport: Any (BR 1Mbps), RF Channel: 55 (SP:  -73), Packet Type: Unknown"
"919","126.809586700","","","BT BR/EDR RF","22","0x0021c4f4","Transport: Any (BR 1Mbps), RF Channel: 55 (SP:  -72), Packet Type: Unknown"
"920","126.810386400","","","BT BR/EDR RF","22","0x0021c4f4","Transport: Any (BR 1Mbps), RF Channel: 55 (SP:  -72), Packet Type: Unknown"
"921","126.907156100","","","BT BR/EDR RF","22","0x0021c4f4","Transport: Any (BR 1Mbps), RF Channel: 72 (SP:  -69), Packet Type: Unknown"
"922","126.940511700","","","BT BR/EDR RF","22","0x002ff7a8","Transport: Any (BR 1Mbps), RF Channel: 25 (SP:  -74), Packet Type: Unknown"
"923","127.049168900","","","BT BR/EDR RF","22","0x0021c4f4","Transport: Any (BR 1Mbps), RF Channel: 10 (SP:  -72), Packet Type: Unknown"
"924","127.122170000","","","BT BR/EDR RF","22","0x0021c4f4","Transport: Any (BR 1Mbps), RF Channel: 74 (SP:  -73), Packet Type: Unknown"
"925","127.201612600","","","BT BR/EDR RF","22","0x0021c4f4","Transport: Any (BR 1Mbps), RF Channel: 59 (SP:  -73), Packet Type: Unknown"
"926","127.250524100","","","BT BR/EDR RF","22","0x0021c4f4","Transport: Any (BR 1Mbps), RF Channel: 12 (SP:  -73), Packet Type: Unknown"
"927","127.426712800","","","BT BR/EDR RF","22","0x0021c4f4","Transport: Any (BR 1Mbps), RF Channel: 14 (SP:  -72), Packet Type: Unknown"
"928","127.442718200","","","BT BR/EDR RF","22","0x0021c4f4","Transport: Any (BR 1Mbps), RF Channel: 14 (SP:  -72), Packet Type: Unknown"
"929","127.590815700","","","BT BR/EDR RF","22","0x0029cfc6","Transport: Any (BR 1Mbps), RF Channel: 63 (SP:  -59), Packet Type: Unknown"
"930","127.641756700","","","BT BR/EDR RF","22","0x0021c4f4","Transport: Any (BR 1Mbps), RF Channel: 16 (SP:  -71), Packet Type: Unknown"
"931","127.801492800","","","BT BR/EDR RF","22","0x0021c4f4","Transport: Any (BR 1Mbps), RF Channel: 65 (SP:  -72), Packet Type: Unknown"
"932","127.929090000","","","BT BR/EDR RF","22","0x0021c4f4","Transport: Any (BR 1Mbps), RF Channel:  3 (SP:  -74), Packet Type: Unknown"
"933","127.998530500","","","BT BR/EDR RF","22","0x0021c4f4","Transport: Any (BR 1Mbps), RF Channel: 67 (SP:  -63), Packet Type: Unknown"
"934","128.121758300","","","BT BR/EDR RF","22","0x0021c4f4","Transport: Any (BR 1Mbps), RF Channel:  5 (SP:  -70), Packet Type: Unknown"
"935","128.478404900","","","BT BR/EDR RF","22","0x0021c4f4","Transport: Any (BR 1Mbps), RF Channel: 56 (SP:  -75), Packet Type: Unknown"
"936","128.689020300","","","BT BR/EDR RF","22","0x0021c4f4","Transport: Any (BR 1Mbps), RF Channel: 58 (SP:  -73), Packet Type: Unknown"
"937","128.888394800","","","BT BR/EDR RF","22","0x0021c4f4","Transport: Any (BR 1Mbps), RF Channel: 60 (SP:  -75), Packet Type: Unknown"
"938","128.889192400","","","BT BR/EDR RF","22","0x0021c4f4","Transport: Any (BR 1Mbps), RF Channel: 60 (SP:  -74), Packet Type: Unknown"
"939","129.209041200","","","BT BR/EDR RF","22","0x0021c4f4","Transport: Any (BR 1Mbps), RF Channel:  0 (SP:  -75), Packet Type: Unknown"
"940","129.396433000","","","BT BR/EDR RF","22","0x0021c4f4","Transport: Any (BR 1Mbps), RF Channel:  2 (SP:  -75), Packet Type: Unknown"
"941","129.723001200","","","BT BR/EDR RF","22","0x0021c4f4","Transport: Any (BR 1Mbps), RF Channel: 21 (SP:  -72), Packet Type: Unknown"
"942","129.758324600","","","BT BR/EDR RF","22","0x0021c4f4","Transport: Any (BR 1Mbps), RF Channel: 53 (SP:  -73), Packet Type: Unknown"
"943","129.759124300","","","BT BR/EDR RF","22","0x0021c4f4","Transport: Any (BR 1Mbps), RF Channel: 53 (SP:  -69), Packet Type: Unknown"
"944","129.882296100","","","BT BR/EDR RF","22","0x0021c4f4","Transport: Any (BR 1Mbps), RF Channel: 70 (SP:  -72), Packet Type: Unknown"
"945","130.158307800","","","BT BR/EDR RF","22","0x0021c4f4","Transport: Any (BR 1Mbps), RF Channel: 57 (SP:  -66), Packet Type: Unknown"
"946","130.159109500","","","BT BR/EDR RF","22","0x0021c4f4","Transport: Any (BR 1Mbps), RF Channel: 57 (SP:  -66), Packet Type: Unknown"
"947","130.299983400","","","BT BR/EDR RF","22","0x002ff7a8","Transport: Any (BR 1Mbps), RF Channel: 27 (SP:  -74), Packet Type: Unknown"
"948","130.770476800","","","BT BR/EDR RF","22","0x0021c4f4","Transport: Any (BR 1Mbps), RF Channel: 63 (SP:  -66), Packet Type: Unknown"
"949","130.961479600","","","BT BR/EDR RF","22","0x0021c4f4","Transport: Any (BR 1Mbps), RF Channel: 65 (SP:  -72), Packet Type: Unknown"
"950","131.048951200","","","BT BR/EDR RF","22","0x0021c4f4","Transport: Any (BR 1Mbps), RF Channel: 50 (SP:  -71), Packet Type: Unknown"
"951","131.438566700","","","BT BR/EDR RF","22","0x0021c4f4","Transport: Any (BR 1Mbps), RF Channel: 54 (SP:  -73), Packet Type: Unknown"
"952","131.438967100","","","BT BR/EDR RF","22","0x0021c4f4","Transport: Any (BR 1Mbps), RF Channel: 54 (SP:  -70), Packet Type: Unknown"
"953","131.688947900","","","BT BR/EDR RF","22","0x0021c4f4","Transport: Any (BR 1Mbps), RF Channel:  9 (SP:  -74), Packet Type: Unknown"
"954","131.849032500","","","BT BR/EDR RF","22","0x0021c4f4","Transport: Any (BR 1Mbps), RF Channel: 58 (SP:  -73), Packet Type: Unknown"
"955","132.049645200","","","BT BR/EDR RF","22","0x0021c4f4","Transport: Any (BR 1Mbps), RF Channel: 60 (SP:  -58), Packet Type: Unknown"
"956","132.139624400","","","BT BR/EDR RF","22","0x0021c4f4","Transport: Any (BR 1Mbps), RF Channel: 77 (SP:  -70), Packet Type: Unknown"
"957","132.160820200","","","BT BR/EDR RF","22","0x0021c4f4","Transport: Any (BR 1Mbps), RF Channel: 77 (SP:  -69), Packet Type: Unknown"
"958","132.242677900","","","BT BR/EDR RF","22","0x0021c4f4","Transport: Any (BR 1Mbps), RF Channel: 62 (SP:  -75), Packet Type: Unknown"
"959","132.255203100","","","BT BR/EDR RF","22","0x0021c4f4","Transport: Any (BR 1Mbps), RF Channel: 15 (SP:  -70), Packet Type: Unknown"
"960","132.564828200","","","BT BR/EDR RF","22","0x0021c4f4","Transport: Any (BR 1Mbps), RF Channel:  2 (SP:  -72), Packet Type: Unknown"
"961","132.565229800","","","BT BR/EDR RF","22","0x0021c4f4","Transport: Any (BR 1Mbps), RF Channel:  2 (SP:  -72), Packet Type: Unknown"
"962","132.769008300","","","BT BR/EDR RF","22","0x0021c4f4","Transport: Any (BR 1Mbps), RF Channel:  4 (SP:  -73), Packet Type: Unknown"
"963","132.935219500","","","BT BR/EDR RF","22","0x0021c4f4","Transport: Any (BR 1Mbps), RF Channel:  6 (SP:  -76), Packet Type: Unknown"
"964","133.569132900","","","BT BR/EDR RF","22","0x0021c4f4","Transport: Any (BR 1Mbps), RF Channel: 12 (SP:  -73), Packet Type: Unknown"
"965","134.002902000","","","BT BR/EDR RF","22","0x0021c4f4","Transport: Any (BR 1Mbps), RF Channel: 48 (SP:  -69), Packet Type: Unknown"
"966","134.006500900","","","BT BR/EDR RF","22","0x0021c4f4","Transport: Any (BR 1Mbps), RF Channel: 48 (SP:  -69), Packet Type: Unknown"
"967","134.718366600","","","BT BR/EDR RF","22","0x0021c4f4","Transport: Any (BR 1Mbps), RF Channel: 71 (SP:  -72), Packet Type: Unknown"
"968","134.929808600","","","BT BR/EDR RF","22","0x0021c4f4","Transport: Any (BR 1Mbps), RF Channel: 73 (SP:  -66), Packet Type: Unknown"
"969","135.522832500","","","BT BR/EDR RF","22","0x0021c4f4","Transport: Any (BR 1Mbps), RF Channel:  0 (SP:  -75), Packet Type: Unknown"
"970","135.682165700","","","BT BR/EDR RF","22","0x0021c4f4","Transport: Any (BR 1Mbps), RF Channel: 49 (SP:  -75), Packet Type: Unknown"
"971","135.798919100","","","BT BR/EDR RF","22","0x0021c4f4","Transport: Any (BR 1Mbps), RF Channel: 66 (SP:  -77), Packet Type: Unknown"
"972","136.408345700","","","BT BR/EDR RF","22","0x0021c4f4","Transport: Any (BR 1Mbps), RF Channel: 72 (SP:  -69), Packet Type: Unknown"
"973","136.540085000","","","BT BR/EDR RF","22","0x002ff7a8","Transport: Any (BR 1Mbps), RF Channel: 42 (SP:    0, NP:  -55), Packet Type: Unknown"
"974","136.540485300","","","BT BR/EDR RF","22","0x002ff7a8","Transport: Any (BR 1Mbps), RF Channel: 42 (SP:    0, NP:  -55), Packet Type: Unknown"
"975","136.802023100","","","BT BR/EDR RF","22","0x0021c4f4","Transport: Any (BR 1Mbps), RF Channel: 76 (SP:  -68), Packet Type: Unknown"
"976","137.361706200","","","BT BR/EDR RF","22","0x0021c4f4","Transport: Any (BR 1Mbps), RF Channel: 50 (SP:  -70), Packet Type: Unknown"
"977","137.386630500","","","BT BR/EDR RF","22","0x0021c4f4","Transport: Any (BR 1Mbps), RF Channel:  3 (SP:  -73), Packet Type: Unknown"
"978","137.979697300","","","BT BR/EDR RF","22","0x0029cfc6","Transport: Any (BR 1Mbps), RF Channel:  9 (SP:  -75), Packet Type: Unknown"
"979","138.008898200","","","BT BR/EDR RF","22","0x0021c4f4","Transport: Any (BR 1Mbps), RF Channel:  9 (SP:  -74), Packet Type: Unknown"
"980","138.078348800","","","BT BR/EDR RF","22","0x0021c4f4","Transport: Any (BR 1Mbps), RF Channel: 73 (SP:  -54, NP:  -55), Packet Type: Unknown"
"981","138.168576900","","","BT BR/EDR RF","22","0x0021c4f4","Transport: Any (BR 1Mbps), RF Channel: 58 (SP:  -74), Packet Type: Unknown"
"982","138.879197700","","","BT BR/EDR RF","22","0x0021c4f4","Transport: Any (BR 1Mbps), RF Channel:  2 (SP:  -74), Packet Type: Unknown"
"983","139.090221300","","","BT BR/EDR RF","22","0x0021c4f4","Transport: Any (BR 1Mbps), RF Channel:  4 (SP:  -73), Packet Type: Unknown"
"984","139.242281900","","","BT BR/EDR RF","22","0x0021c4f4","Transport: Any (BR 1Mbps), RF Channel: 53 (SP:  -72), Packet Type: Unknown"
"985","139.481050400","","","BT BR/EDR RF","22","0x0021c4f4","Transport: Any (BR 1Mbps), RF Channel:  8 (SP:  -77), Packet Type: Unknown"
"986","139.640730800","","","BT BR/EDR RF","22","0x0021c4f4","Transport: Any (BR 1Mbps), RF Channel: 57 (SP:  -75), Packet Type: Unknown"
"987","139.641530600","","","BT BR/EDR RF","22","0x0021c4f4","Transport: Any (BR 1Mbps), RF Channel: 57 (SP:  -72), Packet Type: Unknown"
"988","139.752305000","","","BT BR/EDR RF","22","0x0021c4f4","Transport: Any (BR 1Mbps), RF Channel: 74 (SP:  -72), Packet Type: Unknown"
"989","139.876673900","","","BT BR/EDR RF","22","0x0021c4f4","Transport: Any (BR 1Mbps), RF Channel: 12 (SP:  -32, NP:  -55), Packet Type: Unknown"
"990","139.882672700","","","BT BR/EDR RF","22","0x0021c4f4","Transport: Any (BR 1Mbps), RF Channel: 12 (SP:  -75), Packet Type: Unknown"
"991","140.370187900","","","BT BR/EDR RF","22","0x0021c4f4","Transport: Any (BR 1Mbps), RF Channel:  1 (SP:  -73), Packet Type: Unknown"
"992","140.682039800","","","BT BR/EDR RF","22","0x0021c4f4","Transport: Any (BR 1Mbps), RF Channel: 20 (SP:  -76), Packet Type: Unknown"
"993","140.682842600","","","BT BR/EDR RF","22","0x0021c4f4","Transport: Any (BR 1Mbps), RF Channel: 20 (SP:  -73), Packet Type: Unknown"
"994","141.121392000","","","BT BR/EDR RF","22","0x0021c4f4","Transport: Any (BR 1Mbps), RF Channel: 56 (SP:  -72), Packet Type: Unknown"
"995","141.722887700","","","BT BR/EDR RF","22","0x0021c4f4","Transport: Any (BR 1Mbps), RF Channel: 62 (SP:  -64), Packet Type: Unknown"
"996","141.947660100","","","BT BR/EDR RF","22","0x0021c4f4","Transport: Any (BR 1Mbps), RF Channel: 17 (SP:  -74), Packet Type: Unknown"
"997","141.961666000","","","BT BR/EDR RF","22","0x0021c4f4","Transport: Any (BR 1Mbps), RF Channel: 17 (SP:  -74), Packet Type: Unknown"
"998","142.355237000","","","BT BR/EDR RF","22","0x0021c4f4","Transport: Any (BR 1Mbps), RF Channel: 21 (SP:  -76), Packet Type: Unknown"
"999","142.801355500","","","BT BR/EDR RF","22","0x0021c4f4","Transport: Any (BR 1Mbps), RF Channel: 57 (SP:  -56), Packet Type: Unknown"
"1000","142.922137600","","","BT BR/EDR RF","22","0x0021c4f4","Transport: Any (BR 1Mbps), RF Channel: 74 (SP:  -73), Packet Type: Unknown"
"1001","143.050113100","","","BT BR/EDR RF","22","0x0021c4f4","Transport: Any (BR 1Mbps), RF Channel: 12 (SP:  -32, NP:  -55), Packet Type: Unknown"
"1002","143.388833100","","","BT BR/EDR RF","22","0x0021c4f4","Transport: Any (BR 1Mbps), RF Channel: 63 (SP:  -75), Packet Type: Unknown"
"1003","143.441364200","","","BT BR/EDR RF","22","0x0021c4f4","Transport: Any (BR 1Mbps), RF Channel: 16 (SP:  -73), Packet Type: Unknown"
"1004","143.488273600","","","BT BR/EDR RF","22","0x0021c4f4","Transport: Any (BR 1Mbps), RF Channel: 48 (SP:  -81), Packet Type: Unknown"
"1005","143.489074500","","","BT BR/EDR RF","22","0x0021c4f4","Transport: Any (BR 1Mbps), RF Channel: 48 (SP:  -70), Packet Type: Unknown"
"1006","143.643985500","","","BT BR/EDR RF","22","0x0021c4f4","Transport: Any (BR 1Mbps), RF Channel: 18 (SP:  -74), Packet Type: Unknown"
"1007","143.799671100","","","BT BR/EDR RF","22","0x0021c4f4","Transport: Any (BR 1Mbps), RF Channel: 67 (SP:  -83), Packet Type: Unknown"
"1008","143.918499900","","","BT BR/EDR RF","22","0x0021c4f4","Transport: Any (BR 1Mbps), RF Channel:  5 (SP:  -79), Packet Type: Unknown"
"1009","144.202117900","","","BT BR/EDR RF","22","0x0021c4f4","Transport: Any (BR 1Mbps), RF Channel: 71 (SP:  -73), Packet Type: Unknown"
"1010","144.220657900","","","BT BR/EDR RF","22","0x002ff7a8","Transport: Any (BR 1Mbps), RF Channel: 24 (SP:  -75), Packet Type: Unknown"
"1011","144.575794600","","","BT BR/EDR RF","22","0x0021c4f4","Transport: Any (BR 1Mbps), RF Channel: 75 (SP:  -70), Packet Type: Unknown"
"1012","144.576594500","","","BT BR/EDR RF","22","0x0021c4f4","Transport: Any (BR 1Mbps), RF Channel: 75 (SP:  -70), Packet Type: Unknown"
"1013","144.606989700","","","BT BR/EDR RF","22","0x0021c4f4","Transport: Any (BR 1Mbps), RF Channel: 75 (SP:  -71), Packet Type: Unknown"
"1014","144.678828400","","","BT BR/EDR RF","22","0x0021c4f4","Transport: Any (BR 1Mbps), RF Channel: 60 (SP:  -73), Packet Type: Unknown"
"1015","144.878992000","","","BT BR/EDR RF","22","0x0021c4f4","Transport: Any (BR 1Mbps), RF Channel: 62 (SP:  -43, NP:  -55), Packet Type: Unknown"
"1016","145.008953200","","","BT BR/EDR RF","22","0x0021c4f4","Transport: Any (BR 1Mbps), RF Channel:  0 (SP:  -53, NP:  -55), Packet Type: Unknown"
"1017","145.198315700","","","BT BR/EDR RF","22","0x0021c4f4","Transport: Any (BR 1Mbps), RF Channel:  2 (SP:  -78), Packet Type: Unknown"
"1018","145.199114700","","","BT BR/EDR RF","22","0x0021c4f4","Transport: Any (BR 1Mbps), RF Channel:  2 (SP:  -73), Packet Type: Unknown"
"1019","145.362039300","","","BT BR/EDR RF","22","0x0021c4f4","Transport: Any (BR 1Mbps), RF Channel: 51 (SP:  -77), Packet Type: Unknown"
"1020","145.362840700","","","BT BR/EDR RF","22","0x0021c4f4","Transport: Any (BR 1Mbps), RF Channel: 51 (SP:  -71), Packet Type: Unknown"
"1021","145.481975900","","","BT BR/EDR RF","22","0x0021c4f4","Transport: Any (BR 1Mbps), RF Channel: 68 (SP:  -77), Packet Type: Unknown"
"1022","145.609531700","","","BT BR/EDR RF","22","0x0021c4f4","Transport: Any (BR 1Mbps), RF Channel:  6 (SP:  -40, NP:  -55), Packet Type: Unknown"
"1023","145.680973300","","","BT BR/EDR RF","22","0x0021c4f4","Transport: Any (BR 1Mbps), RF Channel: 70 (SP:  -73), Packet Type: Unknown"
"1024","145.808982900","","","BT BR/EDR RF","22","0x0021c4f4","Transport: Any (BR 1Mbps), RF Channel:  8 (SP:  -66), Packet Type: Unknown"
"1025","145.958299600","","","BT BR/EDR RF","22","0x0021c4f4","Transport: Any (BR 1Mbps), RF Channel: 57 (SP:  -75), Packet Type: Unknown"
"1026","145.959100300","","","BT BR/EDR RF","22","0x0021c4f4","Transport: Any (BR 1Mbps), RF Channel: 57 (SP:  -73), Packet Type: Unknown"
"1027","146.000813900","","","BT BR/EDR RF","22","0x0021c4f4","Transport: Any (BR 1Mbps), RF Channel: 10 (SP:  -80), Packet Type: Unknown"
"1028","146.536482000","","","BT BR/EDR RF","22","0x0021c4f4","Transport: Any (BR 1Mbps), RF Channel: 63 (SP:  -75), Packet Type: Unknown"
"1029","146.648328500","","","BT BR/EDR RF","22","0x0021c4f4","Transport: Any (BR 1Mbps), RF Channel: 48 (SP:  -79), Packet Type: Unknown"
"1030","146.649130400","","","BT BR/EDR RF","22","0x0021c4f4","Transport: Any (BR 1Mbps), RF Channel: 48 (SP:  -69), Packet Type: Unknown"
"1031","146.784439600","","","BT BR/EDR RF","22","0x0021c4f4","Transport: Any (BR 1Mbps), RF Channel: 18 (SP:  -74), Packet Type: Unknown"
"1032","146.881496200","","","BT BR/EDR RF","22","0x0021c4f4","Transport: Any (BR 1Mbps), RF Channel:  3 (SP:  -74), Packet Type: Unknown"
"1033","146.970152900","","","BT BR/EDR RF","22","0x0021c4f4","Transport: Any (BR 1Mbps), RF Channel: 67 (SP:  -77), Packet Type: Unknown"
"1034","147.238231400","","","BT BR/EDR RF","22","0x0021c4f4","Transport: Any (BR 1Mbps), RF Channel: 54 (SP:  -75), Packet Type: Unknown"
"1035","147.368212700","","","BT BR/EDR RF","22","0x0021c4f4","Transport: Any (BR 1Mbps), RF Channel: 71 (SP:  -72), Packet Type: Unknown"
"1036","147.758304600","","","BT BR/EDR RF","22","0x0021c4f4","Transport: Any (BR 1Mbps), RF Channel: 75 (SP:  -64), Packet Type: Unknown"
"1037","148.050325500","","","BT BR/EDR RF","22","0x0021c4f4","Transport: Any (BR 1Mbps), RF Channel: 62 (SP:  -74), Packet Type: Unknown"
"1038","148.088464700","","","BT BR/EDR RF","22","0x0021c4f4","Transport: Any (BR 1Mbps), RF Channel: 15 (SP:  -81), Packet Type: Unknown"
"1039","148.518304600","","","BT BR/EDR RF","22","0x0021c4f4","Transport: Any (BR 1Mbps), RF Channel: 51 (SP:  -77), Packet Type: Unknown"
"1040","148.519106100","","","BT BR/EDR RF","22","0x0021c4f4","Transport: Any (BR 1Mbps), RF Channel: 51 (SP:  -69), Packet Type: Unknown"
"1041","148.621465100","","","BT BR/EDR RF","22","0x0021c4f4","Transport: Any (BR 1Mbps), RF Channel: 68 (SP:  -77), Packet Type: Unknown"
"1042","148.645071700","","","BT BR/EDR RF","22","0x0021c4f4","Transport: Any (BR 1Mbps), RF Channel: 68 (SP:  -77), Packet Type: Unknown"
"1043","148.689598700","","","BT BR/EDR RF","22","0x0021c4f4","Transport: Any (BR 1Mbps), RF Channel: 21 (SP:  -79), Packet Type: Unknown"
"1044","148.718913700","","","BT BR/EDR RF","22","0x0021c4f4","Transport: Any (BR 1Mbps), RF Channel: 53 (SP:  -70), Packet Type: Unknown"
"1045","149.038279600","","","BT BR/EDR RF","22","0x0021c4f4","Transport: Any (BR 1Mbps), RF Channel: 72 (SP:  -73), Packet Type: Unknown"
"1046","149.047082900","","","BT BR/EDR RF","22","0x0021c4f4","Transport: Any (BR 1Mbps), RF Channel: 72 (SP:  -73), Packet Type: Unknown"
"1047","149.168266200","","","BT BR/EDR RF","22","0x0021c4f4","Transport: Any (BR 1Mbps), RF Channel: 10 (SP:  -77), Packet Type: Unknown"
"1048","149.368479600","","","BT BR/EDR RF","22","0x0021c4f4","Transport: Any (BR 1Mbps), RF Channel: 12 (SP:  -81), Packet Type: Unknown"
"1049","149.552731000","","","BT BR/EDR RF","22","0x0021c4f4","Transport: Any (BR 1Mbps), RF Channel: 14 (SP:  -75), Packet Type: Unknown"
"1050","149.799024300","","","BT BR/EDR RF","22","0x0021c4f4","Transport: Any (BR 1Mbps), RF Channel: 48 (SP:  -70), Packet Type: Unknown"
"1051","149.838369200","","","BT BR/EDR RF","22","0x0029cfc6","Transport: Any (BR 1Mbps), RF Channel:  1 (SP:  -78), Packet Type: Unknown"
"1052","149.841974700","","","BT BR/EDR RF","22","0x0021c4f4","Transport: Any (BR 1Mbps), RF Channel:  1 (SP:  -78), Packet Type: Unknown"
"1053","150.177111600","","","BT BR/EDR RF","22","0x0021c4f4","Transport: Any (BR 1Mbps), RF Channel: 52 (SP:  -71), Packet Type: Unknown"
"1054","150.219630600","","","BT BR/EDR RF","22","0x0029cfc6","Transport: Any (BR 1Mbps), RF Channel:  5 (SP:  -75), Packet Type: Unknown"
"1055","150.319077000","","","BT BR/EDR RF","22","0x0021c4f4","Transport: Any (BR 1Mbps), RF Channel: 69 (SP:  -67), Packet Type: Unknown"
"1056","150.722703100","","","BT BR/EDR RF","22","0x0021c4f4","Transport: Any (BR 1Mbps), RF Channel: 73 (SP:  -73), Packet Type: Unknown"
"1057","151.120732000","","","BT BR/EDR RF","22","0x0021c4f4","Transport: Any (BR 1Mbps), RF Channel: 77 (SP:  -73), Packet Type: Unknown"
"1058","151.249498500","","","BT BR/EDR RF","22","0x0021c4f4","Transport: Any (BR 1Mbps), RF Channel: 15 (SP:  -77), Packet Type: Unknown"
"1059","151.503538300","","","BT BR/EDR RF","22","0x0029cfc6","Transport: Any (BR 1Mbps), RF Channel:  2 (SP:  -76), Packet Type: Unknown"
"1060","151.900003000","","","BT BR/EDR RF","22","0x002ff7a8","Transport: Any (BR 1Mbps), RF Channel:  6 (SP:  -72), Packet Type: Unknown"
"1061","152.082092100","","","BT BR/EDR RF","22","0x0021c4f4","Transport: Any (BR 1Mbps), RF Channel: 55 (SP:  -73), Packet Type: Unknown"
"1062","152.328812100","","","BT BR/EDR RF","22","0x0021c4f4","Transport: Any (BR 1Mbps), RF Channel: 10 (SP:  -76), Packet Type: Unknown"
"1063","152.402663000","","","BT BR/EDR RF","22","0x0021c4f4","Transport: Any (BR 1Mbps), RF Channel: 74 (SP:  -70), Packet Type: Unknown"
"1064","152.808243600","","","BT BR/EDR RF","22","0x0021c4f4","Transport: Any (BR 1Mbps), RF Channel: 78 (SP:  -72), Packet Type: Unknown"
"1065","152.878856400","","","BT BR/EDR RF","22","0x0021c4f4","Transport: Any (BR 1Mbps), RF Channel: 63 (SP:  -66), Packet Type: Unknown"
"1066","152.908581000","","","BT BR/EDR RF","22","0x0029cfc6","Transport: Any (BR 1Mbps), RF Channel: 16 (SP:  -77), Packet Type: Unknown"
"1067","152.928995300","","","BT BR/EDR RF","22","0x0021c4f4","Transport: Any (BR 1Mbps), RF Channel: 16 (SP:  -72), Packet Type: Unknown"
"1068","152.932708500","","","BT BR/EDR RF","22","0x0021c4f4","Transport: Any (BR 1Mbps), RF Channel: 48 (SP:  -71), Packet Type: Unknown"
"1069","153.104843000","","","BT BR/EDR RF","22","0x0029cfc6","Transport: Any (BR 1Mbps), RF Channel: 18 (SP:  -75), Packet Type: Unknown"
"1070","153.160967500","","","BT BR/EDR RF","22","0x0021c4f4","Transport: Any (BR 1Mbps), RF Channel: 50 (SP:  -73), Packet Type: Unknown"
"1071","153.161369600","","","BT BR/EDR RF","22","0x0021c4f4","Transport: Any (BR 1Mbps), RF Channel: 50 (SP:  -72), Packet Type: Unknown"
"1072","153.358396000","","","BT BR/EDR RF","22","0x0021c4f4","Transport: Any (BR 1Mbps), RF Channel: 52 (SP:  -73), Packet Type: Unknown"
"1073","153.361998100","","","BT BR/EDR RF","22","0x0021c4f4","Transport: Any (BR 1Mbps), RF Channel: 52 (SP:  -72), Packet Type: Unknown"
"1074","153.568221500","","","BT BR/EDR RF","22","0x0021c4f4","Transport: Any (BR 1Mbps), RF Channel: 54 (SP:  -73), Packet Type: Unknown"
"1075","153.569023000","","","BT BR/EDR RF","22","0x0021c4f4","Transport: Any (BR 1Mbps), RF Channel: 54 (SP:  -72), Packet Type: Unknown"
"1076","153.682601200","","","BT BR/EDR RF","22","0x0021c4f4","Transport: Any (BR 1Mbps), RF Channel: 71 (SP:  -10, NP:  -55), Packet Type: Unknown"
"1077","153.734039000","","","BT BR/EDR RF","22","0x0021c4f4","Transport: Any (BR 1Mbps), RF Channel: 56 (SP:  -42, NP:  -55), Packet Type: Unknown"
"1078","153.888854000","","","BT BR/EDR RF","22","0x0021c4f4","Transport: Any (BR 1Mbps), RF Channel: 73 (SP:  -73), Packet Type: Unknown"
"1079","154.158906800","","","BT BR/EDR RF","22","0x0021c4f4","Transport: Any (BR 1Mbps), RF Channel: 60 (SP:  -74), Packet Type: Unknown"
"1080","154.402829100","","","BT BR/EDR RF","22","0x0021c4f4","Transport: Any (BR 1Mbps), RF Channel: 15 (SP:  -69), Packet Type: Unknown"
"1081","154.608196500","","","BT BR/EDR RF","22","0x0021c4f4","Transport: Any (BR 1Mbps), RF Channel: 17 (SP:  -78), Packet Type: Unknown"
"1082","154.608995900","","","BT BR/EDR RF","22","0x0021c4f4","Transport: Any (BR 1Mbps), RF Channel: 17 (SP:  -76), Packet Type: Unknown"
"1083","155.248984600","","","BT BR/EDR RF","22","0x0021c4f4","Transport: Any (BR 1Mbps), RF Channel: 55 (SP:  -72), Packet Type: Unknown"
"1084","155.438821500","","","BT BR/EDR RF","22","0x0021c4f4","Transport: Any (BR 1Mbps), RF Channel: 57 (SP:  -63), Packet Type: Unknown"
"1085","155.679577100","","","BT BR/EDR RF","22","0x0029cfc6","Transport: Any (BR 1Mbps), RF Channel: 12 (SP:  -75), Packet Type: Unknown"
"1086","155.740223000","","","BT BR/EDR RF","22","0x002ff7a8","Transport: Any (BR 1Mbps), RF Channel: 76 (SP:    0, NP:  -55), Packet Type: Unknown"
"1087","155.849655000","","","BT BR/EDR RF","22","0x0021c4f4","Transport: Any (BR 1Mbps), RF Channel: 61 (SP:  -62), Packet Type: Unknown"
"1088","155.850056200","","","BT BR/EDR RF","22","0x0021c4f4","Transport: Any (BR 1Mbps), RF Channel: 61 (SP:  -62), Packet Type: Unknown"
"1089","156.360816000","","","BT BR/EDR RF","22","0x0029cfc6","Transport: Any (BR 1Mbps), RF Channel:  3 (SP:  -45, NP:  -55), Packet Type: Unknown"
"1090","156.631274300","","","BT BR/EDR RF","22","0x0021c4f4","Transport: Any (BR 1Mbps), RF Channel: 69 (SP:  -73), Packet Type: Unknown"
"1091","156.718288000","","","BT BR/EDR RF","22","0x0021c4f4","Transport: Any (BR 1Mbps), RF Channel: 54 (SP:  -73), Packet Type: Unknown"
"1092","156.759595900","","","BT BR/EDR RF","22","0x0029cfc6","Transport: Any (BR 1Mbps), RF Channel:  7 (SP:  -74), Packet Type: Unknown"
"1093","156.962662900","","","BT BR/EDR RF","22","0x0021c4f4","Transport: Any (BR 1Mbps), RF Channel:  9 (SP:  -76), Packet Type: Unknown"
"1094","157.641511100","","","BT BR/EDR RF","22","0x0021c4f4","Transport: Any (BR 1Mbps), RF Channel:  0 (SP:  -77), Packet Type: Unknown"
"1095","157.797609100","","","BT BR/EDR RF","22","0x0021c4f4","Transport: Any (BR 1Mbps), RF Channel: 49 (SP:  -69), Packet Type: Unknown"
"1096","157.892744600","","","BT BR/EDR RF","22","0x0021c4f4","Transport: Any (BR 1Mbps), RF Channel: 66 (SP:  -75), Packet Type: Unknown"
"1097","158.241308200","","","BT BR/EDR RF","22","0x0021c4f4","Transport: Any (BR 1Mbps), RF Channel:  6 (SP:  -75), Packet Type: Unknown"
"1098","158.328742100","","","BT BR/EDR RF","22","0x0021c4f4","Transport: Any (BR 1Mbps), RF Channel: 70 (SP:  -73), Packet Type: Unknown"
"1099","158.600796600","","","BT BR/EDR RF","22","0x0021c4f4","Transport: Any (BR 1Mbps), RF Channel: 57 (SP:  -42, NP:  -55), Packet Type: Unknown"
"1100","158.929368800","","","BT BR/EDR RF","22","0x0021c4f4","Transport: Any (BR 1Mbps), RF Channel: 76 (SP:  -71), Packet Type: Unknown"
"1101","159.242730200","","","BT BR/EDR RF","22","0x0021c4f4","Transport: Any (BR 1Mbps), RF Channel: 16 (SP:  -74), Packet Type: Unknown"
"1102","159.278843900","","","BT BR/EDR RF","22","0x0021c4f4","Transport: Any (BR 1Mbps), RF Channel: 48 (SP:  -71), Packet Type: Unknown"
"1103","159.408828100","","","BT BR/EDR RF","22","0x0021c4f4","Transport: Any (BR 1Mbps), RF Channel: 65 (SP:  -75), Packet Type: Unknown"
"1104","159.517594200","","","BT BR/EDR RF","22","0x0021c4f4","Transport: Any (BR 1Mbps), RF Channel:  3 (SP:  -76), Packet Type: Unknown"
"1105","159.609017900","","","BT BR/EDR RF","22","0x0021c4f4","Transport: Any (BR 1Mbps), RF Channel: 67 (SP:  -75), Packet Type: Unknown"
"1106","159.723794800","","","BT BR/EDR RF","22","0x0021c4f4","Transport: Any (BR 1Mbps), RF Channel:  5 (SP:  -75), Packet Type: Unknown"
"1107","159.928405300","","","BT BR/EDR RF","22","0x0021c4f4","Transport: Any (BR 1Mbps), RF Channel:  7 (SP:  -79), Packet Type: Unknown"
"1108","159.928806200","","","BT BR/EDR RF","22","0x0021c4f4","Transport: Any (BR 1Mbps), RF Channel:  7 (SP:  -75), Packet Type: Unknown"
"1109","160.080882400","","","BT BR/EDR RF","22","0x0021c4f4","Transport: Any (BR 1Mbps), RF Channel: 56 (SP:  -75), Packet Type: Unknown"
"1110","160.081282100","","","BT BR/EDR RF","22","0x0021c4f4","Transport: Any (BR 1Mbps), RF Channel: 56 (SP:  -73), Packet Type: Unknown"
"1111","160.209655100","","","BT BR/EDR RF","22","0x0021c4f4","Transport: Any (BR 1Mbps), RF Channel: 73 (SP:  -70), Packet Type: Unknown"
"1112","160.285903300","","","BT BR/EDR RF","22","0x0021c4f4","Transport: Any (BR 1Mbps), RF Channel: 58 (SP:  -74), Packet Type: Unknown"
"1113","160.286303100","","","BT BR/EDR RF","22","0x0021c4f4","Transport: Any (BR 1Mbps), RF Channel: 58 (SP:  -73), Packet Type: Unknown"
"1114","160.316042600","","","BT BR/EDR RF","22","0x0029cfc6","Transport: Any (BR 1Mbps), RF Channel: 11 (SP:  -74), Packet Type: Unknown"
"1115","160.521437300","","","BT BR/EDR RF","22","0x0021c4f4","Transport: Any (BR 1Mbps), RF Channel: 13 (SP:  -75), Packet Type: Unknown"
"1116","160.801476600","","","BT BR/EDR RF","22","0x0021c4f4","Transport: Any (BR 1Mbps), RF Channel:  0 (SP:  -76), Packet Type: Unknown"
"1117","161.052769100","","","BT BR/EDR RF","22","0x0021c4f4","Transport: Any (BR 1Mbps), RF Channel: 66 (SP:  -75), Packet Type: Unknown"
"1118","161.181541700","","","BT BR/EDR RF","22","0x0021c4f4","Transport: Any (BR 1Mbps), RF Channel:  4 (SP:    0, NP:  -55), Packet Type: Unknown"
"1119","161.318327500","","","BT BR/EDR RF","22","0x0021c4f4","Transport: Any (BR 1Mbps), RF Channel: 21 (SP:  -80), Packet Type: Unknown"
"1120","161.802559500","","","BT BR/EDR RF","22","0x0021c4f4","Transport: Any (BR 1Mbps), RF Channel: 10 (SP:  -73), Packet Type: Unknown"
"1121","161.996345200","","","BT BR/EDR RF","22","0x0021c4f4","Transport: Any (BR 1Mbps), RF Channel: 12 (SP:  -75), Packet Type: Unknown"
"1122","162.082593100","","","BT BR/EDR RF","22","0x0021c4f4","Transport: Any (BR 1Mbps), RF Channel: 76 (SP:  -59), Packet Type: Unknown"
"1123","162.640690500","","","BT BR/EDR RF","22","0x0021c4f4","Transport: Any (BR 1Mbps), RF Channel: 50 (SP:  -74), Packet Type: Unknown"
"1124","162.641489100","","","BT BR/EDR RF","22","0x0021c4f4","Transport: Any (BR 1Mbps), RF Channel: 50 (SP:  -69), Packet Type: Unknown"
"1125","162.769483100","","","BT BR/EDR RF","22","0x0021c4f4","Transport: Any (BR 1Mbps), RF Channel: 67 (SP:  -70), Packet Type: Unknown"
"1126","162.770283800","","","BT BR/EDR RF","22","0x0021c4f4","Transport: Any (BR 1Mbps), RF Channel: 67 (SP:  -70), Packet Type: Unknown"
"1127","163.048335500","","","BT BR/EDR RF","22","0x0021c4f4","Transport: Any (BR 1Mbps), RF Channel: 54 (SP:  -72), Packet Type: Unknown"
"1128","163.418370100","","","BT BR/EDR RF","22","0x0021c4f4","Transport: Any (BR 1Mbps), RF Channel: 58 (SP:  -73), Packet Type: Unknown"
"1129","163.547108800","","","BT BR/EDR RF","22","0x0021c4f4","Transport: Any (BR 1Mbps), RF Channel: 75 (SP:  -69), Packet Type: Unknown"
"1130","163.561916100","","","BT BR/EDR RF","22","0x0021c4f4","Transport: Any (BR 1Mbps), RF Channel: 75 (SP:  -70), Packet Type: Unknown"
"1131","163.655077500","","","BT BR/EDR RF","22","0x0021c4f4","Transport: Any (BR 1Mbps), RF Channel: 13 (SP:  -74), Packet Type: Unknown"
"1132","163.880858900","","","BT BR/EDR RF","22","0x0021c4f4","Transport: Any (BR 1Mbps), RF Channel: 15 (SP:  -81), Packet Type: Unknown"
"1133","163.881258900","","","BT BR/EDR RF","22","0x0021c4f4","Transport: Any (BR 1Mbps), RF Channel: 15 (SP:  -73), Packet Type: Unknown"
"1134","163.968733800","","","BT BR/EDR RF","22","0x0021c4f4","Transport: Any (BR 1Mbps), RF Channel:  0 (SP:  -75), Packet Type: Unknown"
"1135","164.075103100","","","BT BR/EDR RF","22","0x0021c4f4","Transport: Any (BR 1Mbps), RF Channel: 17 (SP:  -74), Packet Type: Unknown"
"1136","164.081507200","","","BT BR/EDR RF","22","0x0021c4f4","Transport: Any (BR 1Mbps), RF Channel: 17 (SP:  -74), Packet Type: Unknown"
"1137","164.128854000","","","BT BR/EDR RF","22","0x0021c4f4","Transport: Any (BR 1Mbps), RF Channel: 49 (SP:  -69), Packet Type: Unknown"
"1138","164.170185800","","","BT BR/EDR RF","22","0x0021c4f4","Transport: Any (BR 1Mbps), RF Channel:  2 (SP:  -61), Packet Type: Unknown"
"1139","164.348831100","","","BT BR/EDR RF","22","0x0021c4f4","Transport: Any (BR 1Mbps), RF Channel:  4 (SP:  -44, NP:  -55), Packet Type: Unknown"
"1140","164.358836400","","","BT BR/EDR RF","22","0x0021c4f4","Transport: Any (BR 1Mbps), RF Channel:  4 (SP:  -72), Packet Type: Unknown"
"1141","164.762112700","","","BT BR/EDR RF","22","0x0021c4f4","Transport: Any (BR 1Mbps), RF Channel:  8 (SP:  -79), Packet Type: Unknown"
"1142","164.762512300","","","BT BR/EDR RF","22","0x0021c4f4","Transport: Any (BR 1Mbps), RF Channel:  8 (SP:  -72), Packet Type: Unknown"
"1143","164.848774000","","","BT BR/EDR RF","22","0x0021c4f4","Transport: Any (BR 1Mbps), RF Channel: 72 (SP:  -69), Packet Type: Unknown"
"1144","164.922627300","","","BT BR/EDR RF","22","0x0021c4f4","Transport: Any (BR 1Mbps), RF Channel: 57 (SP:  -58), Packet Type: Unknown"
"1145","165.242058500","","","BT BR/EDR RF","22","0x0021c4f4","Transport: Any (BR 1Mbps), RF Channel: 76 (SP:  -71), Packet Type: Unknown"
"1146","165.530112000","","","BT BR/EDR RF","22","0x0021c4f4","Transport: Any (BR 1Mbps), RF Channel: 63 (SP:  -72), Packet Type: Unknown"
"1147","165.562628100","","","BT BR/EDR RF","22","0x0021c4f4","Transport: Any (BR 1Mbps), RF Channel: 16 (SP:  -73), Packet Type: Unknown"
"1148","165.927753900","","","BT BR/EDR RF","22","0x0021c4f4","Transport: Any (BR 1Mbps), RF Channel: 67 (SP:  -76), Packet Type: Unknown"
"1149","166.129571700","","","BT BR/EDR RF","22","0x0021c4f4","Transport: Any (BR 1Mbps), RF Channel: 69 (SP:  -73), Packet Type: Unknown"
"1150","166.329367500","","","BT BR/EDR RF","22","0x0021c4f4","Transport: Any (BR 1Mbps), RF Channel: 71 (SP:  -70), Packet Type: Unknown"
"1151","166.441319100","","","BT BR/EDR RF","22","0x0021c4f4","Transport: Any (BR 1Mbps), RF Channel:  9 (SP:  -75), Packet Type: Unknown"
"1152","166.641511600","","","BT BR/EDR RF","22","0x0021c4f4","Transport: Any (BR 1Mbps), RF Channel: 11 (SP:  -72), Packet Type: Unknown"
"1153","166.722141400","","","BT BR/EDR RF","22","0x0021c4f4","Transport: Any (BR 1Mbps), RF Channel: 75 (SP:  -73), Packet Type: Unknown"
"1154","166.808788900","","","BT BR/EDR RF","22","0x0021c4f4","Transport: Any (BR 1Mbps), RF Channel: 60 (SP:  -73), Packet Type: Unknown"
"1155","166.832525200","","","BT BR/EDR RF","22","0x0021c4f4","Transport: Any (BR 1Mbps), RF Channel: 13 (SP:  -74), Packet Type: Unknown"
"1156","167.920738500","","","BT BR/EDR RF","22","0x0021c4f4","Transport: Any (BR 1Mbps), RF Channel:  8 (SP:  -78), Packet Type: Unknown"
"1157","167.983361100","","","BT BR/EDR RF","22","0x0021c4f4","Transport: Any (BR 1Mbps), RF Channel: 72 (SP:  -69), Packet Type: Unknown"
"1158","167.983762100","","","BT BR/EDR RF","22","0x0021c4f4","Transport: Any (BR 1Mbps), RF Channel: 72 (SP:  -69), Packet Type: Unknown"
"1159","168.082005900","","","BT BR/EDR RF","22","0x0021c4f4","Transport: Any (BR 1Mbps), RF Channel: 57 (SP:  -76), Packet Type: Unknown"
"1160","168.287442100","","","BT BR/EDR RF","22","0x0021c4f4","Transport: Any (BR 1Mbps), RF Channel: 59 (SP:  -74), Packet Type: Unknown"
"1161","168.289443000","","","BT BR/EDR RF","22","0x0021c4f4","Transport: Any (BR 1Mbps), RF Channel: 59 (SP:  -73), Packet Type: Unknown"
"1162","168.378208500","","","BT BR/EDR RF","22","0x0021c4f4","Transport: Any (BR 1Mbps), RF Channel: 76 (SP:  -72), Packet Type: Unknown"
"1163","168.401815300","","","BT BR/EDR RF","22","0x0021c4f4","Transport: Any (BR 1Mbps), RF Channel: 76 (SP:  -69), Packet Type: Unknown"
"1164","168.500172900","","","BT BR/EDR RF","22","0x0021c4f4","Transport: Any (BR 1Mbps), RF Channel: 14 (SP:  -74), Packet Type: Unknown"
"1165","168.658239700","","","BT BR/EDR RF","22","0x0021c4f4","Transport: Any (BR 1Mbps), RF Channel: 63 (SP:  -65), Packet Type: Unknown"
"1166","168.682658000","","","BT BR/EDR RF","22","0x0021c4f4","Transport: Any (BR 1Mbps), RF Channel: 63 (SP:  -72), Packet Type: Unknown"
"1167","168.787454100","","","BT BR/EDR RF","22","0x0021c4f4","Transport: Any (BR 1Mbps), RF Channel:  1 (SP:  -73), Packet Type: Unknown"
"1168","169.200695300","","","BT BR/EDR RF","22","0x0021c4f4","Transport: Any (BR 1Mbps), RF Channel:  5 (SP:  -79), Packet Type: Unknown"
"1169","169.201494200","","","BT BR/EDR RF","22","0x0021c4f4","Transport: Any (BR 1Mbps), RF Channel:  5 (SP:  -75), Packet Type: Unknown"
"1170","169.205099500","","","BT BR/EDR RF","22","0x0021c4f4","Transport: Any (BR 1Mbps), RF Channel:  5 (SP:  -72), Packet Type: Unknown"
"1171","169.289350200","","","BT BR/EDR RF","22","0x0021c4f4","Transport: Any (BR 1Mbps), RF Channel: 69 (SP:  -72), Packet Type: Unknown"
"1172","169.478343000","","","BT BR/EDR RF","22","0x0021c4f4","Transport: Any (BR 1Mbps), RF Channel: 71 (SP:  -71), Packet Type: Unknown"
"1173","169.881975900","","","BT BR/EDR RF","22","0x0021c4f4","Transport: Any (BR 1Mbps), RF Channel: 75 (SP:  -72), Packet Type: Unknown"
"1174","169.952616000","","","BT BR/EDR RF","22","0x0021c4f4","Transport: Any (BR 1Mbps), RF Channel: 60 (SP:  -74), Packet Type: Unknown"
"1175","170.481386700","","","BT BR/EDR RF","22","0x0021c4f4","Transport: Any (BR 1Mbps), RF Channel:  2 (SP:  -56), Packet Type: Unknown"
"1176","170.682021300","","","BT BR/EDR RF","22","0x0021c4f4","Transport: Any (BR 1Mbps), RF Channel:  4 (SP:  -77), Packet Type: Unknown"
"1177","170.682421700","","","BT BR/EDR RF","22","0x0021c4f4","Transport: Any (BR 1Mbps), RF Channel:  4 (SP:  -75), Packet Type: Unknown"
"1178","170.735859500","","","BT BR/EDR RF","22","0x0021c4f4","Transport: Any (BR 1Mbps), RF Channel: 68 (SP:  -76), Packet Type: Unknown"
"1179","170.736259200","","","BT BR/EDR RF","22","0x0021c4f4","Transport: Any (BR 1Mbps), RF Channel: 68 (SP:  -76), Packet Type: Unknown"
"1180","170.757463900","","","BT BR/EDR RF","22","0x0021c4f4","Transport: Any (BR 1Mbps), RF Channel: 68 (SP:  -73), Packet Type: Unknown"
"1181","170.800756100","","","BT BR/EDR RF","22","0x0021c4f4","Transport: Any (BR 1Mbps), RF Channel: 21 (SP:  -58), Packet Type: Unknown"
"1182","170.801157900","","","BT BR/EDR RF","22","0x0021c4f4","Transport: Any (BR 1Mbps), RF Channel: 21 (SP:  -59), Packet Type: Unknown"
"1183","170.842099600","","","BT BR/EDR RF","22","0x0021c4f4","Transport: Any (BR 1Mbps), RF Channel: 53 (SP:  -72), Packet Type: Unknown"
"1184","170.842499100","","","BT BR/EDR RF","22","0x0021c4f4","Transport: Any (BR 1Mbps), RF Channel: 53 (SP:  -72), Packet Type: Unknown"
"1185","171.150658100","","","BT BR/EDR RF","22","0x0021c4f4","Transport: Any (BR 1Mbps), RF Channel: 72 (SP:  -71), Packet Type: Unknown"
"1186","171.165862700","","","BT BR/EDR RF","22","0x0021c4f4","Transport: Any (BR 1Mbps), RF Channel: 72 (SP:  -70), Packet Type: Unknown"
"1187","171.249318900","","","BT BR/EDR RF","22","0x0021c4f4","Transport: Any (BR 1Mbps), RF Channel: 57 (SP:  -75), Packet Type: Unknown"
"1188","171.368067800","","","BT BR/EDR RF","22","0x0021c4f4","Transport: Any (BR 1Mbps), RF Channel: 74 (SP:  -69), Packet Type: Unknown"
"1189","171.842730400","","","BT BR/EDR RF","22","0x0021c4f4","Transport: Any (BR 1Mbps), RF Channel: 63 (SP:  -73), Packet Type: Unknown"
"1190","171.901383500","","","BT BR/EDR RF","22","0x0021c4f4","Transport: Any (BR 1Mbps), RF Channel: 48 (SP:  -59), Packet Type: Unknown"
"1191","171.924988600","","","BT BR/EDR RF","22","0x0021c4f4","Transport: Any (BR 1Mbps), RF Channel: 48 (SP:  -60), Packet Type: Unknown"
"1192","172.080759800","","","BT BR/EDR RF","22","0x0021c4f4","Transport: Any (BR 1Mbps), RF Channel: 18 (SP:  -79), Packet Type: Unknown"
"1193","172.081160100","","","BT BR/EDR RF","22","0x0021c4f4","Transport: Any (BR 1Mbps), RF Channel: 18 (SP:  -76), Packet Type: Unknown"
"1194","172.151008100","","","BT BR/EDR RF","22","0x0029cfc6","Transport: Any (BR 1Mbps), RF Channel:  3 (SP:  -80), Packet Type: Unknown"
"1195","172.296305500","","","BT BR/EDR RF","22","0x0021c4f4","Transport: Any (BR 1Mbps), RF Channel: 52 (SP:  -71), Packet Type: Unknown"
"1196","172.449454000","","","BT BR/EDR RF","22","0x0021c4f4","Transport: Any (BR 1Mbps), RF Channel: 69 (SP:  -74), Packet Type: Unknown"
"1197","172.648021600","","","BT BR/EDR RF","22","0x0021c4f4","Transport: Any (BR 1Mbps), RF Channel: 71 (SP:  -72), Packet Type: Unknown"
"1198","172.648821100","","","BT BR/EDR RF","22","0x0021c4f4","Transport: Any (BR 1Mbps), RF Channel: 71 (SP:  -71), Packet Type: Unknown"
"1199","172.769964600","","","BT BR/EDR RF","22","0x0021c4f4","Transport: Any (BR 1Mbps), RF Channel:  9 (SP:  -75), Packet Type: Unknown"
"1200","172.930046100","","","BT BR/EDR RF","22","0x0021c4f4","Transport: Any (BR 1Mbps), RF Channel: 58 (SP:  -72), Packet Type: Unknown"
"1201","173.041242100","","","BT BR/EDR RF","22","0x0021c4f4","Transport: Any (BR 1Mbps), RF Channel: 75 (SP:  -71), Packet Type: Unknown"
"1202","173.113870500","","","BT BR/EDR RF","22","0x0021c4f4","Transport: Any (BR 1Mbps), RF Channel: 60 (SP:  -57), Packet Type: Unknown"
"1203","173.215831500","","","BT BR/EDR RF","22","0x0021c4f4","Transport: Any (BR 1Mbps), RF Channel: 77 (SP:  -73), Packet Type: Unknown"
"1204","173.216230600","","","BT BR/EDR RF","22","0x0021c4f4","Transport: Any (BR 1Mbps), RF Channel: 77 (SP:  -73), Packet Type: Unknown"
"1205","173.354967900","","","BT BR/EDR RF","22","0x0021c4f4","Transport: Any (BR 1Mbps), RF Channel: 15 (SP:  -72), Packet Type: Unknown"
"1206","173.638672200","","","BT BR/EDR RF","22","0x0021c4f4","Transport: Any (BR 1Mbps), RF Channel:  2 (SP:  -53, NP:  -55), Packet Type: Unknown"
"1207","173.740219200","","","BT BR/EDR RF","22","0x0021c4f4","Transport: Any (BR 1Mbps), RF Channel: 19 (SP:  -76), Packet Type: Unknown"
"1208","174.048239000","","","BT BR/EDR RF","22","0x0021c4f4","Transport: Any (BR 1Mbps), RF Channel:  6 (SP:  -76), Packet Type: Unknown"
"1209","174.048639000","","","BT BR/EDR RF","22","0x0021c4f4","Transport: Any (BR 1Mbps), RF Channel:  6 (SP:  -75), Packet Type: Unknown"
"1210","174.208711300","","","BT BR/EDR RF","22","0x0021c4f4","Transport: Any (BR 1Mbps), RF Channel: 55 (SP:  -70), Packet Type: Unknown"
"1211","174.918118700","","","BT BR/EDR RF","22","0x0021c4f4","Transport: Any (BR 1Mbps), RF Channel: 78 (SP:  -63), Packet Type: Unknown"
"1212","175.088253900","","","BT BR/EDR RF","22","0x0021c4f4","Transport: Any (BR 1Mbps), RF Channel: 48 (SP:  -80), Packet Type: Unknown"
"1213","175.282520900","","","BT BR/EDR RF","22","0x0021c4f4","Transport: Any (BR 1Mbps), RF Channel: 50 (SP:  -71), Packet Type: Unknown"
"1214","175.983941900","","","BT BR/EDR RF","22","0x0021c4f4","Transport: Any (BR 1Mbps), RF Channel: 73 (SP:  -73), Packet Type: Unknown"
"1215","176.198152100","","","BT BR/EDR RF","22","0x0021c4f4","Transport: Any (BR 1Mbps), RF Channel: 75 (SP:  -72), Packet Type: Unknown"
"1216","176.405558200","","","BT BR/EDR RF","22","0x0021c4f4","Transport: Any (BR 1Mbps), RF Channel: 77 (SP:  -73), Packet Type: Unknown"
"1217","176.509913700","","","BT BR/EDR RF","22","0x0021c4f4","Transport: Any (BR 1Mbps), RF Channel: 15 (SP:  -74), Packet Type: Unknown"
"1218","176.528710500","","","BT BR/EDR RF","22","0x0021c4f4","Transport: Any (BR 1Mbps), RF Channel: 15 (SP:  -72), Packet Type: Unknown"
"1219","177.281815100","","","BT BR/EDR RF","22","0x0021c4f4","Transport: Any (BR 1Mbps), RF Channel: 70 (SP:  -73), Packet Type: Unknown"
"1220","177.282614600","","","BT BR/EDR RF","22","0x0021c4f4","Transport: Any (BR 1Mbps), RF Channel: 70 (SP:  -73), Packet Type: Unknown"
"1221","177.368869700","","","BT BR/EDR RF","22","0x0021c4f4","Transport: Any (BR 1Mbps), RF Channel: 55 (SP:  -71), Packet Type: Unknown"
"1222","177.478035200","","","BT BR/EDR RF","22","0x0021c4f4","Transport: Any (BR 1Mbps), RF Channel: 72 (SP:  -73), Packet Type: Unknown"
"1223","177.537477100","","","BT BR/EDR RF","22","0x0021c4f4","Transport: Any (BR 1Mbps), RF Channel: 57 (SP:  -73), Packet Type: Unknown"
"1224","177.762045600","","","BT BR/EDR RF","22","0x0021c4f4","Transport: Any (BR 1Mbps), RF Channel: 59 (SP:  -63), Packet Type: Unknown"
"1225","178.402356100","","","BT BR/EDR RF","22","0x0021c4f4","Transport: Any (BR 1Mbps), RF Channel: 18 (SP:  -75), Packet Type: Unknown"
"1226","178.481400000","","","BT BR/EDR RF","22","0x0021c4f4","Transport: Any (BR 1Mbps), RF Channel:  3 (SP:  -46, NP:  -55), Packet Type: Unknown"
"1227","178.609385600","","","BT BR/EDR RF","22","0x0021c4f4","Transport: Any (BR 1Mbps), RF Channel: 20 (SP:  -81), Packet Type: Unknown"
"1228","178.610184300","","","BT BR/EDR RF","22","0x0021c4f4","Transport: Any (BR 1Mbps), RF Channel: 20 (SP:  -71), Packet Type: Unknown"
"1229","178.841733100","","","BT BR/EDR RF","22","0x0021c4f4","Transport: Any (BR 1Mbps), RF Channel: 54 (SP:  -73), Packet Type: Unknown"
"1230","179.090111100","","","BT BR/EDR RF","22","0x0021c4f4","Transport: Any (BR 1Mbps), RF Channel:  9 (SP:  -74), Packet Type: Unknown"
"1231","179.241381700","","","BT BR/EDR RF","22","0x0021c4f4","Transport: Any (BR 1Mbps), RF Channel: 58 (SP:  -72), Packet Type: Unknown"
"1232","179.629373900","","","BT BR/EDR RF","22","0x0021c4f4","Transport: Any (BR 1Mbps), RF Channel: 62 (SP:  -75), Packet Type: Unknown"
"1233","179.760571600","","","BT BR/EDR RF","22","0x0021c4f4","Transport: Any (BR 1Mbps), RF Channel:  0 (SP:  -37, NP:  -55), Packet Type: Unknown"
"1234","179.929881500","","","BT BR/EDR RF","22","0x0021c4f4","Transport: Any (BR 1Mbps), RF Channel: 49 (SP:  -74), Packet Type: Unknown"
"1235","179.937198500","","","BT BR/EDR RF","22","0x0029cfc6","Transport: Any (BR 1Mbps), RF Channel:  2 (SP:  -76), Packet Type: Unknown"
"1236","179.962407200","","","BT BR/EDR RF","22","0x0021c4f4","Transport: Any (BR 1Mbps), RF Channel:  2 (SP:  -73), Packet Type: Unknown"
"1237","180.045037600","","","BT BR/EDR RF","22","0x0021c4f4","Transport: Any (BR 1Mbps), RF Channel: 66 (SP:  -72), Packet Type: Unknown"
"1238","180.088745200","","","BT BR/EDR RF","22","0x0021c4f4","Transport: Any (BR 1Mbps), RF Channel: 19 (SP:  -77), Packet Type: Unknown"
"1239","180.239628800","","","BT BR/EDR RF","22","0x0029cfc6","Transport: Any (BR 1Mbps), RF Channel: 68 (SP:  -72), Packet Type: Unknown"
"1240","180.382093100","","","BT BR/EDR RF","22","0x00e016b7","Transport: Any (BR 1Mbps), RF Channel: 38 (SP:  -72), Packet Type: Unknown"
"1241","180.439390500","","","BT BR/EDR RF","22","0x0021c4f4","Transport: Any (BR 1Mbps), RF Channel: 70 (SP:  -79), Packet Type: Unknown"
"1242","180.534967100","","","BT BR/EDR RF","22","0x0021c4f4","Transport: Any (BR 1Mbps), RF Channel:  8 (SP:  -74), Packet Type: Unknown"
"1243","180.650005400","","","BT BR/EDR RF","22","0x0021c4f4","Transport: Any (BR 1Mbps), RF Channel: 72 (SP:  -73), Packet Type: Unknown"
"1244","180.841840200","","","BT BR/EDR RF","22","0x0021c4f4","Transport: Any (BR 1Mbps), RF Channel: 74 (SP:  -73), Packet Type: Unknown"
"1245","180.842641000","","","BT BR/EDR RF","22","0x0021c4f4","Transport: Any (BR 1Mbps), RF Channel: 74 (SP:  -73), Packet Type: Unknown"
"1246","180.844242200","","","BT BR/EDR RF","22","0x0021c4f4","Transport: Any (BR 1Mbps), RF Channel: 74 (SP:  -73), Packet Type: Unknown"
"1247","180.845045000","","","BT BR/EDR RF","22","0x0021c4f4","Transport: Any (BR 1Mbps), RF Channel: 74 (SP:  -73), Packet Type: Unknown"
"1248","181.230640100","","","BT BR/EDR RF","22","0x0021c4f4","Transport: Any (BR 1Mbps), RF Channel: 78 (SP:  -73), Packet Type: Unknown"
"1249","181.608197500","","","BT BR/EDR RF","22","0x0021c4f4","Transport: Any (BR 1Mbps), RF Channel: 50 (SP:  -75), Packet Type: Unknown"
"1250","182.001386900","","","BT BR/EDR RF","22","0x0021c4f4","Transport: Any (BR 1Mbps), RF Channel: 54 (SP:  -72), Packet Type: Unknown"
"1251","182.248137100","","","BT BR/EDR RF","22","0x0021c4f4","Transport: Any (BR 1Mbps), RF Channel:  9 (SP:  -79), Packet Type: Unknown"
"1252","182.321194800","","","BT BR/EDR RF","22","0x0021c4f4","Transport: Any (BR 1Mbps), RF Channel: 73 (SP:  -73), Packet Type: Unknown"
"1253","182.529420900","","","BT BR/EDR RF","22","0x0021c4f4","Transport: Any (BR 1Mbps), RF Channel: 75 (SP:  -69), Packet Type: Unknown"
"1254","182.807426500","","","BT BR/EDR RF","22","0x0021c4f4","Transport: Any (BR 1Mbps), RF Channel: 62 (SP:  -74), Packet Type: Unknown"
"1255","183.048576300","","","BT BR/EDR RF","22","0x0021c4f4","Transport: Any (BR 1Mbps), RF Channel: 17 (SP:  -74), Packet Type: Unknown"
"1256","183.080698900","","","BT BR/EDR RF","22","0x0021c4f4","Transport: Any (BR 1Mbps), RF Channel: 49 (SP:  -75), Packet Type: Unknown"
"1257","183.081098900","","","BT BR/EDR RF","22","0x0021c4f4","Transport: Any (BR 1Mbps), RF Channel: 49 (SP:  -72), Packet Type: Unknown"
"1258","183.202656900","","","BT BR/EDR RF","22","0x0021c4f4","Transport: Any (BR 1Mbps), RF Channel: 66 (SP:  -76), Packet Type: Unknown"
"1259","183.281319200","","","BT BR/EDR RF","22","0x0021c4f4","Transport: Any (BR 1Mbps), RF Channel: 51 (SP:  -71), Packet Type: Unknown"
"1260","183.409276300","","","BT BR/EDR RF","22","0x0021c4f4","Transport: Any (BR 1Mbps), RF Channel: 68 (SP:  -78), Packet Type: Unknown"
"1261","183.670916600","","","BT BR/EDR RF","22","0x0029cfc6","Transport: Any (BR 1Mbps), RF Channel: 55 (SP:  -73), Packet Type: Unknown"
"1262","183.881934000","","","BT BR/EDR RF","22","0x0021c4f4","Transport: Any (BR 1Mbps), RF Channel: 57 (SP:  -73), Packet Type: Unknown"
"1263","184.200466000","","","BT BR/EDR RF","22","0x0021c4f4","Transport: Any (BR 1Mbps), RF Channel: 76 (SP:  -70), Packet Type: Unknown"
"1264","184.490124100","","","BT BR/EDR RF","22","0x0021c4f4","Transport: Any (BR 1Mbps), RF Channel: 63 (SP:  -74), Packet Type: Unknown"
"1265","184.521874800","","","BT BR/EDR RF","22","0x0021c4f4","Transport: Any (BR 1Mbps), RF Channel: 16 (SP:  -45, NP:  -55), Packet Type: Unknown"
"1266","184.738233400","","","BT BR/EDR RF","22","0x0021c4f4","Transport: Any (BR 1Mbps), RF Channel: 50 (SP:  -72), Packet Type: Unknown"
"1267","184.768237000","","","BT BR/EDR RF","22","0x0021c4f4","Transport: Any (BR 1Mbps), RF Channel: 50 (SP:  -73), Packet Type: Unknown"
"1268","184.768637400","","","BT BR/EDR RF","22","0x0021c4f4","Transport: Any (BR 1Mbps), RF Channel: 50 (SP:  -72), Packet Type: Unknown"
"1269","185.088000900","","","BT BR/EDR RF","22","0x0021c4f4","Transport: Any (BR 1Mbps), RF Channel: 69 (SP:  -77), Packet Type: Unknown"
"1270","185.088800000","","","BT BR/EDR RF","22","0x0021c4f4","Transport: Any (BR 1Mbps), RF Channel: 69 (SP:  -77), Packet Type: Unknown"
"1271","185.170687100","","","BT BR/EDR RF","22","0x0021c4f4","Transport: Any (BR 1Mbps), RF Channel: 54 (SP:  -73), Packet Type: Unknown"
"1272","185.284225900","","","BT BR/EDR RF","22","0x0021c4f4","Transport: Any (BR 1Mbps), RF Channel: 71 (SP:  -72), Packet Type: Unknown"
"1273","185.489223500","","","BT BR/EDR RF","22","0x0021c4f4","Transport: Any (BR 1Mbps), RF Channel: 73 (SP:  -71), Packet Type: Unknown"
"1274","185.679450900","","","BT BR/EDR RF","22","0x0021c4f4","Transport: Any (BR 1Mbps), RF Channel: 75 (SP:  -72), Packet Type: Unknown"
"1275","185.802641000","","","BT BR/EDR RF","22","0x0021c4f4","Transport: Any (BR 1Mbps), RF Channel: 13 (SP:  -74), Packet Type: Unknown"
"1276","185.967933700","","","BT BR/EDR RF","22","0x0021c4f4","Transport: Any (BR 1Mbps), RF Channel: 62 (SP:  -77), Packet Type: Unknown"
"1277","186.010051800","","","BT BR/EDR RF","22","0x0021c4f4","Transport: Any (BR 1Mbps), RF Channel: 15 (SP:  -74), Packet Type: Unknown"
"1278","186.441851500","","","BT BR/EDR RF","22","0x0021c4f4","Transport: Any (BR 1Mbps), RF Channel: 51 (SP:  -69), Packet Type: Unknown"
"1279","186.586335100","","","BT BR/EDR RF","22","0x0021c4f4","Transport: Any (BR 1Mbps), RF Channel: 21 (SP:  -75), Packet Type: Unknown"
"1280","186.768047100","","","BT BR/EDR RF","22","0x0021c4f4","Transport: Any (BR 1Mbps), RF Channel: 70 (SP:  -73), Packet Type: Unknown"
"1281","186.840699000","","","BT BR/EDR RF","22","0x0021c4f4","Transport: Any (BR 1Mbps), RF Channel: 55 (SP:  -72), Packet Type: Unknown"
"1282","186.841097400","","","BT BR/EDR RF","22","0x0021c4f4","Transport: Any (BR 1Mbps), RF Channel: 55 (SP:  -72), Packet Type: Unknown"
"1283","187.635559600","","","BT BR/EDR RF","22","0x0021c4f4","Transport: Any (BR 1Mbps), RF Channel: 63 (SP:  -79), Packet Type: Unknown"
"1284","187.969829700","","","BT BR/EDR RF","22","0x0021c4f4","Transport: Any (BR 1Mbps), RF Channel:  3 (SP:  -73), Packet Type: Unknown"
"1285","188.142460300","","","BT BR/EDR RF","22","0x0021c4f4","Transport: Any (BR 1Mbps), RF Channel:  5 (SP:  -47, NP:  -55), Packet Type: Unknown"
"1286","188.158062200","","","BT BR/EDR RF","22","0x0021c4f4","Transport: Any (BR 1Mbps), RF Channel:  5 (SP:  -79), Packet Type: Unknown"
"1287","188.328571300","","","BT BR/EDR RF","22","0x0021c4f4","Transport: Any (BR 1Mbps), RF Channel: 54 (SP:  -72), Packet Type: Unknown"
"1288","188.449319700","","","BT BR/EDR RF","22","0x0021c4f4","Transport: Any (BR 1Mbps), RF Channel: 71 (SP:  -73), Packet Type: Unknown"
"1289","188.769820200","","","BT BR/EDR RF","22","0x0021c4f4","Transport: Any (BR 1Mbps), RF Channel: 11 (SP:  -75), Packet Type: Unknown"
"1290","188.929485100","","","BT BR/EDR RF","22","0x0021c4f4","Transport: Any (BR 1Mbps), RF Channel: 60 (SP:  -73), Packet Type: Unknown"
"1291","188.962412600","","","BT BR/EDR RF","22","0x0021c4f4","Transport: Any (BR 1Mbps), RF Channel: 13 (SP:  -74), Packet Type: Unknown"
"1292","189.158647900","","","BT BR/EDR RF","22","0x0021c4f4","Transport: Any (BR 1Mbps), RF Channel: 15 (SP:  -73), Packet Type: Unknown"
"1293","189.558625400","","","BT BR/EDR RF","22","0x0021c4f4","Transport: Any (BR 1Mbps), RF Channel: 19 (SP:  -75), Packet Type: Unknown"
"1294","189.577938900","","","BT BR/EDR RF","22","0x0021c4f4","Transport: Any (BR 1Mbps), RF Channel: 51 (SP:  -72), Packet Type: Unknown"
"1295","189.601148100","","","BT BR/EDR RF","22","0x0021c4f4","Transport: Any (BR 1Mbps), RF Channel: 51 (SP:  -72), Packet Type: Unknown"
"1296","189.609947200","","","BT BR/EDR RF","22","0x0021c4f4","Transport: Any (BR 1Mbps), RF Channel: 51 (SP:  -72), Packet Type: Unknown"
"1297","189.714303500","","","BT BR/EDR RF","22","0x0021c4f4","Transport: Any (BR 1Mbps), RF Channel: 68 (SP:  -77), Packet Type: Unknown"
"1298","189.770016000","","","BT BR/EDR RF","22","0x0021c4f4","Transport: Any (BR 1Mbps), RF Channel: 21 (SP:  -80), Packet Type: Unknown"
"1299","189.920503100","","","BT BR/EDR RF","22","0x0021c4f4","Transport: Any (BR 1Mbps), RF Channel: 70 (SP:  -77), Packet Type: Unknown"
"1300","190.038538100","","","BT BR/EDR RF","22","0x0021c4f4","Transport: Any (BR 1Mbps), RF Channel:  8 (SP:  -72), Packet Type: Unknown"
"1301","190.198220300","","","BT BR/EDR RF","22","0x0021c4f4","Transport: Any (BR 1Mbps), RF Channel: 57 (SP:  -72), Packet Type: Unknown"
"1302","190.198619600","","","BT BR/EDR RF","22","0x0021c4f4","Transport: Any (BR 1Mbps), RF Channel: 57 (SP:  -72), Packet Type: Unknown"
"1303","190.328206100","","","BT BR/EDR RF","22","0x0021c4f4","Transport: Any (BR 1Mbps), RF Channel: 74 (SP:  -69), Packet Type: Unknown"
"1304","190.373657900","","","BT BR/EDR RF","22","0x0021c4f4","Transport: Any (BR 1Mbps), RF Channel: 59 (SP:  -64), Packet Type: Unknown"
"1305","190.411276500","","","BT BR/EDR RF","22","0x0021c4f4","Transport: Any (BR 1Mbps), RF Channel: 59 (SP:  -73), Packet Type: Unknown"
"1306","190.438591800","","","BT BR/EDR RF","22","0x0021c4f4","Transport: Any (BR 1Mbps), RF Channel: 12 (SP:  -73), Packet Type: Unknown"
"1307","190.720570700","","","BT BR/EDR RF","22","0x0021c4f4","Transport: Any (BR 1Mbps), RF Channel: 78 (SP:  -75), Packet Type: Unknown"
"1308","191.078124400","","","BT BR/EDR RF","22","0x0021c4f4","Transport: Any (BR 1Mbps), RF Channel: 50 (SP:  -72), Packet Type: Unknown"
"1309","191.407957000","","","BT BR/EDR RF","22","0x0021c4f4","Transport: Any (BR 1Mbps), RF Channel: 69 (SP:  -76), Packet Type: Unknown"
"1310","191.408758600","","","BT BR/EDR RF","22","0x0021c4f4","Transport: Any (BR 1Mbps), RF Channel: 69 (SP:  -75), Packet Type: Unknown"
"1311","191.600553300","","","BT BR/EDR RF","22","0x0021c4f4","Transport: Any (BR 1Mbps), RF Channel: 71 (SP:  -72), Packet Type: Unknown"
"1312","191.670395500","","","BT BR/EDR RF","22","0x0021c4f4","Transport: Any (BR 1Mbps), RF Channel: 56 (SP:  -77), Packet Type: Unknown"
"1313","191.717313600","","","BT BR/EDR RF","22","0x0029cfc6","Transport: Any (BR 1Mbps), RF Channel:  9 (SP:  -72), Packet Type: Unknown"
"1314","191.921118000","","","BT BR/EDR RF","22","0x0021c4f4","Transport: Any (BR 1Mbps), RF Channel: 11 (SP:  -73), Packet Type: Unknown"
"1315","192.008166000","","","BT BR/EDR RF","22","0x0021c4f4","Transport: Any (BR 1Mbps), RF Channel: 75 (SP:  -71), Packet Type: Unknown"
"1316","192.473661000","","","BT BR/EDR RF","22","0x0021c4f4","Transport: Any (BR 1Mbps), RF Channel: 64 (SP:  -74), Packet Type: Unknown"
"1317","192.482454100","","","BT BR/EDR RF","22","0x0021c4f4","Transport: Any (BR 1Mbps), RF Channel: 64 (SP:  -60), Packet Type: Unknown"
"1318","192.582399000","","","BT BR/EDR RF","22","0x0021c4f4","Transport: Any (BR 1Mbps), RF Channel:  2 (SP:  -72), Packet Type: Unknown"
"1319","192.929789700","","","BT BR/EDR RF","22","0x0021c4f4","Transport: Any (BR 1Mbps), RF Channel: 21 (SP:  -79), Packet Type: Unknown"
"1320","193.288019100","","","BT BR/EDR RF","22","0x0021c4f4","Transport: Any (BR 1Mbps), RF Channel: 72 (SP:  -75), Packet Type: Unknown"
"1321","193.288818800","","","BT BR/EDR RF","22","0x0021c4f4","Transport: Any (BR 1Mbps), RF Channel: 72 (SP:  -75), Packet Type: Unknown"
"1322","193.381187300","","","BT BR/EDR RF","22","0x0021c4f4","Transport: Any (BR 1Mbps), RF Channel: 10 (SP:  -74), Packet Type: Unknown"
"1323","193.569280000","","","BT BR/EDR RF","22","0x0021c4f4","Transport: Any (BR 1Mbps), RF Channel: 59 (SP:  -75), Packet Type: Unknown"
"1324","193.570078900","","","BT BR/EDR RF","22","0x0021c4f4","Transport: Any (BR 1Mbps), RF Channel: 59 (SP:  -72), Packet Type: Unknown"
"1325","193.593403000","","","BT BR/EDR RF","22","0x0029cfc6","Transport: Any (BR 1Mbps), RF Channel: 12 (SP:  -74), Packet Type: Unknown"
"1326","193.768637600","","","BT BR/EDR RF","22","0x0021c4f4","Transport: Any (BR 1Mbps), RF Channel: 61 (SP:  -73), Packet Type: Unknown"
"1327","194.006195900","","","BT BR/EDR RF","22","0x0021c4f4","Transport: Any (BR 1Mbps), RF Channel: 16 (SP:  -72), Packet Type: Unknown"
"1328","194.049953700","","","BT BR/EDR RF","22","0x0021c4f4","Transport: Any (BR 1Mbps), RF Channel: 48 (SP:  -71), Packet Type: Unknown"
"1329","194.277944200","","","BT BR/EDR RF","22","0x0021c4f4","Transport: Any (BR 1Mbps), RF Channel:  3 (SP:  -81), Packet Type: Unknown"
"1330","194.278742800","","","BT BR/EDR RF","22","0x0021c4f4","Transport: Any (BR 1Mbps), RF Channel:  3 (SP:  -72), Packet Type: Unknown"
"1331","194.368175600","","","BT BR/EDR RF","22","0x0021c4f4","Transport: Any (BR 1Mbps), RF Channel: 67 (SP:  -80), Packet Type: Unknown"
"1332","194.569978000","","","BT BR/EDR RF","22","0x0021c4f4","Transport: Any (BR 1Mbps), RF Channel: 69 (SP:  -63), Packet Type: Unknown"
"1333","194.945671700","","","BT BR/EDR RF","22","0x0021c4f4","Transport: Any (BR 1Mbps), RF Channel: 73 (SP:  -70), Packet Type: Unknown"
"1334","194.960472700","","","BT BR/EDR RF","22","0x0021c4f4","Transport: Any (BR 1Mbps), RF Channel: 73 (SP:  -70), Packet Type: Unknown"
"1335","195.049890700","","","BT BR/EDR RF","22","0x0021c4f4","Transport: Any (BR 1Mbps), RF Channel: 58 (SP:  -73), Packet Type: Unknown"
"1336","195.218520300","","","BT BR/EDR RF","22","0x0021c4f4","Transport: Any (BR 1Mbps), RF Channel: 60 (SP:  -74), Packet Type: Unknown"
"1337","195.361672100","","","BT BR/EDR RF","22","0x0021c4f4","Transport: Any (BR 1Mbps), RF Channel: 77 (SP:  -73), Packet Type: Unknown"
"1338","195.478826300","","","BT BR/EDR RF","22","0x0021c4f4","Transport: Any (BR 1Mbps), RF Channel: 15 (SP:  -50, NP:  -55), Packet Type: Unknown"
"1339","195.849958100","","","BT BR/EDR RF","22","0x0021c4f4","Transport: Any (BR 1Mbps), RF Channel: 66 (SP:  -74), Packet Type: Unknown"
"1340","196.118008600","","","BT BR/EDR RF","22","0x0021c4f4","Transport: Any (BR 1Mbps), RF Channel: 53 (SP:  -73), Packet Type: Unknown"
"1341","196.118810100","","","BT BR/EDR RF","22","0x0021c4f4","Transport: Any (BR 1Mbps), RF Channel: 53 (SP:  -72), Packet Type: Unknown"
"1342","196.329439900","","","BT BR/EDR RF","22","0x0021c4f4","Transport: Any (BR 1Mbps), RF Channel: 55 (SP:  -77), Packet Type: Unknown"
"1343","196.925658900","","","BT BR/EDR RF","22","0x0021c4f4","Transport: Any (BR 1Mbps), RF Channel: 61 (SP:  -75), Packet Type: Unknown"
"1344","196.926060300","","","BT BR/EDR RF","22","0x0021c4f4","Transport: Any (BR 1Mbps), RF Channel: 61 (SP:  -73), Packet Type: Unknown"
"1345","197.208524200","","","BT BR/EDR RF","22","0x0021c4f4","Transport: Any (BR 1Mbps), RF Channel: 48 (SP:  -72), Packet Type: Unknown"
"1346","197.241067200","","","BT BR/EDR RF","22","0x0021c4f4","Transport: Any (BR 1Mbps), RF Channel:  1 (SP:  -53, NP:  -55), Packet Type: Unknown"
"1347","197.401168200","","","BT BR/EDR RF","22","0x0021c4f4","Transport: Any (BR 1Mbps), RF Channel: 50 (SP:  -72), Packet Type: Unknown"
"1348","197.438496600","","","BT BR/EDR RF","22","0x0021c4f4","Transport: Any (BR 1Mbps), RF Channel:  3 (SP:  -73), Packet Type: Unknown"
"1349","197.527941900","","","BT BR/EDR RF","22","0x0021c4f4","Transport: Any (BR 1Mbps), RF Channel: 67 (SP:  -63), Packet Type: Unknown"
"1350","197.528740700","","","BT BR/EDR RF","22","0x0021c4f4","Transport: Any (BR 1Mbps), RF Channel: 67 (SP:  -63), Packet Type: Unknown"
"1351","197.561275300","","","BT BR/EDR RF","22","0x0021c4f4","Transport: Any (BR 1Mbps), RF Channel: 20 (SP:  -76), Packet Type: Unknown"
"1352","197.641916000","","","BT BR/EDR RF","22","0x0021c4f4","Transport: Any (BR 1Mbps), RF Channel:  5 (SP:  -81), Packet Type: Unknown"
"1353","197.642316000","","","BT BR/EDR RF","22","0x0021c4f4","Transport: Any (BR 1Mbps), RF Channel:  5 (SP:  -72), Packet Type: Unknown"
"1354","197.809216200","","","BT BR/EDR RF","22","0x0021c4f4","Transport: Any (BR 1Mbps), RF Channel: 54 (SP:  -72), Packet Type: Unknown"
"1355","197.810015800","","","BT BR/EDR RF","22","0x0021c4f4","Transport: Any (BR 1Mbps), RF Channel: 54 (SP:  -72), Packet Type: Unknown"
"1356","197.828535500","","","BT BR/EDR RF","22","0x0021c4f4","Transport: Any (BR 1Mbps), RF Channel:  7 (SP:  -74), Packet Type: Unknown"
"1357","197.848127200","","","BT BR/EDR RF","22","0x0021c4f4","Transport: Any (BR 1Mbps), RF Channel:  7 (SP:  -81), Packet Type: Unknown"
"1358","198.109385500","","","BT BR/EDR RF","22","0x0021c4f4","Transport: Any (BR 1Mbps), RF Channel: 73 (SP:  -70), Packet Type: Unknown"
"1359","199.089156600","","","BT BR/EDR RF","22","0x0021c4f4","Transport: Any (BR 1Mbps), RF Channel: 51 (SP:  -73), Packet Type: Unknown"
"1360","199.120875100","","","BT BR/EDR RF","22","0x0029cfc6","Transport: Any (BR 1Mbps), RF Channel:  4 (SP:  -73), Packet Type: Unknown"
"1361","199.258555200","","","BT BR/EDR RF","22","0x0021c4f4","Transport: Any (BR 1Mbps), RF Channel: 53 (SP:  -56), Packet Type: Unknown"
"1362","199.398100700","","","BT BR/EDR RF","22","0x0021c4f4","Transport: Any (BR 1Mbps), RF Channel: 70 (SP:  -72), Packet Type: Unknown"
"1363","199.607942500","","","BT BR/EDR RF","22","0x0021c4f4","Transport: Any (BR 1Mbps), RF Channel: 72 (SP:  -72), Packet Type: Unknown"
"1364","199.792978900","","","BT BR/EDR RF","22","0x0021c4f4","Transport: Any (BR 1Mbps), RF Channel: 74 (SP:  -71), Packet Type: Unknown"
"1365","200.057836300","","","BT BR/EDR RF","22","0x0021c4f4","Transport: Any (BR 1Mbps), RF Channel: 61 (SP:  -74), Packet Type: Unknown"
"1366","200.058638600","","","BT BR/EDR RF","22","0x0021c4f4","Transport: Any (BR 1Mbps), RF Channel: 61 (SP:  -72), Packet Type: Unknown"
"1367","200.089845100","","","BT BR/EDR RF","22","0x0021c4f4","Transport: Any (BR 1Mbps), RF Channel: 61 (SP:  -74), Packet Type: Unknown"
"1368","200.308545700","","","BT BR/EDR RF","22","0x0021c4f4","Transport: Any (BR 1Mbps), RF Channel: 16 (SP:  -73), Packet Type: Unknown"
"1369","200.367929100","","","BT BR/EDR RF","22","0x0021c4f4","Transport: Any (BR 1Mbps), RF Channel: 48 (SP:  -60), Packet Type: Unknown"
"1370","200.368728100","","","BT BR/EDR RF","22","0x0021c4f4","Transport: Any (BR 1Mbps), RF Channel: 48 (SP:  -60), Packet Type: Unknown"
"1371","200.482296000","","","BT BR/EDR RF","22","0x0021c4f4","Transport: Any (BR 1Mbps), RF Channel: 65 (SP:  -50, NP:  -55), Packet Type: Unknown"
"1372","200.568133400","","","BT BR/EDR RF","22","0x0021c4f4","Transport: Any (BR 1Mbps), RF Channel: 50 (SP:  -69), Packet Type: Unknown"
"1373","200.597845700","","","BT BR/EDR RF","22","0x0021c4f4","Transport: Any (BR 1Mbps), RF Channel:  3 (SP:  -45, NP:  -55), Packet Type: Unknown"
"1374","200.598647300","","","BT BR/EDR RF","22","0x0021c4f4","Transport: Any (BR 1Mbps), RF Channel:  3 (SP:  -45, NP:  -55), Packet Type: Unknown"
"1375","201.351769600","","","BT BR/EDR RF","22","0x0021c4f4","Transport: Any (BR 1Mbps), RF Channel: 58 (SP:  -73), Packet Type: Unknown"
"1376","201.557933700","","","BT BR/EDR RF","22","0x0021c4f4","Transport: Any (BR 1Mbps), RF Channel: 60 (SP:  -75), Packet Type: Unknown"
"1377","202.002483000","","","BT BR/EDR RF","22","0x0021c4f4","Transport: Any (BR 1Mbps), RF Channel: 17 (SP:  -74), Packet Type: Unknown"
"1378","202.049798300","","","BT BR/EDR RF","22","0x0021c4f4","Transport: Any (BR 1Mbps), RF Channel: 49 (SP:  -72), Packet Type: Unknown"
"1379","202.137361300","","","BT BR/EDR RF","22","0x0021c4f4","Transport: Any (BR 1Mbps), RF Channel: 66 (SP:  -76), Packet Type: Unknown"
"1380","202.248007800","","","BT BR/EDR RF","22","0x0021c4f4","Transport: Any (BR 1Mbps), RF Channel: 51 (SP:  -74), Packet Type: Unknown"
"1381","202.369174700","","","BT BR/EDR RF","22","0x0021c4f4","Transport: Any (BR 1Mbps), RF Channel: 68 (SP:  -81), Packet Type: Unknown"
"1382","202.398502500","","","BT BR/EDR RF","22","0x0021c4f4","Transport: Any (BR 1Mbps), RF Channel: 21 (SP:  -75), Packet Type: Unknown"
"1383","202.689814200","","","BT BR/EDR RF","22","0x0021c4f4","Transport: Any (BR 1Mbps), RF Channel:  8 (SP:  -73), Packet Type: Unknown"
"1384","203.368673500","","","BT BR/EDR RF","22","0x0021c4f4","Transport: Any (BR 1Mbps), RF Channel: 78 (SP:  -73), Packet Type: Unknown"
"1385","203.440516500","","","BT BR/EDR RF","22","0x0021c4f4","Transport: Any (BR 1Mbps), RF Channel: 63 (SP:  -79), Packet Type: Unknown"
"1386","203.679705000","","","BT BR/EDR RF","22","0x0029cfc6","Transport: Any (BR 1Mbps), RF Channel: 18 (SP:  -79), Packet Type: Unknown"
"1387","203.889944000","","","BT BR/EDR RF","22","0x0021c4f4","Transport: Any (BR 1Mbps), RF Channel: 20 (SP:  -75), Packet Type: Unknown"
"1388","203.918048100","","","BT BR/EDR RF","22","0x0021c4f4","Transport: Any (BR 1Mbps), RF Channel: 52 (SP:  -73), Packet Type: Unknown"
"1389","203.918446900","","","BT BR/EDR RF","22","0x0021c4f4","Transport: Any (BR 1Mbps), RF Channel: 52 (SP:  -72), Packet Type: Unknown"
"1390","204.103055500","","","BT BR/EDR RF","22","0x0021c4f4","Transport: Any (BR 1Mbps), RF Channel: 54 (SP:  -73), Packet Type: Unknown"
"1391","204.103455500","","","BT BR/EDR RF","22","0x0021c4f4","Transport: Any (BR 1Mbps), RF Channel: 54 (SP:  -71), Packet Type: Unknown"
"1392","204.126665500","","","BT BR/EDR RF","22","0x0021c4f4","Transport: Any (BR 1Mbps), RF Channel: 54 (SP:  -72), Packet Type: Unknown"
"1393","204.127464400","","","BT BR/EDR RF","22","0x0021c4f4","Transport: Any (BR 1Mbps), RF Channel: 54 (SP:  -72), Packet Type: Unknown"
"1394","204.527901800","","","BT BR/EDR RF","22","0x0021c4f4","Transport: Any (BR 1Mbps), RF Channel: 58 (SP:  -75), Packet Type: Unknown"
"1395","204.762256000","","","BT BR/EDR RF","22","0x0021c4f4","Transport: Any (BR 1Mbps), RF Channel: 13 (SP:  -73), Packet Type: Unknown"
"1396","204.922299300","","","BT BR/EDR RF","22","0x0021c4f4","Transport: Any (BR 1Mbps), RF Channel: 62 (SP:  -72), Packet Type: Unknown"
"1397","205.118530100","","","BT BR/EDR RF","22","0x0021c4f4","Transport: Any (BR 1Mbps), RF Channel: 64 (SP:  -72), Packet Type: Unknown"
"1398","205.168666200","","","BT BR/EDR RF","22","0x0021c4f4","Transport: Any (BR 1Mbps), RF Channel: 17 (SP:  -74), Packet Type: Unknown"
"1399","205.329983200","","","BT BR/EDR RF","22","0x0021c4f4","Transport: Any (BR 1Mbps), RF Channel: 66 (SP:  -76), Packet Type: Unknown"
"1400","205.419968800","","","BT BR/EDR RF","22","0x0021c4f4","Transport: Any (BR 1Mbps), RF Channel:  4 (SP:  -74), Packet Type: Unknown"
"1401","205.562344200","","","BT BR/EDR RF","22","0x0021c4f4","Transport: Any (BR 1Mbps), RF Channel: 21 (SP:  -77), Packet Type: Unknown"
"1402","205.802224100","","","BT BR/EDR RF","22","0x0021c4f4","Transport: Any (BR 1Mbps), RF Channel: 55 (SP:  -70), Packet Type: Unknown"
"1403","206.207826000","","","BT BR/EDR RF","22","0x0021c4f4","Transport: Any (BR 1Mbps), RF Channel: 59 (SP:  -75), Packet Type: Unknown"
"1404","206.208626000","","","BT BR/EDR RF","22","0x0021c4f4","Transport: Any (BR 1Mbps), RF Channel: 59 (SP:  -73), Packet Type: Unknown"
"1405","206.443753200","","","BT BR/EDR RF","22","0x0021c4f4","Transport: Any (BR 1Mbps), RF Channel: 14 (SP:  -71), Packet Type: Unknown"
"1406","206.527990900","","","BT BR/EDR RF","22","0x0021c4f4","Transport: Any (BR 1Mbps), RF Channel: 78 (SP:  -70), Packet Type: Unknown"
"1407","206.599832100","","","BT BR/EDR RF","22","0x0021c4f4","Transport: Any (BR 1Mbps), RF Channel: 63 (SP:  -57), Packet Type: Unknown"
"1408","206.688494600","","","BT BR/EDR RF","22","0x0021c4f4","Transport: Any (BR 1Mbps), RF Channel: 48 (SP:  -72), Packet Type: Unknown"
"1409","206.834585000","","","BT BR/EDR RF","22","0x0029cfc6","Transport: Any (BR 1Mbps), RF Channel: 18 (SP:  -77), Packet Type: Unknown"
"1410","206.989079900","","","BT BR/EDR RF","22","0x0021c4f4","Transport: Any (BR 1Mbps), RF Channel: 67 (SP:  -76), Packet Type: Unknown"
"1411","207.078120700","","","BT BR/EDR RF","22","0x0021c4f4","Transport: Any (BR 1Mbps), RF Channel: 52 (SP:  -74), Packet Type: Unknown"
"1412","207.078519700","","","BT BR/EDR RF","22","0x0021c4f4","Transport: Any (BR 1Mbps), RF Channel: 52 (SP:  -70), Packet Type: Unknown"
"1413","207.129849900","","","BT BR/EDR RF","22","0x0021c4f4","Transport: Any (BR 1Mbps), RF Channel:  5 (SP:  -73), Packet Type: Unknown"
"1414","207.200503600","","","BT BR/EDR RF","22","0x0021c4f4","Transport: Any (BR 1Mbps), RF Channel: 69 (SP:  -73), Packet Type: Unknown"
"1415","207.528686900","","","BT BR/EDR RF","22","0x0021c4f4","Transport: Any (BR 1Mbps), RF Channel:  9 (SP:  -73), Packet Type: Unknown"
"1416","207.718495000","","","BT BR/EDR RF","22","0x0021c4f4","Transport: Any (BR 1Mbps), RF Channel: 11 (SP:  -75), Packet Type: Unknown"
"1417","207.799136400","","","BT BR/EDR RF","22","0x0021c4f4","Transport: Any (BR 1Mbps), RF Channel: 75 (SP:  -70), Packet Type: Unknown"
"1418","208.000560600","","","BT BR/EDR RF","22","0x0021c4f4","Transport: Any (BR 1Mbps), RF Channel: 77 (SP:  -69), Packet Type: Unknown"
"1419","208.278624500","","","BT BR/EDR RF","22","0x0021c4f4","Transport: Any (BR 1Mbps), RF Channel: 64 (SP:  -66), Packet Type: Unknown"
"1420","208.329942500","","","BT BR/EDR RF","22","0x0021c4f4","Transport: Any (BR 1Mbps), RF Channel: 17 (SP:  -75), Packet Type: Unknown"
"1421","208.564316500","","","BT BR/EDR RF","22","0x0021c4f4","Transport: Any (BR 1Mbps), RF Channel: 51 (SP:  -74), Packet Type: Unknown"
"1422","208.802244200","","","BT BR/EDR RF","22","0x0021c4f4","Transport: Any (BR 1Mbps), RF Channel:  6 (SP:  -75), Packet Type: Unknown"
"1423","209.367962300","","","BT BR/EDR RF","22","0x0021c4f4","Transport: Any (BR 1Mbps), RF Channel: 59 (SP:  -73), Packet Type: Unknown"
"1424","209.560931000","","","BT BR/EDR RF","22","0x0021c4f4","Transport: Any (BR 1Mbps), RF Channel: 61 (SP:  -73), Packet Type: Unknown"
"1425","209.737918200","","","BT BR/EDR RF","22","0x0021c4f4","Transport: Any (BR 1Mbps), RF Channel: 63 (SP:  -77), Packet Type: Unknown"
"1426","209.881102600","","","BT BR/EDR RF","22","0x0021c4f4","Transport: Any (BR 1Mbps), RF Channel:  1 (SP:  -74), Packet Type: Unknown"
"1427","210.009071000","","","BT BR/EDR RF","22","0x0021c4f4","Transport: Any (BR 1Mbps), RF Channel: 18 (SP:  -82), Packet Type: Unknown"
"1428","210.009871900","","","BT BR/EDR RF","22","0x0021c4f4","Transport: Any (BR 1Mbps), RF Channel: 18 (SP:  -74), Packet Type: Unknown"
"1429","210.078521100","","","BT BR/EDR RF","22","0x0021c4f4","Transport: Any (BR 1Mbps), RF Channel:  3 (SP:  -72), Packet Type: Unknown"
"1430","210.200456900","","","BT BR/EDR RF","22","0x0021c4f4","Transport: Any (BR 1Mbps), RF Channel: 20 (SP:  -79), Packet Type: Unknown"
"1431","210.237781200","","","BT BR/EDR RF","22","0x0021c4f4","Transport: Any (BR 1Mbps), RF Channel: 52 (SP:  -56), Packet Type: Unknown"
"1432","210.360927700","","","BT BR/EDR RF","22","0x0021c4f4","Transport: Any (BR 1Mbps), RF Channel: 69 (SP:  -75), Packet Type: Unknown"
"1433","210.681182100","","","BT BR/EDR RF","22","0x0021c4f4","Transport: Any (BR 1Mbps), RF Channel:  9 (SP:  -74), Packet Type: Unknown"
"1434","210.848086000","","","BT BR/EDR RF","22","0x0021c4f4","Transport: Any (BR 1Mbps), RF Channel: 58 (SP:  -66), Packet Type: Unknown"
"1435","211.078398600","","","BT BR/EDR RF","22","0x0021c4f4","Transport: Any (BR 1Mbps), RF Channel: 13 (SP:  -74), Packet Type: Unknown"
"1436","211.488067500","","","BT BR/EDR RF","22","0x0021c4f4","Transport: Any (BR 1Mbps), RF Channel: 17 (SP:  -81), Packet Type: Unknown"
"1437","211.488467100","","","BT BR/EDR RF","22","0x0021c4f4","Transport: Any (BR 1Mbps), RF Channel: 17 (SP:  -73), Packet Type: Unknown"
"1438","211.560328000","","","BT BR/EDR RF","22","0x0021c4f4","Transport: Any (BR 1Mbps), RF Channel:  2 (SP:  -79), Packet Type: Unknown"
"1439","211.561128000","","","BT BR/EDR RF","22","0x0021c4f4","Transport: Any (BR 1Mbps), RF Channel:  2 (SP:  -73), Packet Type: Unknown"
"1440","211.648567600","","","BT BR/EDR RF","22","0x0021c4f4","Transport: Any (BR 1Mbps), RF Channel: 66 (SP:  -74), Packet Type: Unknown"
"1441","211.882138300","","","BT BR/EDR RF","22","0x0021c4f4","Transport: Any (BR 1Mbps), RF Channel: 21 (SP:  -78), Packet Type: Unknown"
"1442","211.917848300","","","BT BR/EDR RF","22","0x0021c4f4","Transport: Any (BR 1Mbps), RF Channel: 53 (SP:  -72), Packet Type: Unknown"
"1443","211.967945000","","","BT BR/EDR RF","22","0x0021c4f4","Transport: Any (BR 1Mbps), RF Channel:  6 (SP:  -77), Packet Type: Unknown"
"1444","212.481984000","","","BT BR/EDR RF","22","0x002ff7a8","Transport: Any (BR 1Mbps), RF Channel: 27 (SP:  -75), Packet Type: Unknown"
"1445","212.569812300","","","BT BR/EDR RF","22","0x0021c4f4","Transport: Any (BR 1Mbps), RF Channel: 12 (SP:  -73), Packet Type: Unknown"
"1446","212.613640500","","","BT BR/EDR RF","22","0x002ff7a8","Transport: Any (BR 1Mbps), RF Channel: 76 (SP:    0, NP:  -55), Packet Type: Unknown"
"1447","212.630430600","","","BT BR/EDR RF","22","0x0021c4f4","Transport: Any (BR 1Mbps), RF Channel: 76 (SP:  -70), Packet Type: Unknown"
"1448","212.751996300","","","BT BR/EDR RF","22","0x002ff7a8","Transport: Any (BR 1Mbps), RF Channel: 14 (SP:  -78), Packet Type: Unknown"
"1449","212.837827300","","","BT BR/EDR RF","22","0x0021c4f4","Transport: Any (BR 1Mbps), RF Channel: 78 (SP:  -73), Packet Type: Unknown"
"1450","212.981927100","","","BT BR/EDR RF","22","0x002ff7a8","Transport: Any (BR 1Mbps), RF Channel: 48 (SP:  -74), Packet Type: Unknown"
"1451","213.200559200","","","BT BR/EDR RF","22","0x0021c4f4","Transport: Any (BR 1Mbps), RF Channel: 50 (SP:  -75), Packet Type: Unknown"
"1452","213.200959600","","","BT BR/EDR RF","22","0x0021c4f4","Transport: Any (BR 1Mbps), RF Channel: 50 (SP:  -71), Packet Type: Unknown"
"1453","213.392792700","","","BT BR/EDR RF","22","0x0021c4f4","Transport: Any (BR 1Mbps), RF Channel: 52 (SP:  -75), Packet Type: Unknown"
"1454","213.393592200","","","BT BR/EDR RF","22","0x0021c4f4","Transport: Any (BR 1Mbps), RF Channel: 52 (SP:  -71), Packet Type: Unknown"
"1455","213.398389600","","","BT BR/EDR RF","22","0x0021c4f4","Transport: Any (BR 1Mbps), RF Channel: 52 (SP:  -65), Packet Type: Unknown"
"1456","213.449325200","","","BT BR/EDR RF","22","0x0021c4f4","Transport: Any (BR 1Mbps), RF Channel:  5 (SP:  -80), Packet Type: Unknown"
"1457","213.449726100","","","BT BR/EDR RF","22","0x0021c4f4","Transport: Any (BR 1Mbps), RF Channel:  5 (SP:  -74), Packet Type: Unknown"
"1458","213.717786600","","","BT BR/EDR RF","22","0x0021c4f4","Transport: Any (BR 1Mbps), RF Channel: 71 (SP:  -72), Packet Type: Unknown"
"1459","213.904400200","","","BT BR/EDR RF","22","0x002ff7a8","Transport: Any (BR 1Mbps), RF Channel: 73 (SP:    0, NP:  -55), Packet Type: Unknown"
"1460","213.920408100","","","BT BR/EDR RF","22","0x0021c4f4","Transport: Any (BR 1Mbps), RF Channel: 73 (SP:  -75), Packet Type: Unknown"
"1461","214.037979700","","","BT BR/EDR RF","22","0x0021c4f4","Transport: Any (BR 1Mbps), RF Channel: 11 (SP:  -81), Packet Type: Unknown"
"1462","214.351791900","","","BT BR/EDR RF","22","0x002ff7a8","Transport: Any (BR 1Mbps), RF Channel: 30 (SP:  -73), Packet Type: Unknown"
"1463","214.401521300","","","BT BR/EDR RF","22","0x0021c4f4","Transport: Any (BR 1Mbps), RF Channel: 62 (SP:  -79), Packet Type: Unknown"
"1464","214.402320500","","","BT BR/EDR RF","22","0x0021c4f4","Transport: Any (BR 1Mbps), RF Channel: 62 (SP:  -72), Packet Type: Unknown"
"1465","214.429246900","","","BT BR/EDR RF","22","0x002ff7a8","Transport: Any (BR 1Mbps), RF Channel: 15 (SP:  -81), Packet Type: Unknown"
"1466","214.523890900","","","BT BR/EDR RF","22","0x002ff7a8","Transport: Any (BR 1Mbps), RF Channel:  0 (SP:  -60), Packet Type: Unknown"
"1467","214.647855600","","","BT BR/EDR RF","22","0x0021c4f4","Transport: Any (BR 1Mbps), RF Channel: 17 (SP:  -80), Packet Type: Unknown"
"1468","214.648655100","","","BT BR/EDR RF","22","0x0021c4f4","Transport: Any (BR 1Mbps), RF Channel: 17 (SP:  -72), Packet Type: Unknown"
"1469","214.682389600","","","BT BR/EDR RF","22","0x0021c4f4","Transport: Any (BR 1Mbps), RF Channel: 49 (SP:  -72), Packet Type: Unknown"
"1470","214.824918100","","","BT BR/EDR RF","22","0x0021c4f4","Transport: Any (BR 1Mbps), RF Channel: 19 (SP:  -73), Packet Type: Unknown"
"1471","214.841714600","","","BT BR/EDR RF","22","0x0021c4f4","Transport: Any (BR 1Mbps), RF Channel: 19 (SP:  -78), Packet Type: Unknown"
"1472","214.877833100","","","BT BR/EDR RF","22","0x0021c4f4","Transport: Any (BR 1Mbps), RF Channel: 51 (SP:  -73), Packet Type: Unknown"
"1473","214.878634000","","","BT BR/EDR RF","22","0x0021c4f4","Transport: Any (BR 1Mbps), RF Channel: 51 (SP:  -72), Packet Type: Unknown"
"1474","215.095339000","","","BT BR/EDR RF","22","0x0021c4f4","Transport: Any (BR 1Mbps), RF Channel:  6 (SP:  -76), Packet Type: Unknown"
"1475","215.096139900","","","BT BR/EDR RF","22","0x0021c4f4","Transport: Any (BR 1Mbps), RF Channel:  6 (SP:  -72), Packet Type: Unknown"
"1476","215.194392900","","","BT BR/EDR RF","22","0x002ff7a8","Transport: Any (BR 1Mbps), RF Channel: 70 (SP:    0, NP:  -55), Packet Type: Unknown"
"1477","215.322381100","","","BT BR/EDR RF","22","0x0021c4f4","Transport: Any (BR 1Mbps), RF Channel:  8 (SP:  -74), Packet Type: Unknown"
"1478","215.401040600","","","BT BR/EDR RF","22","0x0021c4f4","Transport: Any (BR 1Mbps), RF Channel: 72 (SP:  -45, NP:  -55), Packet Type: Unknown"
"1479","215.498591300","","","BT BR/EDR RF","22","0x0021c4f4","Transport: Any (BR 1Mbps), RF Channel: 10 (SP:  -73), Packet Type: Unknown"
"1480","215.764894100","","","BT BR/EDR RF","22","0x002ff7a8","Transport: Any (BR 1Mbps), RF Channel: 44 (SP:  -80), Packet Type: Unknown"
"1481","215.889254700","","","BT BR/EDR RF","22","0x0021c4f4","Transport: Any (BR 1Mbps), RF Channel: 61 (SP:  -75), Packet Type: Unknown"
"1482","215.928582100","","","BT BR/EDR RF","22","0x0021c4f4","Transport: Any (BR 1Mbps), RF Channel: 14 (SP:  -73), Packet Type: Unknown"
"1483","216.022935900","","","BT BR/EDR RF","22","0x002ff7a8","Transport: Any (BR 1Mbps), RF Channel: 31 (SP:  -80), Packet Type: Unknown"
"1484","216.121154600","","","BT BR/EDR RF","22","0x0021c4f4","Transport: Any (BR 1Mbps), RF Channel: 16 (SP:  -73), Packet Type: Unknown"
"1485","216.158467200","","","BT BR/EDR RF","22","0x0021c4f4","Transport: Any (BR 1Mbps), RF Channel: 48 (SP:  -73), Packet Type: Unknown"
"1486","216.169270500","","","BT BR/EDR RF","22","0x0021c4f4","Transport: Any (BR 1Mbps), RF Channel: 48 (SP:  -63), Packet Type: Unknown"
"1487","216.268423800","","","BT BR/EDR RF","22","0x0021c4f4","Transport: Any (BR 1Mbps), RF Channel: 65 (SP:  -72), Packet Type: Unknown"
"1488","216.529200700","","","BT BR/EDR RF","22","0x0021c4f4","Transport: Any (BR 1Mbps), RF Channel: 20 (SP:  -80), Packet Type: Unknown"
"1489","216.532916300","","","BT BR/EDR RF","22","0x0021c4f4","Transport: Any (BR 1Mbps), RF Channel: 52 (SP:  -72), Packet Type: Unknown"
"1490","216.601034300","","","BT BR/EDR RF","22","0x0021c4f4","Transport: Any (BR 1Mbps), RF Channel:  5 (SP:  -73), Packet Type: Unknown"
"1491","216.654466100","","","BT BR/EDR RF","22","0x002ff7a8","Transport: Any (BR 1Mbps), RF Channel: 69 (SP:  -76), Packet Type: Unknown"
"1492","216.681672000","","","BT BR/EDR RF","22","0x0021c4f4","Transport: Any (BR 1Mbps), RF Channel: 69 (SP:  -74), Packet Type: Unknown"
"1493","216.738370200","","","BT BR/EDR RF","22","0x0029cfc6","Transport: Any (BR 1Mbps), RF Channel: 54 (SP:  -72), Packet Type: Unknown"
"1494","216.865539000","","","BT BR/EDR RF","22","0x002ff7a8","Transport: Any (BR 1Mbps), RF Channel: 71 (SP:    0, NP:  -55), Packet Type: Unknown"
"1495","216.867535600","","","BT BR/EDR RF","22","0x002ff7a8","Transport: Any (BR 1Mbps), RF Channel: 71 (SP:    0, NP:  -55), Packet Type: Unknown"
"1496","216.957782000","","","BT BR/EDR RF","22","0x0021c4f4","Transport: Any (BR 1Mbps), RF Channel: 56 (SP:  -72), Packet Type: Unknown"
"1497","217.007900800","","","BT BR/EDR RF","22","0x0021c4f4","Transport: Any (BR 1Mbps), RF Channel:  9 (SP:  -79), Packet Type: Unknown"
"1498","217.055348100","","","BT BR/EDR RF","22","0x0021c4f4","Transport: Any (BR 1Mbps), RF Channel: 73 (SP:  -69), Packet Type: Unknown"
"1499","217.056148600","","","BT BR/EDR RF","22","0x0021c4f4","Transport: Any (BR 1Mbps), RF Channel: 73 (SP:  -69), Packet Type: Unknown"
"1500","217.080544400","","","BT BR/EDR RF","22","0x0021c4f4","Transport: Any (BR 1Mbps), RF Channel: 73 (SP:  -69), Packet Type: Unknown"
"1501","217.333396000","","","BT BR/EDR RF","22","0x0029cfc6","Transport: Any (BR 1Mbps), RF Channel: 60 (SP:  -72), Packet Type: Unknown"
"1502","217.554817200","","","BT BR/EDR RF","22","0x0029cfc6","Transport: Any (BR 1Mbps), RF Channel: 62 (SP:  -57), Packet Type: Unknown"
"1503","217.608542000","","","BT BR/EDR RF","22","0x0021c4f4","Transport: Any (BR 1Mbps), RF Channel: 15 (SP:  -74), Packet Type: Unknown"
"1504","217.751813200","","","BT BR/EDR RF","22","0x002ff7a8","Transport: Any (BR 1Mbps), RF Channel: 64 (SP:  -74), Packet Type: Unknown"
"1505","217.761019300","","","BT BR/EDR RF","22","0x0021c4f4","Transport: Any (BR 1Mbps), RF Channel: 64 (SP:  -61), Packet Type: Unknown"
"1506","217.809147400","","","BT BR/EDR RF","22","0x0021c4f4","Transport: Any (BR 1Mbps), RF Channel: 17 (SP:  -81), Packet Type: Unknown"
"1507","217.987348400","","","BT BR/EDR RF","22","0x0021c4f4","Transport: Any (BR 1Mbps), RF Channel: 19 (SP:  -72), Packet Type: Unknown"
"1508","218.088407500","","","BT BR/EDR RF","22","0x0021c4f4","Transport: Any (BR 1Mbps), RF Channel:  4 (SP:  -74), Packet Type: Unknown"
"1509","218.125730100","","","BT BR/EDR RF","22","0x002ff7a8","Transport: Any (BR 1Mbps), RF Channel: 36 (SP:  -71), Packet Type: Unknown"
"1510","218.222912200","","","BT BR/EDR RF","22","0x0021c4f4","Transport: Any (BR 1Mbps), RF Channel: 53 (SP:  -73), Packet Type: Unknown"
"1511","218.247728900","","","BT BR/EDR RF","22","0x0021c4f4","Transport: Any (BR 1Mbps), RF Channel: 53 (SP:  -73), Packet Type: Unknown"
"1512","218.248530100","","","BT BR/EDR RF","22","0x0021c4f4","Transport: Any (BR 1Mbps), RF Channel: 53 (SP:  -71), Packet Type: Unknown"
"1513","218.277849200","","","BT BR/EDR RF","22","0x0021c4f4","Transport: Any (BR 1Mbps), RF Channel:  6 (SP:  -77), Packet Type: Unknown"
"1514","218.278650700","","","BT BR/EDR RF","22","0x0021c4f4","Transport: Any (BR 1Mbps), RF Channel:  6 (SP:  -72), Packet Type: Unknown"
"1515","218.395421400","","","BT BR/EDR RF","22","0x002ff7a8","Transport: Any (BR 1Mbps), RF Channel: 23 (SP:    0, NP:  -55), Packet Type: Unknown"
"1516","218.397420600","","","BT BR/EDR RF","22","0x002ff7a8","Transport: Any (BR 1Mbps), RF Channel: 23 (SP:    0, NP:  -55), Packet Type: Unknown"
"1517","218.478462300","","","BT BR/EDR RF","22","0x0021c4f4","Transport: Any (BR 1Mbps), RF Channel:  8 (SP:  -74), Packet Type: Unknown"
"1518","218.640551500","","","BT BR/EDR RF","22","0x0021c4f4","Transport: Any (BR 1Mbps), RF Channel: 57 (SP:  -74), Packet Type: Unknown"
"1519","218.760533900","","","BT BR/EDR RF","22","0x0021c4f4","Transport: Any (BR 1Mbps), RF Channel: 74 (SP:  -46, NP:  -55), Packet Type: Unknown"
"1520","218.844743800","","","BT BR/EDR RF","22","0x0029cfc6","Transport: Any (BR 1Mbps), RF Channel: 59 (SP:  -74), Packet Type: Unknown"
"1521","219.041736300","","","BT BR/EDR RF","22","0x0021c4f4","Transport: Any (BR 1Mbps), RF Channel: 61 (SP:  -65), Packet Type: Unknown"
"1522","219.042138100","","","BT BR/EDR RF","22","0x0021c4f4","Transport: Any (BR 1Mbps), RF Channel: 61 (SP:  -73), Packet Type: Unknown"
"1523","219.136512700","","","BT BR/EDR RF","22","0x0021c4f4","Transport: Any (BR 1Mbps), RF Channel: 78 (SP:  -67), Packet Type: Unknown"
"1524","219.368346700","","","BT BR/EDR RF","22","0x0021c4f4","Transport: Any (BR 1Mbps), RF Channel:  1 (SP:  -73), Packet Type: Unknown"
"1525","219.528032600","","","BT BR/EDR RF","22","0x0021c4f4","Transport: Any (BR 1Mbps), RF Channel: 50 (SP:  -67), Packet Type: Unknown"
"1526","219.528431500","","","BT BR/EDR RF","22","0x0021c4f4","Transport: Any (BR 1Mbps), RF Channel: 50 (SP:  -68), Packet Type: Unknown"
"1527","219.557746200","","","BT BR/EDR RF","22","0x0021c4f4","Transport: Any (BR 1Mbps), RF Channel:  3 (SP:  -79), Packet Type: Unknown"
"1528","219.689713200","","","BT BR/EDR RF","22","0x0021c4f4","Transport: Any (BR 1Mbps), RF Channel: 20 (SP:  -75), Packet Type: Unknown"
"1529","219.761536000","","","BT BR/EDR RF","22","0x0021c4f4","Transport: Any (BR 1Mbps), RF Channel:  5 (SP:  -79), Packet Type: Unknown"
"1530","219.849783100","","","BT BR/EDR RF","22","0x0021c4f4","Transport: Any (BR 1Mbps), RF Channel: 69 (SP:  -67), Packet Type: Unknown"
"1531","219.951767300","","","BT BR/EDR RF","22","0x0021c4f4","Transport: Any (BR 1Mbps), RF Channel:  7 (SP:  -36, NP:  -55), Packet Type: Unknown"
"1532","219.952167900","","","BT BR/EDR RF","22","0x0021c4f4","Transport: Any (BR 1Mbps), RF Channel:  7 (SP:  -36, NP:  -55), Packet Type: Unknown"
"1533","220.127851300","","","BT BR/EDR RF","22","0x0021c4f4","Transport: Any (BR 1Mbps), RF Channel: 56 (SP:  -73), Packet Type: Unknown"
"1534","220.128652500","","","BT BR/EDR RF","22","0x0021c4f4","Transport: Any (BR 1Mbps), RF Channel: 56 (SP:  -72), Packet Type: Unknown"
"1535","220.960393500","","","BT BR/EDR RF","22","0x0021c4f4","Transport: Any (BR 1Mbps), RF Channel: 17 (SP:  -79), Packet Type: Unknown"
"1536","221.168636100","","","BT BR/EDR RF","22","0x0021c4f4","Transport: Any (BR 1Mbps), RF Channel: 19 (SP:  -71), Packet Type: Unknown"
"1537","221.209157700","","","BT BR/EDR RF","22","0x0021c4f4","Transport: Any (BR 1Mbps), RF Channel: 51 (SP:  -72), Packet Type: Unknown"
"1538","221.240875700","","","BT BR/EDR RF","22","0x0021c4f4","Transport: Any (BR 1Mbps), RF Channel:  4 (SP:  -76), Packet Type: Unknown"
"1539","221.400965300","","","BT BR/EDR RF","22","0x0021c4f4","Transport: Any (BR 1Mbps), RF Channel: 53 (SP:  -72), Packet Type: Unknown"
"1540","221.529704500","","","BT BR/EDR RF","22","0x0021c4f4","Transport: Any (BR 1Mbps), RF Channel: 70 (SP:  -73), Packet Type: Unknown"
"1541","221.807760000","","","BT BR/EDR RF","22","0x0021c4f4","Transport: Any (BR 1Mbps), RF Channel: 57 (SP:  -73), Packet Type: Unknown"
"1542","221.811768800","","","BT BR/EDR RF","22","0x0021c4f4","Transport: Any (BR 1Mbps), RF Channel: 57 (SP:  -73), Packet Type: Unknown"
"1543","221.915327900","","","BT BR/EDR RF","22","0x0021c4f4","Transport: Any (BR 1Mbps), RF Channel: 74 (SP:  -69), Packet Type: Unknown"
"1544","222.028462700","","","BT BR/EDR RF","22","0x0021c4f4","Transport: Any (BR 1Mbps), RF Channel: 12 (SP:  -74), Packet Type: Unknown"
"1545","222.121518000","","","BT BR/EDR RF","22","0x0021c4f4","Transport: Any (BR 1Mbps), RF Channel: 76 (SP:    0, NP:  -55), Packet Type: Unknown"
"1546","222.166826700","","","BT BR/EDR RF","22","0x002ff7a8","Transport: Any (BR 1Mbps), RF Channel: 29 (SP:  -79), Packet Type: Unknown"
"1547","222.249848600","","","BT BR/EDR RF","22","0x0021c4f4","Transport: Any (BR 1Mbps), RF Channel: 14 (SP:  -73), Packet Type: Unknown"
"1548","222.409165300","","","BT BR/EDR RF","22","0x0021c4f4","Transport: Any (BR 1Mbps), RF Channel: 63 (SP:  -65), Packet Type: Unknown"
"1549","222.409565900","","","BT BR/EDR RF","22","0x0021c4f4","Transport: Any (BR 1Mbps), RF Channel: 63 (SP:  -65), Packet Type: Unknown"
"1550","222.420894900","","","BT BR/EDR RF","22","0x0021c4f4","Transport: Any (BR 1Mbps), RF Channel: 16 (SP:  -72), Packet Type: Unknown"
"1551","222.678486300","","","BT BR/EDR RF","22","0x0021c4f4","Transport: Any (BR 1Mbps), RF Channel: 50 (SP:  -72), Packet Type: Unknown"
"1552","222.838556200","","","BT BR/EDR RF","22","0x0021c4f4","Transport: Any (BR 1Mbps), RF Channel: 20 (SP:  -77), Packet Type: Unknown"
"1553","222.873468500","","","BT BR/EDR RF","22","0x0029cfc6","Transport: Any (BR 1Mbps), RF Channel: 52 (SP:  -45, NP:  -55), Packet Type: Unknown"
"1554","222.880269000","","","BT BR/EDR RF","22","0x0021c4f4","Transport: Any (BR 1Mbps), RF Channel: 52 (SP:  -73), Packet Type: Unknown"
"1555","222.998636200","","","BT BR/EDR RF","22","0x0021c4f4","Transport: Any (BR 1Mbps), RF Channel: 69 (SP:  -75), Packet Type: Unknown"
"1556","223.232979800","","","BT BR/EDR RF","22","0x002ff7a8","Transport: Any (BR 1Mbps), RF Channel: 24 (SP:    0, NP:  -55), Packet Type: Unknown"
"1557","223.318437900","","","BT BR/EDR RF","22","0x0021c4f4","Transport: Any (BR 1Mbps), RF Channel:  9 (SP:  -73), Packet Type: Unknown"
"1558","223.478564900","","","BT BR/EDR RF","22","0x0021c4f4","Transport: Any (BR 1Mbps), RF Channel: 58 (SP:  -73), Packet Type: Unknown"
"1559","223.648662800","","","BT BR/EDR RF","22","0x002ff7a8","Transport: Any (BR 1Mbps), RF Channel: 28 (SP:    0, NP:  -55), Packet Type: Unknown"
"1560","223.972535400","","","BT BR/EDR RF","22","0x002ff7a8","Transport: Any (BR 1Mbps), RF Channel:  0 (SP:  -77), Packet Type: Unknown"
"1561","224.002126600","","","BT BR/EDR RF","22","0x0021c4f4","Transport: Any (BR 1Mbps), RF Channel:  0 (SP:  -35, NP:  -55), Packet Type: Unknown"
"1562","224.529747000","","","BT BR/EDR RF","22","0x0021c4f4","Transport: Any (BR 1Mbps), RF Channel: 21 (SP:  -77), Packet Type: Unknown"
"1563","224.627312900","","","BT BR/EDR RF","22","0x002ff7a8","Transport: Any (BR 1Mbps), RF Channel: 38 (SP:    0, NP:  -55), Packet Type: Unknown"
"1564","224.665427800","","","BT BR/EDR RF","22","0x002ff7a8","Transport: Any (BR 1Mbps), RF Channel: 70 (SP:    0, NP:  -55), Packet Type: Unknown"
"1565","224.788608600","","","BT BR/EDR RF","22","0x0021c4f4","Transport: Any (BR 1Mbps), RF Channel:  8 (SP:  -75), Packet Type: Unknown"
"1566","224.889699400","","","BT BR/EDR RF","22","0x0021c4f4","Transport: Any (BR 1Mbps), RF Channel: 72 (SP:  -71), Packet Type: Unknown"
"1567","225.081473500","","","BT BR/EDR RF","22","0x0021c4f4","Transport: Any (BR 1Mbps), RF Channel: 74 (SP:  -69), Packet Type: Unknown"
"1568","225.082275000","","","BT BR/EDR RF","22","0x0021c4f4","Transport: Any (BR 1Mbps), RF Channel: 74 (SP:  -69), Packet Type: Unknown"
"1569","225.360315600","","","BT BR/EDR RF","22","0x0021c4f4","Transport: Any (BR 1Mbps), RF Channel: 61 (SP:  -74), Packet Type: Unknown"
"1570","225.361115200","","","BT BR/EDR RF","22","0x0021c4f4","Transport: Any (BR 1Mbps), RF Channel: 61 (SP:  -73), Packet Type: Unknown"
"1571","225.487888300","","","BT BR/EDR RF","22","0x0021c4f4","Transport: Any (BR 1Mbps), RF Channel: 78 (SP:    0, NP:  -55), Packet Type: Unknown"
"1572","225.969834000","","","BT BR/EDR RF","22","0x0021c4f4","Transport: Any (BR 1Mbps), RF Channel: 67 (SP:  -75), Packet Type: Unknown"
"1573","226.041651500","","","BT BR/EDR RF","22","0x0021c4f4","Transport: Any (BR 1Mbps), RF Channel: 52 (SP:  -52, NP:  -55), Packet Type: Unknown"
"1574","226.169622300","","","BT BR/EDR RF","22","0x0021c4f4","Transport: Any (BR 1Mbps), RF Channel: 69 (SP:  -75), Packet Type: Unknown"
"1575","226.217870700","","","BT BR/EDR RF","22","0x0021c4f4","Transport: Any (BR 1Mbps), RF Channel: 54 (SP:  -71), Packet Type: Unknown"
"1576","226.240280100","","","BT BR/EDR RF","22","0x0021c4f4","Transport: Any (BR 1Mbps), RF Channel: 54 (SP:  -72), Packet Type: Unknown"
"1577","226.241081900","","","BT BR/EDR RF","22","0x0021c4f4","Transport: Any (BR 1Mbps), RF Channel: 54 (SP:  -72), Packet Type: Unknown"
"1578","226.281601800","","","BT BR/EDR RF","22","0x0021c4f4","Transport: Any (BR 1Mbps), RF Channel:  7 (SP:  -76), Packet Type: Unknown"
"1579","226.437691500","","","BT BR/EDR RF","22","0x0021c4f4","Transport: Any (BR 1Mbps), RF Channel: 56 (SP:  -73), Packet Type: Unknown"
"1580","226.438493700","","","BT BR/EDR RF","22","0x0021c4f4","Transport: Any (BR 1Mbps), RF Channel: 56 (SP:  -72), Packet Type: Unknown"
"1581","226.489024300","","","BT BR/EDR RF","22","0x0021c4f4","Transport: Any (BR 1Mbps), RF Channel:  9 (SP:  -80), Packet Type: Unknown"
"1582","226.642308100","","","BT BR/EDR RF","22","0x0021c4f4","Transport: Any (BR 1Mbps), RF Channel: 58 (SP:  -72), Packet Type: Unknown"
"1583","226.741461500","","","BT BR/EDR RF","22","0x0021c4f4","Transport: Any (BR 1Mbps), RF Channel: 75 (SP:  -68), Packet Type: Unknown"
"1584","226.742261000","","","BT BR/EDR RF","22","0x0021c4f4","Transport: Any (BR 1Mbps), RF Channel: 75 (SP:  -71), Packet Type: Unknown"
"1585","226.767870700","","","BT BR/EDR RF","22","0x0021c4f4","Transport: Any (BR 1Mbps), RF Channel: 75 (SP:  -72), Packet Type: Unknown"
"1586","226.957717100","","","BT BR/EDR RF","22","0x0021c4f4","Transport: Any (BR 1Mbps), RF Channel: 77 (SP:  -73), Packet Type: Unknown"
"1587","227.035532600","","","BT BR/EDR RF","22","0x002ff7a8","Transport: Any (BR 1Mbps), RF Channel: 62 (SP:  -74), Packet Type: Unknown"
"1588","227.134711100","","","BT BR/EDR RF","22","0x0021c4f4","Transport: Any (BR 1Mbps), RF Channel:  0 (SP:  -70), Packet Type: Unknown"
"1589","227.161118900","","","BT BR/EDR RF","22","0x002ff7a8","Transport: Any (BR 1Mbps), RF Channel:  0 (SP:  -75), Packet Type: Unknown"
"1590","227.249783100","","","BT BR/EDR RF","22","0x0021c4f4","Transport: Any (BR 1Mbps), RF Channel: 64 (SP:  -73), Packet Type: Unknown"
"1591","227.721728900","","","BT BR/EDR RF","22","0x0021c4f4","Transport: Any (BR 1Mbps), RF Channel: 53 (SP:  -52, NP:  -55), Packet Type: Unknown"
"1592","227.722128600","","","BT BR/EDR RF","22","0x0021c4f4","Transport: Any (BR 1Mbps), RF Channel: 53 (SP:  -52, NP:  -55), Packet Type: Unknown"
"1593","227.763443400","","","BT BR/EDR RF","22","0x0021c4f4","Transport: Any (BR 1Mbps), RF Channel:  6 (SP:  -74), Packet Type: Unknown"
"1594","227.849671900","","","BT BR/EDR RF","22","0x0021c4f4","Transport: Any (BR 1Mbps), RF Channel: 70 (SP:  -57), Packet Type: Unknown"
"1595","228.048299900","","","BT BR/EDR RF","22","0x0021c4f4","Transport: Any (BR 1Mbps), RF Channel: 72 (SP:  -72), Packet Type: Unknown"
"1596","228.123326100","","","BT BR/EDR RF","22","0x0029cfc6","Transport: Any (BR 1Mbps), RF Channel: 57 (SP:  -53, NP:  -55), Packet Type: Unknown"
"1597","228.360878200","","","BT BR/EDR RF","22","0x0021c4f4","Transport: Any (BR 1Mbps), RF Channel: 12 (SP:  -74), Packet Type: Unknown"
"1598","228.562278900","","","BT BR/EDR RF","22","0x0021c4f4","Transport: Any (BR 1Mbps), RF Channel: 14 (SP:  -74), Packet Type: Unknown"
"1599","228.758503600","","","BT BR/EDR RF","22","0x0021c4f4","Transport: Any (BR 1Mbps), RF Channel: 16 (SP:  -45, NP:  -55), Packet Type: Unknown"
"1600","228.800250700","","","BT BR/EDR RF","22","0x0021c4f4","Transport: Any (BR 1Mbps), RF Channel: 48 (SP:  -75), Packet Type: Unknown"
"1601","228.845964300","","","BT BR/EDR RF","22","0x002ff7a8","Transport: Any (BR 1Mbps), RF Channel:  1 (SP:  -77), Packet Type: Unknown"
"1602","228.899791500","","","BT BR/EDR RF","22","0x0029cfc6","Transport: Any (BR 1Mbps), RF Channel: 65 (SP:  -80), Packet Type: Unknown"
"1603","228.969557900","","","BT BR/EDR RF","22","0x0021c4f4","Transport: Any (BR 1Mbps), RF Channel: 18 (SP:  -75), Packet Type: Unknown"
"1604","229.221610900","","","BT BR/EDR RF","22","0x0021c4f4","Transport: Any (BR 1Mbps), RF Channel:  5 (SP:  -80), Packet Type: Unknown"
"1605","229.873517700","","","BT BR/EDR RF","22","0x002ff7a8","Transport: Any (BR 1Mbps), RF Channel: 43 (SP:    0, NP:  -55), Packet Type: Unknown"
"1606","229.915630000","","","BT BR/EDR RF","22","0x002ff7a8","Transport: Any (BR 1Mbps), RF Channel: 75 (SP:    0, NP:  -55), Packet Type: Unknown"
"1607","229.917228500","","","BT BR/EDR RF","22","0x002ff7a8","Transport: Any (BR 1Mbps), RF Channel: 75 (SP:    0, NP:  -55), Packet Type: Unknown"
"1608","229.943764200","","","BT BR/EDR RF","22","0x002ff7a8","Transport: Any (BR 1Mbps), RF Channel: 28 (SP:  -75), Packet Type: Unknown"
"1609","230.002301000","","","BT BR/EDR RF","22","0x0021c4f4","Transport: Any (BR 1Mbps), RF Channel: 60 (SP:  -72), Packet Type: Unknown"
"1610","230.208888500","","","BT BR/EDR RF","22","0x0021c4f4","Transport: Any (BR 1Mbps), RF Channel: 62 (SP:  -76), Packet Type: Unknown"
"1611","230.209687900","","","BT BR/EDR RF","22","0x0021c4f4","Transport: Any (BR 1Mbps), RF Channel: 62 (SP:  -73), Packet Type: Unknown"
"1612","230.322038200","","","BT BR/EDR RF","22","0x0021c4f4","Transport: Any (BR 1Mbps), RF Channel:  0 (SP:  -72), Packet Type: Unknown"
"1613","230.689153100","","","BT BR/EDR RF","22","0x0021c4f4","Transport: Any (BR 1Mbps), RF Channel: 51 (SP:  -61), Packet Type: Unknown"
"1614","230.689553000","","","BT BR/EDR RF","22","0x0021c4f4","Transport: Any (BR 1Mbps), RF Channel: 51 (SP:  -61), Packet Type: Unknown"
"1615","230.920265300","","","BT BR/EDR RF","22","0x0021c4f4","Transport: Any (BR 1Mbps), RF Channel:  6 (SP:  -81), Packet Type: Unknown"
"1616","230.921063600","","","BT BR/EDR RF","22","0x0021c4f4","Transport: Any (BR 1Mbps), RF Channel:  6 (SP:  -74), Packet Type: Unknown"
"1617","230.965996300","","","BT BR/EDR RF","22","0x002ff7a8","Transport: Any (BR 1Mbps), RF Channel: 38 (SP:    0, NP:  -55), Packet Type: Unknown"
"1618","231.081553600","","","BT BR/EDR RF","22","0x0021c4f4","Transport: Any (BR 1Mbps), RF Channel: 55 (SP:  -73), Packet Type: Unknown"
"1619","231.177905100","","","BT BR/EDR RF","22","0x0021c4f4","Transport: Any (BR 1Mbps), RF Channel: 72 (SP:  -70), Packet Type: Unknown"
"1620","231.178306900","","","BT BR/EDR RF","22","0x0021c4f4","Transport: Any (BR 1Mbps), RF Channel: 72 (SP:  -70), Packet Type: Unknown"
"1621","231.409743200","","","BT BR/EDR RF","22","0x0021c4f4","Transport: Any (BR 1Mbps), RF Channel: 74 (SP:  -70), Packet Type: Unknown"
"1622","231.586716900","","","BT BR/EDR RF","22","0x0021c4f4","Transport: Any (BR 1Mbps), RF Channel: 76 (SP:  -75), Packet Type: Unknown"
"1623","231.601515300","","","BT BR/EDR RF","22","0x0021c4f4","Transport: Any (BR 1Mbps), RF Channel: 76 (SP:  -70), Packet Type: Unknown"
"1624","231.685767000","","","BT BR/EDR RF","22","0x0029cfc6","Transport: Any (BR 1Mbps), RF Channel: 61 (SP:  -56), Packet Type: Unknown"
"1625","231.715907000","","","BT BR/EDR RF","22","0x0021c4f4","Transport: Any (BR 1Mbps), RF Channel: 14 (SP:  -73), Packet Type: Unknown"
"1626","231.964230500","","","BT BR/EDR RF","22","0x002ff7a8","Transport: Any (BR 1Mbps), RF Channel: 48 (SP:    0, NP:  -55), Packet Type: Unknown"
"1627","231.974744600","","","BT BR/EDR RF","22","0x0021c4f4","Transport: Any (BR 1Mbps), RF Channel:  1 (SP:  -72), Packet Type: Unknown"
"1628","232.107107000","","","BT BR/EDR RF","22","0x0021c4f4","Transport: Any (BR 1Mbps), RF Channel: 18 (SP:  -76), Packet Type: Unknown"
"1629","232.207752500","","","BT BR/EDR RF","22","0x0021c4f4","Transport: Any (BR 1Mbps), RF Channel:  3 (SP:  -79), Packet Type: Unknown"
"1630","232.208552900","","","BT BR/EDR RF","22","0x0021c4f4","Transport: Any (BR 1Mbps), RF Channel:  3 (SP:  -73), Packet Type: Unknown"
"1631","232.362283800","","","BT BR/EDR RF","22","0x0021c4f4","Transport: Any (BR 1Mbps), RF Channel: 52 (SP:  -70), Packet Type: Unknown"
"1632","232.388404200","","","BT BR/EDR RF","22","0x0021c4f4","Transport: Any (BR 1Mbps), RF Channel:  5 (SP:  -73), Packet Type: Unknown"
"1633","232.398413300","","","BT BR/EDR RF","22","0x0021c4f4","Transport: Any (BR 1Mbps), RF Channel:  5 (SP:  -74), Packet Type: Unknown"
"1634","232.487837500","","","BT BR/EDR RF","22","0x0021c4f4","Transport: Any (BR 1Mbps), RF Channel: 69 (SP:  -74), Packet Type: Unknown"
"1635","232.611008200","","","BT BR/EDR RF","22","0x0021c4f4","Transport: Any (BR 1Mbps), RF Channel:  7 (SP:  -74), Packet Type: Unknown"
"1636","232.656036000","","","BT BR/EDR RF","22","0x002ff7a8","Transport: Any (BR 1Mbps), RF Channel: 71 (SP:    0, NP:  -55), Packet Type: Unknown"
"1637","233.003364400","","","BT BR/EDR RF","22","0x0021c4f4","Transport: Any (BR 1Mbps), RF Channel: 11 (SP:  -73), Packet Type: Unknown"
"1638","233.134640800","","","BT BR/EDR RF","22","0x0021c4f4","Transport: Any (BR 1Mbps), RF Channel: 60 (SP:  -73), Packet Type: Unknown"
"1639","233.164649200","","","BT BR/EDR RF","22","0x0021c4f4","Transport: Any (BR 1Mbps), RF Channel: 60 (SP:  -73), Packet Type: Unknown"
"1640","233.369635000","","","BT BR/EDR RF","22","0x0021c4f4","Transport: Any (BR 1Mbps), RF Channel: 62 (SP:  -72), Packet Type: Unknown"
"1641","233.544659000","","","BT BR/EDR RF","22","0x0029cfc6","Transport: Any (BR 1Mbps), RF Channel: 64 (SP:  -77), Packet Type: Unknown"
"1642","233.601999400","","","BT BR/EDR RF","22","0x0021c4f4","Transport: Any (BR 1Mbps), RF Channel: 17 (SP:  -75), Packet Type: Unknown"
"1643","233.674663300","","","BT BR/EDR RF","22","0x0021c4f4","Transport: Any (BR 1Mbps), RF Channel:  2 (SP:  -53, NP:  -55), Packet Type: Unknown"
"1644","233.877657700","","","BT BR/EDR RF","22","0x0021c4f4","Transport: Any (BR 1Mbps), RF Channel:  4 (SP:  -44, NP:  -55), Packet Type: Unknown"
"1645","233.878457100","","","BT BR/EDR RF","22","0x0021c4f4","Transport: Any (BR 1Mbps), RF Channel:  4 (SP:  -44, NP:  -55), Packet Type: Unknown"
"1646","233.959092500","","","BT BR/EDR RF","22","0x0021c4f4","Transport: Any (BR 1Mbps), RF Channel: 68 (SP:  -75), Packet Type: Unknown"
"1647","234.008421600","","","BT BR/EDR RF","22","0x0021c4f4","Transport: Any (BR 1Mbps), RF Channel: 21 (SP:  -77), Packet Type: Unknown"
"1648","234.082243700","","","BT BR/EDR RF","22","0x0021c4f4","Transport: Any (BR 1Mbps), RF Channel:  6 (SP:  -40, NP:  -55), Packet Type: Unknown"
"1649","234.338301000","","","BT BR/EDR RF","22","0x0021c4f4","Transport: Any (BR 1Mbps), RF Channel: 72 (SP:  -70), Packet Type: Unknown"
"1650","234.358704700","","","BT BR/EDR RF","22","0x002ff7a8","Transport: Any (BR 1Mbps), RF Channel: 72 (SP:    0, NP:  -55), Packet Type: Unknown"
"1651","234.767887400","","","BT BR/EDR RF","22","0x0021c4f4","Transport: Any (BR 1Mbps), RF Channel: 76 (SP:  -71), Packet Type: Unknown"
"1652","234.768286600","","","BT BR/EDR RF","22","0x0021c4f4","Transport: Any (BR 1Mbps), RF Channel: 76 (SP:  -71), Packet Type: Unknown"
"1653","234.782403100","","","BT BR/EDR RF","22","0x002ff7a8","Transport: Any (BR 1Mbps), RF Channel: 29 (SP:  -70), Packet Type: Unknown"
"1654","234.786797100","","","BT BR/EDR RF","22","0x002ff7a8","Transport: Any (BR 1Mbps), RF Channel: 29 (SP:  -74), Packet Type: Unknown"
"1655","234.842116000","","","BT BR/EDR RF","22","0x0029cfc6","Transport: Any (BR 1Mbps), RF Channel: 61 (SP:  -73), Packet Type: Unknown"
"1656","234.882264500","","","BT BR/EDR RF","22","0x0021c4f4","Transport: Any (BR 1Mbps), RF Channel: 14 (SP:  -74), Packet Type: Unknown"
"1657","234.905589700","","","BT BR/EDR RF","22","0x002ff7a8","Transport: Any (BR 1Mbps), RF Channel: 46 (SP:    0, NP:  -55), Packet Type: Unknown"
"1658","235.080492000","","","BT BR/EDR RF","22","0x002ff7a8","Transport: Any (BR 1Mbps), RF Channel: 16 (SP:  -79), Packet Type: Unknown"
"1659","235.184058900","","","BT BR/EDR RF","22","0x002ff7a8","Transport: Any (BR 1Mbps), RF Channel: 33 (SP:  -56), Packet Type: Unknown"
"1660","235.249779900","","","BT BR/EDR RF","22","0x0021c4f4","Transport: Any (BR 1Mbps), RF Channel: 65 (SP:  -74), Packet Type: Unknown"
"1661","235.321648900","","","BT BR/EDR RF","22","0x0021c4f4","Transport: Any (BR 1Mbps), RF Channel: 50 (SP:  -63), Packet Type: Unknown"
"1662","235.482180100","","","BT BR/EDR RF","22","0x0021c4f4","Transport: Any (BR 1Mbps), RF Channel: 20 (SP:  -77), Packet Type: Unknown"
"1663","235.518290300","","","BT BR/EDR RF","22","0x0021c4f4","Transport: Any (BR 1Mbps), RF Channel: 52 (SP:  -67), Packet Type: Unknown"
"1664","235.519089200","","","BT BR/EDR RF","22","0x0021c4f4","Transport: Any (BR 1Mbps), RF Channel: 52 (SP:  -70), Packet Type: Unknown"
"1665","235.519489000","","","BT BR/EDR RF","22","0x0021c4f4","Transport: Any (BR 1Mbps), RF Channel: 52 (SP:  -72), Packet Type: Unknown"
"1666","235.641413900","","","BT BR/EDR RF","22","0x0021c4f4","Transport: Any (BR 1Mbps), RF Channel: 69 (SP:  -73), Packet Type: Unknown"
"1667","235.720882400","","","BT BR/EDR RF","22","0x0021c4f4","Transport: Any (BR 1Mbps), RF Channel: 54 (SP:  -67), Packet Type: Unknown"
"1668","235.796714700","","","BT BR/EDR RF","22","0x002ff7a8","Transport: Any (BR 1Mbps), RF Channel: 39 (SP:    0, NP:  -55), Packet Type: Unknown"
"1669","235.798715000","","","BT BR/EDR RF","22","0x002ff7a8","Transport: Any (BR 1Mbps), RF Channel: 39 (SP:    0, NP:  -55), Packet Type: Unknown"
"1670","235.962023200","","","BT BR/EDR RF","22","0x0021c4f4","Transport: Any (BR 1Mbps), RF Channel:  9 (SP:  -76), Packet Type: Unknown"
"1671","236.047851700","","","BT BR/EDR RF","22","0x0021c4f4","Transport: Any (BR 1Mbps), RF Channel: 73 (SP:  -54, NP:  -55), Packet Type: Unknown"
"1672","236.311498800","","","BT BR/EDR RF","22","0x0021c4f4","Transport: Any (BR 1Mbps), RF Channel: 60 (SP:  -75), Packet Type: Unknown"
"1673","236.360833000","","","BT BR/EDR RF","22","0x0021c4f4","Transport: Any (BR 1Mbps), RF Channel: 13 (SP:  -74), Packet Type: Unknown"
"1674","236.374149900","","","BT BR/EDR RF","22","0x002ff7a8","Transport: Any (BR 1Mbps), RF Channel: 45 (SP:    0, NP:  -55), Packet Type: Unknown"
"1675","236.380952600","","","BT BR/EDR RF","22","0x002ff7a8","Transport: Any (BR 1Mbps), RF Channel: 45 (SP:    0, NP:  -55), Packet Type: Unknown"
"1676","236.432680700","","","BT BR/EDR RF","22","0x0021c4f4","Transport: Any (BR 1Mbps), RF Channel: 77 (SP:  -72), Packet Type: Unknown"
"1677","236.521349100","","","BT BR/EDR RF","22","0x0021c4f4","Transport: Any (BR 1Mbps), RF Channel: 62 (SP:  -73), Packet Type: Unknown"
"1678","236.545882300","","","BT BR/EDR RF","22","0x0021c4f4","Transport: Any (BR 1Mbps), RF Channel: 15 (SP:  -72), Packet Type: Unknown"
"1679","236.789035000","","","BT BR/EDR RF","22","0x002ff7a8","Transport: Any (BR 1Mbps), RF Channel: 49 (SP:    0, NP:  -55), Packet Type: Unknown"
"1680","236.789834200","","","BT BR/EDR RF","22","0x002ff7a8","Transport: Any (BR 1Mbps), RF Channel: 49 (SP:    0, NP:  -55), Packet Type: Unknown"
"1681","236.834748600","","","BT BR/EDR RF","22","0x0021c4f4","Transport: Any (BR 1Mbps), RF Channel:  2 (SP:  -73), Packet Type: Unknown"
"1682","236.929789200","","","BT BR/EDR RF","22","0x0021c4f4","Transport: Any (BR 1Mbps), RF Channel: 66 (SP:  -74), Packet Type: Unknown"
"1683","237.000428200","","","BT BR/EDR RF","22","0x0021c4f4","Transport: Any (BR 1Mbps), RF Channel: 51 (SP:  -73), Packet Type: Unknown"
"1684","237.000828600","","","BT BR/EDR RF","22","0x0021c4f4","Transport: Any (BR 1Mbps), RF Channel: 51 (SP:  -72), Packet Type: Unknown"
"1685","237.220734700","","","BT BR/EDR RF","22","0x0021c4f4","Transport: Any (BR 1Mbps), RF Channel:  6 (SP:  -74), Packet Type: Unknown"
"1686","237.244741000","","","BT BR/EDR RF","22","0x0021c4f4","Transport: Any (BR 1Mbps), RF Channel:  6 (SP:  -74), Packet Type: Unknown"
"1687","237.552942000","","","BT BR/EDR RF","22","0x002ff7a8","Transport: Any (BR 1Mbps), RF Channel: 25 (SP:  -76), Packet Type: Unknown"
"1688","237.571740000","","","BT BR/EDR RF","22","0x002ff7a8","Transport: Any (BR 1Mbps), RF Channel: 25 (SP:  -62), Packet Type: Unknown"
"1689","237.640377400","","","BT BR/EDR RF","22","0x0021c4f4","Transport: Any (BR 1Mbps), RF Channel: 10 (SP:  -81), Packet Type: Unknown"
"1690","237.640777500","","","BT BR/EDR RF","22","0x0021c4f4","Transport: Any (BR 1Mbps), RF Channel: 10 (SP:  -75), Packet Type: Unknown"
"1691","237.675299500","","","BT BR/EDR RF","22","0x002ff7a8","Transport: Any (BR 1Mbps), RF Channel: 42 (SP:    0, NP:  -55), Packet Type: Unknown"
"1692","237.991453600","","","BT BR/EDR RF","22","0x0021c4f4","Transport: Any (BR 1Mbps), RF Channel: 61 (SP:  -78), Packet Type: Unknown"
"1693","237.992254500","","","BT BR/EDR RF","22","0x0021c4f4","Transport: Any (BR 1Mbps), RF Channel: 61 (SP:  -72), Packet Type: Unknown"
"1694","238.243331000","","","BT BR/EDR RF","22","0x0021c4f4","Transport: Any (BR 1Mbps), RF Channel: 16 (SP:  -74), Packet Type: Unknown"
"1695","238.249734100","","","BT BR/EDR RF","22","0x0021c4f4","Transport: Any (BR 1Mbps), RF Channel: 16 (SP:  -73), Packet Type: Unknown"
"1696","238.482060400","","","BT BR/EDR RF","22","0x0021c4f4","Transport: Any (BR 1Mbps), RF Channel: 50 (SP:  -72), Packet Type: Unknown"
"1697","238.503403400","","","BT BR/EDR RF","22","0x0029cfc6","Transport: Any (BR 1Mbps), RF Channel:  3 (SP:  -75), Packet Type: Unknown"
"1698","238.608456600","","","BT BR/EDR RF","22","0x0021c4f4","Transport: Any (BR 1Mbps), RF Channel: 67 (SP:  -75), Packet Type: Unknown"
"1699","238.801461200","","","BT BR/EDR RF","22","0x0021c4f4","Transport: Any (BR 1Mbps), RF Channel: 69 (SP:  -73), Packet Type: Unknown"
"1700","238.802261100","","","BT BR/EDR RF","22","0x0021c4f4","Transport: Any (BR 1Mbps), RF Channel: 69 (SP:  -73), Packet Type: Unknown"
"1701","238.887747800","","","BT BR/EDR RF","22","0x0021c4f4","Transport: Any (BR 1Mbps), RF Channel: 54 (SP:  -72), Packet Type: Unknown"
"1702","238.974092900","","","BT BR/EDR RF","22","0x002ff7a8","Transport: Any (BR 1Mbps), RF Channel: 71 (SP:    0, NP:  -55), Packet Type: Unknown"
"1703","238.976095500","","","BT BR/EDR RF","22","0x002ff7a8","Transport: Any (BR 1Mbps), RF Channel: 71 (SP:    0, NP:  -55), Packet Type: Unknown"
"1704","239.015412000","","","BT BR/EDR RF","22","0x002ff7a8","Transport: Any (BR 1Mbps), RF Channel: 24 (SP:  -76), Packet Type: Unknown"
"1705","239.175915900","","","BT BR/EDR RF","22","0x0021c4f4","Transport: Any (BR 1Mbps), RF Channel: 73 (SP:  -70), Packet Type: Unknown"
"1706","239.612873600","","","BT BR/EDR RF","22","0x002ff7a8","Transport: Any (BR 1Mbps), RF Channel: 30 (SP:  -72), Packet Type: Unknown"
"1707","239.934704600","","","BT BR/EDR RF","22","0x0021c4f4","Transport: Any (BR 1Mbps), RF Channel: 49 (SP:  -72), Packet Type: Unknown"
"1708","239.964706100","","","BT BR/EDR RF","22","0x0021c4f4","Transport: Any (BR 1Mbps), RF Channel: 49 (SP:  -72), Packet Type: Unknown"
"1709","240.089464600","","","BT BR/EDR RF","22","0x0021c4f4","Transport: Any (BR 1Mbps), RF Channel: 66 (SP:  -76), Packet Type: Unknown"
"1710","240.160894700","","","BT BR/EDR RF","22","0x0021c4f4","Transport: Any (BR 1Mbps), RF Channel: 51 (SP:  -71), Packet Type: Unknown"
"1711","240.369109300","","","BT BR/EDR RF","22","0x0021c4f4","Transport: Any (BR 1Mbps), RF Channel: 53 (SP:  -73), Packet Type: Unknown"
"1712","240.407638100","","","BT BR/EDR RF","22","0x0021c4f4","Transport: Any (BR 1Mbps), RF Channel:  6 (SP:  -80), Packet Type: Unknown"
"1713","240.408441000","","","BT BR/EDR RF","22","0x0021c4f4","Transport: Any (BR 1Mbps), RF Channel:  6 (SP:  -74), Packet Type: Unknown"
"1714","240.562141900","","","BT BR/EDR RF","22","0x0021c4f4","Transport: Any (BR 1Mbps), RF Channel: 55 (SP:  -72), Packet Type: Unknown"
"1715","240.654123500","","","BT BR/EDR RF","22","0x002ff7a8","Transport: Any (BR 1Mbps), RF Channel: 72 (SP:    0, NP:  -55), Packet Type: Unknown"
"1716","240.671737800","","","BT BR/EDR RF","22","0x002ff7a8","Transport: Any (BR 1Mbps), RF Channel: 72 (SP:    0, NP:  -55), Packet Type: Unknown"
"1717","240.672137600","","","BT BR/EDR RF","22","0x002ff7a8","Transport: Any (BR 1Mbps), RF Channel: 72 (SP:    0, NP:  -55), Packet Type: Unknown"
"1718","240.751581800","","","BT BR/EDR RF","22","0x0021c4f4","Transport: Any (BR 1Mbps), RF Channel: 57 (SP:  -73), Packet Type: Unknown"
"1719","240.751982600","","","BT BR/EDR RF","22","0x0021c4f4","Transport: Any (BR 1Mbps), RF Channel: 57 (SP:  -73), Packet Type: Unknown"
"1720","241.009514100","","","BT BR/EDR RF","22","0x0021c4f4","Transport: Any (BR 1Mbps), RF Channel: 12 (SP:  -74), Packet Type: Unknown"
"1721","241.111063900","","","BT BR/EDR RF","22","0x002ff7a8","Transport: Any (BR 1Mbps), RF Channel: 29 (SP:  -75), Packet Type: Unknown"
"1722","241.168393100","","","BT BR/EDR RF","22","0x0021c4f4","Transport: Any (BR 1Mbps), RF Channel: 61 (SP:  -62), Packet Type: Unknown"
"1723","241.270336600","","","BT BR/EDR RF","22","0x0021c4f4","Transport: Any (BR 1Mbps), RF Channel: 78 (SP:  -72), Packet Type: Unknown"
"1724","241.357787100","","","BT BR/EDR RF","22","0x0021c4f4","Transport: Any (BR 1Mbps), RF Channel: 63 (SP:  -79), Packet Type: Unknown"
"1725","241.627818100","","","BT BR/EDR RF","22","0x002ff7a8","Transport: Any (BR 1Mbps), RF Channel: 50 (SP:    0, NP:  -55), Packet Type: Unknown"
"1726","241.794711100","","","BT BR/EDR RF","22","0x0021c4f4","Transport: Any (BR 1Mbps), RF Channel: 20 (SP:  -76), Packet Type: Unknown"
"1727","241.841629900","","","BT BR/EDR RF","22","0x0021c4f4","Transport: Any (BR 1Mbps), RF Channel: 52 (SP:  -72), Packet Type: Unknown"
"1728","242.049055300","","","BT BR/EDR RF","22","0x0021c4f4","Transport: Any (BR 1Mbps), RF Channel: 54 (SP:  -72), Packet Type: Unknown"
"1729","242.049457100","","","BT BR/EDR RF","22","0x0021c4f4","Transport: Any (BR 1Mbps), RF Channel: 54 (SP:  -72), Packet Type: Unknown"
"1730","242.078374200","","","BT BR/EDR RF","22","0x0021c4f4","Transport: Any (BR 1Mbps), RF Channel:  7 (SP:  -73), Packet Type: Unknown"
"1731","242.237675600","","","BT BR/EDR RF","22","0x0021c4f4","Transport: Any (BR 1Mbps), RF Channel: 56 (SP:  -72), Packet Type: Unknown"
"1732","242.238476200","","","BT BR/EDR RF","22","0x0021c4f4","Transport: Any (BR 1Mbps), RF Channel: 56 (SP:  -72), Packet Type: Unknown"
"1733","242.440323000","","","BT BR/EDR RF","22","0x0021c4f4","Transport: Any (BR 1Mbps), RF Channel: 58 (SP:  -73), Packet Type: Unknown"
"1734","242.440722100","","","BT BR/EDR RF","22","0x0021c4f4","Transport: Any (BR 1Mbps), RF Channel: 58 (SP:  -73), Packet Type: Unknown"
"1735","242.968255500","","","BT BR/EDR RF","22","0x0021c4f4","Transport: Any (BR 1Mbps), RF Channel:  0 (SP:  -74), Packet Type: Unknown"
"1736","243.042108600","","","BT BR/EDR RF","22","0x0021c4f4","Transport: Any (BR 1Mbps), RF Channel: 64 (SP:  -72), Packet Type: Unknown"
"1737","243.217182900","","","BT BR/EDR RF","22","0x0021c4f4","Transport: Any (BR 1Mbps), RF Channel: 66 (SP:  -73), Packet Type: Unknown"
"1738","243.300234900","","","BT BR/EDR RF","22","0x002ff7a8","Transport: Any (BR 1Mbps), RF Channel: 51 (SP:  -65), Packet Type: Unknown"
"1739","243.318233000","","","BT BR/EDR RF","22","0x0021c4f4","Transport: Any (BR 1Mbps), RF Channel: 51 (SP:  -71), Packet Type: Unknown"
"1740","243.369543500","","","BT BR/EDR RF","22","0x0021c4f4","Transport: Any (BR 1Mbps), RF Channel:  4 (SP:  -72), Packet Type: Unknown"
"1741","243.637552900","","","BT BR/EDR RF","22","0x0021c4f4","Transport: Any (BR 1Mbps), RF Channel: 70 (SP:  -74), Packet Type: Unknown"
"1742","243.638355500","","","BT BR/EDR RF","22","0x0021c4f4","Transport: Any (BR 1Mbps), RF Channel: 70 (SP:  -74), Packet Type: Unknown"
"1743","243.727827100","","","BT BR/EDR RF","22","0x0021c4f4","Transport: Any (BR 1Mbps), RF Channel: 55 (SP:  -72), Packet Type: Unknown"
"1744","243.728227700","","","BT BR/EDR RF","22","0x0021c4f4","Transport: Any (BR 1Mbps), RF Channel: 55 (SP:  -72), Packet Type: Unknown"
"1745","243.841386200","","","BT BR/EDR RF","22","0x0021c4f4","Transport: Any (BR 1Mbps), RF Channel: 72 (SP:  -70), Packet Type: Unknown"
"1746","243.842186600","","","BT BR/EDR RF","22","0x0021c4f4","Transport: Any (BR 1Mbps), RF Channel: 72 (SP:  -70), Packet Type: Unknown"
"1747","244.240206600","","","BT BR/EDR RF","22","0x0021c4f4","Transport: Any (BR 1Mbps), RF Channel: 76 (SP:  -72), Packet Type: Unknown"
"1748","244.560828100","","","BT BR/EDR RF","22","0x0021c4f4","Transport: Any (BR 1Mbps), RF Channel: 16 (SP:  -74), Packet Type: Unknown"
"1749","244.778398000","","","BT BR/EDR RF","22","0x002ff7a8","Transport: Any (BR 1Mbps), RF Channel: 50 (SP:  -70), Packet Type: Unknown"
"1750","244.808409600","","","BT BR/EDR RF","22","0x0021c4f4","Transport: Any (BR 1Mbps), RF Channel: 50 (SP:  -72), Packet Type: Unknown"
"1751","244.962103200","","","BT BR/EDR RF","22","0x0021c4f4","Transport: Any (BR 1Mbps), RF Channel: 20 (SP:  -75), Packet Type: Unknown"
"1752","245.121424000","","","BT BR/EDR RF","22","0x0021c4f4","Transport: Any (BR 1Mbps), RF Channel: 69 (SP:  -72), Packet Type: Unknown"
"1753","245.122226200","","","BT BR/EDR RF","22","0x0021c4f4","Transport: Any (BR 1Mbps), RF Channel: 69 (SP:  -72), Packet Type: Unknown"
"1754","245.208904000","","","BT BR/EDR RF","22","0x0021c4f4","Transport: Any (BR 1Mbps), RF Channel: 54 (SP:  -71), Packet Type: Unknown"
"1755","245.376728200","","","BT BR/EDR RF","22","0x002ff7a8","Transport: Any (BR 1Mbps), RF Channel: 56 (SP:  -72), Packet Type: Unknown"
"1756","245.377127100","","","BT BR/EDR RF","22","0x002ff7a8","Transport: Any (BR 1Mbps), RF Channel: 56 (SP:  -72), Packet Type: Unknown"
"1757","245.401542100","","","BT BR/EDR RF","22","0x0021c4f4","Transport: Any (BR 1Mbps), RF Channel: 56 (SP:  -74), Packet Type: Unknown"
"1758","245.649504700","","","BT BR/EDR RF","22","0x0021c4f4","Transport: Any (BR 1Mbps), RF Channel: 11 (SP:  -74), Packet Type: Unknown"
"1759","245.665220500","","","BT BR/EDR RF","22","0x002ff7a8","Transport: Any (BR 1Mbps), RF Channel: 43 (SP:    0, NP:  -55), Packet Type: Unknown"
"1760","245.667222400","","","BT BR/EDR RF","22","0x002ff7a8","Transport: Any (BR 1Mbps), RF Channel: 43 (SP:    0, NP:  -55), Packet Type: Unknown"
"1761","245.705351700","","","BT BR/EDR RF","22","0x002ff7a8","Transport: Any (BR 1Mbps), RF Channel: 75 (SP:    0, NP:  -55), Packet Type: Unknown"
"1762","245.721348100","","","BT BR/EDR RF","22","0x0021c4f4","Transport: Any (BR 1Mbps), RF Channel: 75 (SP:  -71), Packet Type: Unknown"
"1763","246.000201200","","","BT BR/EDR RF","22","0x0021c4f4","Transport: Any (BR 1Mbps), RF Channel: 62 (SP:  -72), Packet Type: Unknown"
"1764","246.041945300","","","BT BR/EDR RF","22","0x0021c4f4","Transport: Any (BR 1Mbps), RF Channel: 15 (SP:  -75), Packet Type: Unknown"
"1765","246.110970000","","","BT BR/EDR RF","22","0x0021c4f4","Transport: Any (BR 1Mbps), RF Channel:  0 (SP:    0, NP:  -55), Packet Type: Unknown"
"1766","246.201610100","","","BT BR/EDR RF","22","0x0021c4f4","Transport: Any (BR 1Mbps), RF Channel: 64 (SP:  -81), Packet Type: Unknown"
"1767","246.202007700","","","BT BR/EDR RF","22","0x0021c4f4","Transport: Any (BR 1Mbps), RF Channel: 64 (SP:  -74), Packet Type: Unknown"
"1768","246.320795900","","","BT BR/EDR RF","22","0x0021c4f4","Transport: Any (BR 1Mbps), RF Channel:  2 (SP:  -73), Packet Type: Unknown"
"1769","246.393446100","","","BT BR/EDR RF","22","0x0021c4f4","Transport: Any (BR 1Mbps), RF Channel: 66 (SP:  -74), Packet Type: Unknown"
"1770","246.443976600","","","BT BR/EDR RF","22","0x002ff7a8","Transport: Any (BR 1Mbps), RF Channel: 19 (SP:  -83), Packet Type: Unknown"
"1771","246.489707900","","","BT BR/EDR RF","22","0x0021c4f4","Transport: Any (BR 1Mbps), RF Channel: 51 (SP:  -72), Packet Type: Unknown"
"1772","246.522237500","","","BT BR/EDR RF","22","0x0021c4f4","Transport: Any (BR 1Mbps), RF Channel:  4 (SP:  -74), Packet Type: Unknown"
"1773","246.660300000","","","BT BR/EDR RF","22","0x002ff7a8","Transport: Any (BR 1Mbps), RF Channel: 53 (SP:  -58), Packet Type: Unknown"
"1774","246.798250500","","","BT BR/EDR RF","22","0x0021c4f4","Transport: Any (BR 1Mbps), RF Channel: 70 (SP:  -71), Packet Type: Unknown"
"1775","246.828373600","","","BT BR/EDR RF","22","0x002ff7a8","Transport: Any (BR 1Mbps), RF Channel: 23 (SP:    0, NP:  -55), Packet Type: Unknown"
"1776","246.966721500","","","BT BR/EDR RF","22","0x002ff7a8","Transport: Any (BR 1Mbps), RF Channel: 40 (SP:  -69), Packet Type: Unknown"
"1777","246.985234100","","","BT BR/EDR RF","22","0x002ff7a8","Transport: Any (BR 1Mbps), RF Channel: 72 (SP:    0, NP:  -55), Packet Type: Unknown"
"1778","247.117590900","","","BT BR/EDR RF","22","0x0021c4f4","Transport: Any (BR 1Mbps), RF Channel: 10 (SP:  -81), Packet Type: Unknown"
"1779","247.118389200","","","BT BR/EDR RF","22","0x0021c4f4","Transport: Any (BR 1Mbps), RF Channel: 10 (SP:  -72), Packet Type: Unknown"
"1780","247.338319000","","","BT BR/EDR RF","22","0x002ff7a8","Transport: Any (BR 1Mbps), RF Channel: 44 (SP:    0, NP:  -55), Packet Type: Unknown"
"1781","247.488287900","","","BT BR/EDR RF","22","0x0021c4f4","Transport: Any (BR 1Mbps), RF Channel: 61 (SP:  -66), Packet Type: Unknown"
"1782","247.600277600","","","BT BR/EDR RF","22","0x0021c4f4","Transport: Any (BR 1Mbps), RF Channel: 78 (SP:  -62), Packet Type: Unknown"
"1783","247.933379900","","","BT BR/EDR RF","22","0x0021c4f4","Transport: Any (BR 1Mbps), RF Channel: 50 (SP:  -72), Packet Type: Unknown"
"1784","247.962589200","","","BT BR/EDR RF","22","0x0021c4f4","Transport: Any (BR 1Mbps), RF Channel: 50 (SP:  -73), Packet Type: Unknown"
"1785","247.968992000","","","BT BR/EDR RF","22","0x0021c4f4","Transport: Any (BR 1Mbps), RF Channel: 50 (SP:  -73), Packet Type: Unknown"
"1786","247.998356100","","","BT BR/EDR RF","22","0x0021c4f4","Transport: Any (BR 1Mbps), RF Channel:  3 (SP:  -72), Packet Type: Unknown"
"1787","248.202209700","","","BT BR/EDR RF","22","0x0021c4f4","Transport: Any (BR 1Mbps), RF Channel:  5 (SP:  -72), Packet Type: Unknown"
"1788","248.288852900","","","BT BR/EDR RF","22","0x0021c4f4","Transport: Any (BR 1Mbps), RF Channel: 69 (SP:  -72), Packet Type: Unknown"
"1789","248.560107000","","","BT BR/EDR RF","22","0x0021c4f4","Transport: Any (BR 1Mbps), RF Channel: 56 (SP:  -72), Packet Type: Unknown"
"1790","248.589430800","","","BT BR/EDR RF","22","0x0021c4f4","Transport: Any (BR 1Mbps), RF Channel:  9 (SP:  -65), Packet Type: Unknown"
"1791","248.769500500","","","BT BR/EDR RF","22","0x0021c4f4","Transport: Any (BR 1Mbps), RF Channel: 58 (SP:  -73), Packet Type: Unknown"
"1792","248.816552600","","","BT BR/EDR RF","22","0x002ff7a8","Transport: Any (BR 1Mbps), RF Channel: 43 (SP:    0, NP:  -55), Packet Type: Unknown"
"1793","248.880277700","","","BT BR/EDR RF","22","0x0021c4f4","Transport: Any (BR 1Mbps), RF Channel: 75 (SP:  -70), Packet Type: Unknown"
"1794","248.883878500","","","BT BR/EDR RF","22","0x0021c4f4","Transport: Any (BR 1Mbps), RF Channel: 75 (SP:  -70), Packet Type: Unknown"
"1795","249.088887500","","","BT BR/EDR RF","22","0x0021c4f4","Transport: Any (BR 1Mbps), RF Channel: 77 (SP:  -73), Packet Type: Unknown"
"1796","249.358223700","","","BT BR/EDR RF","22","0x0021c4f4","Transport: Any (BR 1Mbps), RF Channel: 64 (SP:  -73), Packet Type: Unknown"
"1797","249.395179000","","","BT BR/EDR RF","22","0x002ff7a8","Transport: Any (BR 1Mbps), RF Channel: 17 (SP:  -73), Packet Type: Unknown"
"1798","249.761903300","","","BT BR/EDR RF","22","0x0021c4f4","Transport: Any (BR 1Mbps), RF Channel: 68 (SP:  -77), Packet Type: Unknown"
"1799","250.018363500","","","BT BR/EDR RF","22","0x0021c4f4","Transport: Any (BR 1Mbps), RF Channel: 55 (SP:  -74), Packet Type: Unknown"
"1800","250.038374900","","","BT BR/EDR RF","22","0x0021c4f4","Transport: Any (BR 1Mbps), RF Channel: 55 (SP:  -73), Packet Type: Unknown"
"1801","250.060894600","","","BT BR/EDR RF","22","0x0029cfc6","Transport: Any (BR 1Mbps), RF Channel:  8 (SP:  -74), Packet Type: Unknown"
"1802","250.428456600","","","BT BR/EDR RF","22","0x002ff7a8","Transport: Any (BR 1Mbps), RF Channel: 59 (SP:  -72), Packet Type: Unknown"
"1803","250.586497100","","","BT BR/EDR RF","22","0x002ff7a8","Transport: Any (BR 1Mbps), RF Channel: 29 (SP:  -73), Packet Type: Unknown"
"1804","250.920668500","","","BT BR/EDR RF","22","0x0021c4f4","Transport: Any (BR 1Mbps), RF Channel: 48 (SP:  -74), Packet Type: Unknown"
"1805","250.932774100","","","BT BR/EDR RF","22","0x002ff7a8","Transport: Any (BR 1Mbps), RF Channel:  1 (SP:  -70), Packet Type: Unknown"
"1806","251.010887200","","","BT BR/EDR RF","22","0x002ff7a8","Transport: Any (BR 1Mbps), RF Channel: 33 (SP:  -71), Packet Type: Unknown"
"1807","251.120931500","","","BT BR/EDR RF","22","0x0021c4f4","Transport: Any (BR 1Mbps), RF Channel: 50 (SP:  -73), Packet Type: Unknown"
"1808","251.248134900","","","BT BR/EDR RF","22","0x0021c4f4","Transport: Any (BR 1Mbps), RF Channel: 67 (SP:  -76), Packet Type: Unknown"
"1809","251.440317900","","","BT BR/EDR RF","22","0x0021c4f4","Transport: Any (BR 1Mbps), RF Channel: 69 (SP:  -75), Packet Type: Unknown"
"1810","251.528970200","","","BT BR/EDR RF","22","0x0021c4f4","Transport: Any (BR 1Mbps), RF Channel: 54 (SP:  -72), Packet Type: Unknown"
"1811","251.717536100","","","BT BR/EDR RF","22","0x0021c4f4","Transport: Any (BR 1Mbps), RF Channel: 56 (SP:  -74), Packet Type: Unknown"
"1812","251.968293800","","","BT BR/EDR RF","22","0x0021c4f4","Transport: Any (BR 1Mbps), RF Channel: 11 (SP:  -73), Packet Type: Unknown"
"1813","252.127574000","","","BT BR/EDR RF","22","0x0021c4f4","Transport: Any (BR 1Mbps), RF Channel: 60 (SP:  -74), Packet Type: Unknown"
"1814","252.164491900","","","BT BR/EDR RF","22","0x0029cfc6","Transport: Any (BR 1Mbps), RF Channel: 13 (SP:  -76), Packet Type: Unknown"
"1815","252.169694300","","","BT BR/EDR RF","22","0x0021c4f4","Transport: Any (BR 1Mbps), RF Channel: 13 (SP:  -71), Packet Type: Unknown"
"1816","252.358329700","","","BT BR/EDR RF","22","0x0021c4f4","Transport: Any (BR 1Mbps), RF Channel: 15 (SP:  -72), Packet Type: Unknown"
"1817","252.360727700","","","BT BR/EDR RF","22","0x0021c4f4","Transport: Any (BR 1Mbps), RF Channel: 15 (SP:  -72), Packet Type: Unknown"
"1818","252.578292900","","","BT BR/EDR RF","22","0x002ff7a8","Transport: Any (BR 1Mbps), RF Channel: 49 (SP:    0, NP:  -55), Packet Type: Unknown"
"1819","252.649653000","","","BT BR/EDR RF","22","0x0021c4f4","Transport: Any (BR 1Mbps), RF Channel:  2 (SP:  -72), Packet Type: Unknown"
"1820","252.720716500","","","BT BR/EDR RF","22","0x0021c4f4","Transport: Any (BR 1Mbps), RF Channel: 66 (SP:  -56), Packet Type: Unknown"
"1821","252.841878800","","","BT BR/EDR RF","22","0x0021c4f4","Transport: Any (BR 1Mbps), RF Channel:  4 (SP:  -70), Packet Type: Unknown"
"1822","252.856392900","","","BT BR/EDR RF","22","0x002ff7a8","Transport: Any (BR 1Mbps), RF Channel: 36 (SP:  -76), Packet Type: Unknown"
"1823","252.997561400","","","BT BR/EDR RF","22","0x0021c4f4","Transport: Any (BR 1Mbps), RF Channel: 53 (SP:  -73), Packet Type: Unknown"
"1824","252.998361400","","","BT BR/EDR RF","22","0x0021c4f4","Transport: Any (BR 1Mbps), RF Channel: 53 (SP:  -73), Packet Type: Unknown"
"1825","253.095912200","","","BT BR/EDR RF","22","0x002ff7a8","Transport: Any (BR 1Mbps), RF Channel: 70 (SP:  -80), Packet Type: Unknown"
"1826","253.173328300","","","BT BR/EDR RF","22","0x0021c4f4","Transport: Any (BR 1Mbps), RF Channel: 55 (SP:  -71), Packet Type: Unknown"
"1827","253.442044200","","","BT BR/EDR RF","22","0x0021c4f4","Transport: Any (BR 1Mbps), RF Channel: 10 (SP:  -72), Packet Type: Unknown"
"1828","253.558430600","","","BT BR/EDR RF","22","0x002ff7a8","Transport: Any (BR 1Mbps), RF Channel: 27 (SP:  -74), Packet Type: Unknown"
"1829","253.608160800","","","BT BR/EDR RF","22","0x0021c4f4","Transport: Any (BR 1Mbps), RF Channel: 59 (SP:  -74), Packet Type: Unknown"
"1830","253.695314200","","","BT BR/EDR RF","22","0x0021c4f4","Transport: Any (BR 1Mbps), RF Channel: 76 (SP:  -73), Packet Type: Unknown"
"1831","254.082047900","","","BT BR/EDR RF","22","0x0021c4f4","Transport: Any (BR 1Mbps), RF Channel: 48 (SP:  -73), Packet Type: Unknown"
"1832","254.124584500","","","BT BR/EDR RF","22","0x0021c4f4","Transport: Any (BR 1Mbps), RF Channel:  1 (SP:  -74), Packet Type: Unknown"
"1833","254.278291600","","","BT BR/EDR RF","22","0x002ff7a8","Transport: Any (BR 1Mbps), RF Channel: 50 (SP:    0, NP:  -55), Packet Type: Unknown"
"1834","254.918216000","","","BT BR/EDR RF","22","0x0021c4f4","Transport: Any (BR 1Mbps), RF Channel:  9 (SP:  -72), Packet Type: Unknown"
"1835","254.974068000","","","BT BR/EDR RF","22","0x002ff7a8","Transport: Any (BR 1Mbps), RF Channel: 73 (SP:    0, NP:  -55), Packet Type: Unknown"
"1836","255.280132700","","","BT BR/EDR RF","22","0x0021c4f4","Transport: Any (BR 1Mbps), RF Channel: 60 (SP:  -62), Packet Type: Unknown"
"1837","255.280935700","","","BT BR/EDR RF","22","0x0021c4f4","Transport: Any (BR 1Mbps), RF Channel: 60 (SP:  -62), Packet Type: Unknown"
"1838","255.684586800","","","BT BR/EDR RF","22","0x0021c4f4","Transport: Any (BR 1Mbps), RF Channel: 64 (SP:  -67), Packet Type: Unknown"
"1839","255.889634300","","","BT BR/EDR RF","22","0x0021c4f4","Transport: Any (BR 1Mbps), RF Channel: 66 (SP:  -74), Packet Type: Unknown"
"1840","255.928168300","","","BT BR/EDR RF","22","0x0021c4f4","Transport: Any (BR 1Mbps), RF Channel: 19 (SP:  -72), Packet Type: Unknown"
"1841","255.945090900","","","BT BR/EDR RF","22","0x002ff7a8","Transport: Any (BR 1Mbps), RF Channel: 51 (SP:    0, NP:  -55), Packet Type: Unknown"
"1842","255.947089900","","","BT BR/EDR RF","22","0x002ff7a8","Transport: Any (BR 1Mbps), RF Channel: 51 (SP:    0, NP:  -55), Packet Type: Unknown"
"1843","255.961899100","","","BT BR/EDR RF","22","0x0021c4f4","Transport: Any (BR 1Mbps), RF Channel: 51 (SP:  -73), Packet Type: Unknown"
"1844","256.281219900","","","BT BR/EDR RF","22","0x0021c4f4","Transport: Any (BR 1Mbps), RF Channel: 70 (SP:  -72), Packet Type: Unknown"
"1845","256.409602700","","","BT BR/EDR RF","22","0x0021c4f4","Transport: Any (BR 1Mbps), RF Channel:  8 (SP:  -74), Packet Type: Unknown"
"1846","256.560088500","","","BT BR/EDR RF","22","0x0021c4f4","Transport: Any (BR 1Mbps), RF Channel: 57 (SP:  -72), Packet Type: Unknown"
"1847","256.642725000","","","BT BR/EDR RF","22","0x002ff7a8","Transport: Any (BR 1Mbps), RF Channel: 42 (SP:  -72), Packet Type: Unknown"
"1848","256.716959800","","","BT BR/EDR RF","22","0x002ff7a8","Transport: Any (BR 1Mbps), RF Channel: 27 (SP:  -74), Packet Type: Unknown"
"1849","256.761866200","","","BT BR/EDR RF","22","0x0021c4f4","Transport: Any (BR 1Mbps), RF Channel: 59 (SP:  -73), Packet Type: Unknown"
"1850","257.358109500","","","BT BR/EDR RF","22","0x0021c4f4","Transport: Any (BR 1Mbps), RF Channel: 65 (SP:  -74), Packet Type: Unknown"
"1851","257.379455500","","","BT BR/EDR RF","22","0x0029cfc6","Transport: Any (BR 1Mbps), RF Channel: 18 (SP:  -76), Packet Type: Unknown"
"1852","257.448782900","","","BT BR/EDR RF","22","0x0021c4f4","Transport: Any (BR 1Mbps), RF Channel: 50 (SP:  -73), Packet Type: Unknown"
"1853","257.449582600","","","BT BR/EDR RF","22","0x0021c4f4","Transport: Any (BR 1Mbps), RF Channel: 50 (SP:  -73), Packet Type: Unknown"
"1854","257.648201100","","","BT BR/EDR RF","22","0x0021c4f4","Transport: Any (BR 1Mbps), RF Channel: 52 (SP:  -71), Packet Type: Unknown"
"1855","257.739340400","","","BT BR/EDR RF","22","0x0021c4f4","Transport: Any (BR 1Mbps), RF Channel: 69 (SP:  -67), Packet Type: Unknown"
"1856","257.839991600","","","BT BR/EDR RF","22","0x0021c4f4","Transport: Any (BR 1Mbps), RF Channel: 54 (SP:  -67), Packet Type: Unknown"
"1857","257.840790600","","","BT BR/EDR RF","22","0x0021c4f4","Transport: Any (BR 1Mbps), RF Channel: 54 (SP:  -67), Packet Type: Unknown"
"1858","257.967529500","","","BT BR/EDR RF","22","0x0021c4f4","Transport: Any (BR 1Mbps), RF Channel: 71 (SP:  -66), Packet Type: Unknown"
"1859","257.968329900","","","BT BR/EDR RF","22","0x0021c4f4","Transport: Any (BR 1Mbps), RF Channel: 71 (SP:  -66), Packet Type: Unknown"
"1860","258.048944000","","","BT BR/EDR RF","22","0x0021c4f4","Transport: Any (BR 1Mbps), RF Channel: 56 (SP:  -73), Packet Type: Unknown"
"1861","258.154112600","","","BT BR/EDR RF","22","0x002ff7a8","Transport: Any (BR 1Mbps), RF Channel: 73 (SP:  -81), Packet Type: Unknown"
"1862","258.223951700","","","BT BR/EDR RF","22","0x002ff7a8","Transport: Any (BR 1Mbps), RF Channel: 58 (SP:  -72), Packet Type: Unknown"
"1863","258.224753000","","","BT BR/EDR RF","22","0x002ff7a8","Transport: Any (BR 1Mbps), RF Channel: 58 (SP:  -72), Packet Type: Unknown"
"1864","258.265685200","","","BT BR/EDR RF","22","0x0021c4f4","Transport: Any (BR 1Mbps), RF Channel: 11 (SP:  -74), Packet Type: Unknown"
"1865","258.366338100","","","BT BR/EDR RF","22","0x002ff7a8","Transport: Any (BR 1Mbps), RF Channel: 75 (SP:    0, NP:  -55), Packet Type: Unknown"
"1866","258.368338900","","","BT BR/EDR RF","22","0x002ff7a8","Transport: Any (BR 1Mbps), RF Channel: 75 (SP:    0, NP:  -55), Packet Type: Unknown"
"1867","258.368737700","","","BT BR/EDR RF","22","0x0021c4f4","Transport: Any (BR 1Mbps), RF Channel: 75 (SP:    0, NP:  -55), Packet Type: Unknown"
"1868","258.369538200","","","BT BR/EDR RF","22","0x0021c4f4","Transport: Any (BR 1Mbps), RF Channel: 75 (SP:    0, NP:  -55), Packet Type: Unknown"
"1869","258.505252200","","","BT BR/EDR RF","22","0x002ff7a8","Transport: Any (BR 1Mbps), RF Channel: 45 (SP:    0, NP:  -55), Packet Type: Unknown"
"1870","258.507252900","","","BT BR/EDR RF","22","0x002ff7a8","Transport: Any (BR 1Mbps), RF Channel: 45 (SP:    0, NP:  -55), Packet Type: Unknown"
"1871","258.849413600","","","BT BR/EDR RF","22","0x0021c4f4","Transport: Any (BR 1Mbps), RF Channel: 64 (SP:  -49, NP:  -55), Packet Type: Unknown"
"1872","259.120771800","","","BT BR/EDR RF","22","0x0021c4f4","Transport: Any (BR 1Mbps), RF Channel: 51 (SP:  -72), Packet Type: Unknown"
"1873","259.282052700","","","BT BR/EDR RF","22","0x0021c4f4","Transport: Any (BR 1Mbps), RF Channel: 21 (SP:  -77), Packet Type: Unknown"
"1874","259.329379200","","","BT BR/EDR RF","22","0x0021c4f4","Transport: Any (BR 1Mbps), RF Channel: 53 (SP:  -72), Packet Type: Unknown"
"1875","259.569358000","","","BT BR/EDR RF","22","0x0021c4f4","Transport: Any (BR 1Mbps), RF Channel:  8 (SP:  -76), Packet Type: Unknown"
"1876","259.635187000","","","BT BR/EDR RF","22","0x002ff7a8","Transport: Any (BR 1Mbps), RF Channel: 72 (SP:    0, NP:  -55), Packet Type: Unknown"
"1877","260.110617000","","","BT BR/EDR RF","22","0x0021c4f4","Transport: Any (BR 1Mbps), RF Channel: 61 (SP:  -73), Packet Type: Unknown"
"1878","260.125814600","","","BT BR/EDR RF","22","0x0021c4f4","Transport: Any (BR 1Mbps), RF Channel: 61 (SP:  -72), Packet Type: Unknown"
"1879","260.161927100","","","BT BR/EDR RF","22","0x0021c4f4","Transport: Any (BR 1Mbps), RF Channel: 14 (SP:  -72), Packet Type: Unknown"
"1880","260.234970200","","","BT BR/EDR RF","22","0x0021c4f4","Transport: Any (BR 1Mbps), RF Channel: 78 (SP:  -72), Packet Type: Unknown"
"1881","260.400656000","","","BT BR/EDR RF","22","0x0021c4f4","Transport: Any (BR 1Mbps), RF Channel: 48 (SP:  -50, NP:  -55), Packet Type: Unknown"
"1882","260.498215600","","","BT BR/EDR RF","22","0x0021c4f4","Transport: Any (BR 1Mbps), RF Channel: 65 (SP:  -74), Packet Type: Unknown"
"1883","260.928219300","","","BT BR/EDR RF","22","0x0021c4f4","Transport: Any (BR 1Mbps), RF Channel: 69 (SP:  -75), Packet Type: Unknown"
"1884","261.027035700","","","BT BR/EDR RF","22","0x0029cfc6","Transport: Any (BR 1Mbps), RF Channel:  7 (SP:  -72), Packet Type: Unknown"
"1885","261.041830500","","","BT BR/EDR RF","22","0x0021c4f4","Transport: Any (BR 1Mbps), RF Channel:  7 (SP:  -72), Packet Type: Unknown"
"1886","261.471581600","","","BT BR/EDR RF","22","0x002ff7a8","Transport: Any (BR 1Mbps), RF Channel: 43 (SP:  -72), Packet Type: Unknown"
"1887","261.608768100","","","BT BR/EDR RF","22","0x0021c4f4","Transport: Any (BR 1Mbps), RF Channel: 60 (SP:  -73), Packet Type: Unknown"
"1888","261.669011200","","","BT BR/EDR RF","22","0x002ff7a8","Transport: Any (BR 1Mbps), RF Channel: 45 (SP:    0, NP:  -55), Packet Type: Unknown"
"1889","261.669410600","","","BT BR/EDR RF","22","0x002ff7a8","Transport: Any (BR 1Mbps), RF Channel: 45 (SP:    0, NP:  -55), Packet Type: Unknown"
"1890","261.801381000","","","BT BR/EDR RF","22","0x0021c4f4","Transport: Any (BR 1Mbps), RF Channel: 62 (SP:  -74), Packet Type: Unknown"
"1891","261.823107000","","","BT BR/EDR RF","22","0x0021c4f4","Transport: Any (BR 1Mbps), RF Channel: 15 (SP:  -72), Packet Type: Unknown"
"1892","262.058292800","","","BT BR/EDR RF","22","0x0021c4f4","Transport: Any (BR 1Mbps), RF Channel: 49 (SP:  -73), Packet Type: Unknown"
"1893","262.249609200","","","BT BR/EDR RF","22","0x0021c4f4","Transport: Any (BR 1Mbps), RF Channel: 19 (SP:  -75), Packet Type: Unknown"
"1894","262.321846000","","","BT BR/EDR RF","22","0x0021c4f4","Transport: Any (BR 1Mbps), RF Channel:  4 (SP:  -74), Packet Type: Unknown"
"1895","262.408904600","","","BT BR/EDR RF","22","0x0021c4f4","Transport: Any (BR 1Mbps), RF Channel: 68 (SP:  -56), Packet Type: Unknown"
"1896","262.440618900","","","BT BR/EDR RF","22","0x0021c4f4","Transport: Any (BR 1Mbps), RF Channel: 21 (SP:  -75), Packet Type: Unknown"
"1897","262.486321200","","","BT BR/EDR RF","22","0x0021c4f4","Transport: Any (BR 1Mbps), RF Channel: 53 (SP:  -73), Packet Type: Unknown"
"1898","262.487121500","","","BT BR/EDR RF","22","0x0021c4f4","Transport: Any (BR 1Mbps), RF Channel: 53 (SP:  -73), Packet Type: Unknown"
"1899","262.597463900","","","BT BR/EDR RF","22","0x0021c4f4","Transport: Any (BR 1Mbps), RF Channel: 70 (SP:  -74), Packet Type: Unknown"
"1900","262.888721900","","","BT BR/EDR RF","22","0x0021c4f4","Transport: Any (BR 1Mbps), RF Channel: 57 (SP:  -74), Packet Type: Unknown"
"1901","263.081322700","","","BT BR/EDR RF","22","0x0021c4f4","Transport: Any (BR 1Mbps), RF Channel: 59 (SP:  -75), Packet Type: Unknown"
"1902","263.288342000","","","BT BR/EDR RF","22","0x0021c4f4","Transport: Any (BR 1Mbps), RF Channel: 61 (SP:  -66), Packet Type: Unknown"
"1903","263.500658100","","","BT BR/EDR RF","22","0x0029cfc6","Transport: Any (BR 1Mbps), RF Channel: 16 (SP:  -70), Packet Type: Unknown"
"1904","263.521864800","","","BT BR/EDR RF","22","0x0021c4f4","Transport: Any (BR 1Mbps), RF Channel: 16 (SP:  -72), Packet Type: Unknown"
"1905","263.609336900","","","BT BR/EDR RF","22","0x0021c4f4","Transport: Any (BR 1Mbps), RF Channel:  1 (SP:  -72), Packet Type: Unknown"
"1906","263.790790200","","","BT BR/EDR RF","22","0x0029cfc6","Transport: Any (BR 1Mbps), RF Channel:  3 (SP:  -77), Packet Type: Unknown"
"1907","264.087664500","","","BT BR/EDR RF","22","0x0021c4f4","Transport: Any (BR 1Mbps), RF Channel: 69 (SP:  -66), Packet Type: Unknown"
"1908","264.161931200","","","BT BR/EDR RF","22","0x0021c4f4","Transport: Any (BR 1Mbps), RF Channel: 54 (SP:  -72), Packet Type: Unknown"
"1909","264.408292100","","","BT BR/EDR RF","22","0x0021c4f4","Transport: Any (BR 1Mbps), RF Channel:  9 (SP:  -72), Packet Type: Unknown"
"1910","264.410695100","","","BT BR/EDR RF","22","0x0021c4f4","Transport: Any (BR 1Mbps), RF Channel:  9 (SP:  -72), Packet Type: Unknown"
"1911","264.676358200","","","BT BR/EDR RF","22","0x002ff7a8","Transport: Any (BR 1Mbps), RF Channel: 75 (SP:    0, NP:  -55), Packet Type: Unknown"
"1912","264.678358600","","","BT BR/EDR RF","22","0x002ff7a8","Transport: Any (BR 1Mbps), RF Channel: 75 (SP:    0, NP:  -55), Packet Type: Unknown"
"1913","264.966819700","","","BT BR/EDR RF","22","0x0021c4f4","Transport: Any (BR 1Mbps), RF Channel: 62 (SP:  -62), Packet Type: Unknown"
"1914","265.441173900","","","BT BR/EDR RF","22","0x0021c4f4","Transport: Any (BR 1Mbps), RF Channel: 51 (SP:  -73), Packet Type: Unknown"
"1915","265.441971700","","","BT BR/EDR RF","22","0x0021c4f4","Transport: Any (BR 1Mbps), RF Channel: 51 (SP:  -72), Packet Type: Unknown"
"1916","266.489496600","","","BT BR/EDR RF","22","0x0021c4f4","Transport: Any (BR 1Mbps), RF Channel: 14 (SP:  -70), Packet Type: Unknown"
"1917","266.924911800","","","BT BR/EDR RF","22","0x0021c4f4","Transport: Any (BR 1Mbps), RF Channel: 50 (SP:  -74), Packet Type: Unknown"
"1918","266.960639000","","","BT BR/EDR RF","22","0x0021c4f4","Transport: Any (BR 1Mbps), RF Channel:  3 (SP:  -72), Packet Type: Unknown"
"1919","267.088203300","","","BT BR/EDR RF","22","0x0021c4f4","Transport: Any (BR 1Mbps), RF Channel: 20 (SP:  -73), Packet Type: Unknown"
"1920","267.241473200","","","BT BR/EDR RF","22","0x0021c4f4","Transport: Any (BR 1Mbps), RF Channel: 69 (SP:  -10, NP:  -55), Packet Type: Unknown"
"1921","267.422489000","","","BT BR/EDR RF","22","0x0021c4f4","Transport: Any (BR 1Mbps), RF Channel: 71 (SP:  -73), Packet Type: Unknown"
"1922","267.569280400","","","BT BR/EDR RF","22","0x0021c4f4","Transport: Any (BR 1Mbps), RF Channel:  9 (SP:  -34, NP:  -55), Packet Type: Unknown"
"1923","267.695764200","","","BT BR/EDR RF","22","0x0021c4f4","Transport: Any (BR 1Mbps), RF Channel: 58 (SP:  -76), Packet Type: Unknown"
"1924","267.883784900","","","BT BR/EDR RF","22","0x002ff7a8","Transport: Any (BR 1Mbps), RF Channel: 28 (SP:    0, NP:  -55), Packet Type: Unknown"
"1925","267.948440900","","","BT BR/EDR RF","22","0x0029cfc6","Transport: Any (BR 1Mbps), RF Channel: 13 (SP:  -71), Packet Type: Unknown"
"1926","268.025104000","","","BT BR/EDR RF","22","0x002ff7a8","Transport: Any (BR 1Mbps), RF Channel: 77 (SP:    0, NP:  -55), Packet Type: Unknown"
"1927","268.027102800","","","BT BR/EDR RF","22","0x002ff7a8","Transport: Any (BR 1Mbps), RF Channel: 77 (SP:    0, NP:  -55), Packet Type: Unknown"
"1928","268.066433100","","","BT BR/EDR RF","22","0x002ff7a8","Transport: Any (BR 1Mbps), RF Channel: 30 (SP:  -63), Packet Type: Unknown"
"1929","268.234488100","","","BT BR/EDR RF","22","0x0021c4f4","Transport: Any (BR 1Mbps), RF Channel:  0 (SP:  -51, NP:  -55), Packet Type: Unknown"
"1930","268.334482200","","","BT BR/EDR RF","22","0x0021c4f4","Transport: Any (BR 1Mbps), RF Channel: 17 (SP:  -46, NP:  -55), Packet Type: Unknown"
"1931","268.600082600","","","BT BR/EDR RF","22","0x0021c4f4","Transport: Any (BR 1Mbps), RF Channel: 51 (SP:  -75), Packet Type: Unknown"
"1932","268.760571900","","","BT BR/EDR RF","22","0x0021c4f4","Transport: Any (BR 1Mbps), RF Channel: 21 (SP:  -76), Packet Type: Unknown"
"1933","269.033395200","","","BT BR/EDR RF","22","0x0029cfc6","Transport: Any (BR 1Mbps), RF Channel:  8 (SP:  -55), Packet Type: Unknown"
"1934","269.049399600","","","BT BR/EDR RF","22","0x0021c4f4","Transport: Any (BR 1Mbps), RF Channel:  8 (SP:  -73), Packet Type: Unknown"
"1935","269.250836400","","","BT BR/EDR RF","22","0x0021c4f4","Transport: Any (BR 1Mbps), RF Channel: 10 (SP:  -73), Packet Type: Unknown"
"1936","269.390131100","","","BT BR/EDR RF","22","0x0021c4f4","Transport: Any (BR 1Mbps), RF Channel: 59 (SP:  -73), Packet Type: Unknown"
"1937","269.390531500","","","BT BR/EDR RF","22","0x0021c4f4","Transport: Any (BR 1Mbps), RF Channel: 59 (SP:  -73), Packet Type: Unknown"
"1938","269.521285300","","","BT BR/EDR RF","22","0x0021c4f4","Transport: Any (BR 1Mbps), RF Channel: 76 (SP:  -70), Packet Type: Unknown"
"1939","269.648054700","","","BT BR/EDR RF","22","0x0021c4f4","Transport: Any (BR 1Mbps), RF Channel: 14 (SP:  -72), Packet Type: Unknown"
"1940","269.800548900","","","BT BR/EDR RF","22","0x0021c4f4","Transport: Any (BR 1Mbps), RF Channel: 63 (SP:  -74), Packet Type: Unknown"
"1941","269.838262000","","","BT BR/EDR RF","22","0x0021c4f4","Transport: Any (BR 1Mbps), RF Channel: 16 (SP:  -72), Packet Type: Unknown"
"1942","270.130783300","","","BT BR/EDR RF","22","0x002ff7a8","Transport: Any (BR 1Mbps), RF Channel:  3 (SP:  -72), Packet Type: Unknown"
"1943","270.205832200","","","BT BR/EDR RF","22","0x0021c4f4","Transport: Any (BR 1Mbps), RF Channel: 67 (SP:  -75), Packet Type: Unknown"
"1944","270.255277100","","","BT BR/EDR RF","22","0x002ff7a8","Transport: Any (BR 1Mbps), RF Channel: 52 (SP:    0, NP:  -55), Packet Type: Unknown"
"1945","270.401239700","","","BT BR/EDR RF","22","0x0021c4f4","Transport: Any (BR 1Mbps), RF Channel: 69 (SP:  -75), Packet Type: Unknown"
"1946","270.510853300","","","BT BR/EDR RF","22","0x0029cfc6","Transport: Any (BR 1Mbps), RF Channel:  7 (SP:  -74), Packet Type: Unknown"
"1947","270.598305600","","","BT BR/EDR RF","22","0x0021c4f4","Transport: Any (BR 1Mbps), RF Channel: 71 (SP:  -72), Packet Type: Unknown"
"1948","270.765197900","","","BT BR/EDR RF","22","0x002ff7a8","Transport: Any (BR 1Mbps), RF Channel: 41 (SP:  -72), Packet Type: Unknown"
"1949","270.918069200","","","BT BR/EDR RF","22","0x0021c4f4","Transport: Any (BR 1Mbps), RF Channel: 11 (SP:  -73), Packet Type: Unknown"
"1950","271.008704800","","","BT BR/EDR RF","22","0x0021c4f4","Transport: Any (BR 1Mbps), RF Channel: 75 (SP:  -70), Packet Type: Unknown"
"1951","271.036429600","","","BT BR/EDR RF","22","0x002ff7a8","Transport: Any (BR 1Mbps), RF Channel: 28 (SP:    0, NP:  -55), Packet Type: Unknown"
"1952","271.100666800","","","BT BR/EDR RF","22","0x0021c4f4","Transport: Any (BR 1Mbps), RF Channel: 13 (SP:  -74), Packet Type: Unknown"
"1953","271.200100000","","","BT BR/EDR RF","22","0x0021c4f4","Transport: Any (BR 1Mbps), RF Channel: 77 (SP:  -72), Packet Type: Unknown"
"1954","271.360208000","","","BT BR/EDR RF","22","0x002ff7a8","Transport: Any (BR 1Mbps), RF Channel: 47 (SP:    0, NP:  -55), Packet Type: Unknown"
"1955","271.360608700","","","BT BR/EDR RF","22","0x002ff7a8","Transport: Any (BR 1Mbps), RF Channel: 47 (SP:    0, NP:  -55), Packet Type: Unknown"
"1956","271.409540300","","","BT BR/EDR RF","22","0x0021c4f4","Transport: Any (BR 1Mbps), RF Channel:  0 (SP:  -73), Packet Type: Unknown"
"1957","271.609364000","","","BT BR/EDR RF","22","0x0021c4f4","Transport: Any (BR 1Mbps), RF Channel:  2 (SP:  -73), Packet Type: Unknown"
"1958","271.751446200","","","BT BR/EDR RF","22","0x0021c4f4","Transport: Any (BR 1Mbps), RF Channel: 51 (SP:  -59), Packet Type: Unknown"
"1959","272.000592200","","","BT BR/EDR RF","22","0x0021c4f4","Transport: Any (BR 1Mbps), RF Channel:  6 (SP:  -75), Packet Type: Unknown"
"1960","272.561124000","","","BT BR/EDR RF","22","0x0021c4f4","Transport: Any (BR 1Mbps), RF Channel: 59 (SP:  -70), Packet Type: Unknown"
"1961","272.561925900","","","BT BR/EDR RF","22","0x0021c4f4","Transport: Any (BR 1Mbps), RF Channel: 59 (SP:  -70), Packet Type: Unknown"
"1962","272.683877600","","","BT BR/EDR RF","22","0x002ff7a8","Transport: Any (BR 1Mbps), RF Channel: 76 (SP:    0, NP:  -55), Packet Type: Unknown"
"1963","272.935581600","","","BT BR/EDR RF","22","0x0021c4f4","Transport: Any (BR 1Mbps), RF Channel: 63 (SP:  -73), Packet Type: Unknown"
"1964","272.958773500","","","BT BR/EDR RF","22","0x0021c4f4","Transport: Any (BR 1Mbps), RF Channel: 63 (SP:  -77), Packet Type: Unknown"
"1965","273.168163000","","","BT BR/EDR RF","22","0x0021c4f4","Transport: Any (BR 1Mbps), RF Channel: 65 (SP:  -74), Packet Type: Unknown"
"1966","273.280593800","","","BT BR/EDR RF","22","0x0021c4f4","Transport: Any (BR 1Mbps), RF Channel:  3 (SP:  -73), Packet Type: Unknown"
"1967","273.447534800","","","BT BR/EDR RF","22","0x0021c4f4","Transport: Any (BR 1Mbps), RF Channel: 52 (SP:  -71), Packet Type: Unknown"
"1968","273.463256800","","","BT BR/EDR RF","22","0x0029cfc6","Transport: Any (BR 1Mbps), RF Channel:  5 (SP:  -73), Packet Type: Unknown"
"1969","273.465653300","","","BT BR/EDR RF","22","0x0021c4f4","Transport: Any (BR 1Mbps), RF Channel:  5 (SP:  -72), Packet Type: Unknown"
"1970","273.478046100","","","BT BR/EDR RF","22","0x0021c4f4","Transport: Any (BR 1Mbps), RF Channel:  5 (SP:  -74), Packet Type: Unknown"
"1971","273.840770100","","","BT BR/EDR RF","22","0x0021c4f4","Transport: Any (BR 1Mbps), RF Channel: 56 (SP:  -71), Packet Type: Unknown"
"1972","273.969527400","","","BT BR/EDR RF","22","0x0021c4f4","Transport: Any (BR 1Mbps), RF Channel: 73 (SP:  -70), Packet Type: Unknown"
"1973","274.561730300","","","BT BR/EDR RF","22","0x0021c4f4","Transport: Any (BR 1Mbps), RF Channel:  0 (SP:  -74), Packet Type: Unknown"
"1974","274.918056700","","","BT BR/EDR RF","22","0x002ff7a8","Transport: Any (BR 1Mbps), RF Channel: 51 (SP:    0, NP:  -55), Packet Type: Unknown"
"1975","275.120672100","","","BT BR/EDR RF","22","0x0021c4f4","Transport: Any (BR 1Mbps), RF Channel: 53 (SP:  -72), Packet Type: Unknown"
"1976","276.121367800","","","BT BR/EDR RF","22","0x0021c4f4","Transport: Any (BR 1Mbps), RF Channel: 63 (SP:  -78), Packet Type: Unknown"
"1977","276.360501700","","","BT BR/EDR RF","22","0x0021c4f4","Transport: Any (BR 1Mbps), RF Channel: 18 (SP:  -47, NP:  -55), Packet Type: Unknown"
"1978","276.529433500","","","BT BR/EDR RF","22","0x0021c4f4","Transport: Any (BR 1Mbps), RF Channel: 67 (SP:  -73), Packet Type: Unknown"
"1979","276.574466300","","","BT BR/EDR RF","22","0x0021c4f4","Transport: Any (BR 1Mbps), RF Channel: 52 (SP:  -70), Packet Type: Unknown"
"1980","276.601253500","","","BT BR/EDR RF","22","0x0021c4f4","Transport: Any (BR 1Mbps), RF Channel: 52 (SP:  -72), Packet Type: Unknown"
"1981","278.079862500","","","BT BR/EDR RF","22","0x0021c4f4","Transport: Any (BR 1Mbps), RF Channel: 51 (SP:  -74), Packet Type: Unknown"
"1982","278.080663500","","","BT BR/EDR RF","22","0x0021c4f4","Transport: Any (BR 1Mbps), RF Channel: 51 (SP:  -73), Packet Type: Unknown"
"1983","278.121989100","","","BT BR/EDR RF","22","0x0021c4f4","Transport: Any (BR 1Mbps), RF Channel:  4 (SP:  -74), Packet Type: Unknown"
"1984","278.122389700","","","BT BR/EDR RF","22","0x002ff7a8","Transport: Any (BR 1Mbps), RF Channel:  4 (SP:  -74), Packet Type: Unknown"
"1985","278.262090100","","","BT BR/EDR RF","22","0x002ff7a8","Transport: Any (BR 1Mbps), RF Channel: 53 (SP:  -74), Packet Type: Unknown"
"1986","278.319414000","","","BT BR/EDR RF","22","0x0029cfc6","Transport: Any (BR 1Mbps), RF Channel:  6 (SP:  -73), Packet Type: Unknown"
"1987","278.636376500","","","BT BR/EDR RF","22","0x002ff7a8","Transport: Any (BR 1Mbps), RF Channel: 25 (SP:    0, NP:  -55), Packet Type: Unknown"
"1988","278.807628600","","","BT BR/EDR RF","22","0x0021c4f4","Transport: Any (BR 1Mbps), RF Channel: 74 (SP:  -70), Packet Type: Unknown"
"1989","278.921997700","","","BT BR/EDR RF","22","0x0021c4f4","Transport: Any (BR 1Mbps), RF Channel: 12 (SP:  -74), Packet Type: Unknown"
"1990","279.000661000","","","BT BR/EDR RF","22","0x0021c4f4","Transport: Any (BR 1Mbps), RF Channel: 76 (SP:  -69), Packet Type: Unknown"
"1991","279.128240200","","","BT BR/EDR RF","22","0x0021c4f4","Transport: Any (BR 1Mbps), RF Channel: 14 (SP:  -74), Packet Type: Unknown"
"1992","279.320454300","","","BT BR/EDR RF","22","0x0021c4f4","Transport: Any (BR 1Mbps), RF Channel: 16 (SP:  -74), Packet Type: Unknown"
"1993","279.332571800","","","BT BR/EDR RF","22","0x0021c4f4","Transport: Any (BR 1Mbps), RF Channel: 48 (SP:  -78), Packet Type: Unknown"
"1994","279.460134800","","","BT BR/EDR RF","22","0x0021c4f4","Transport: Any (BR 1Mbps), RF Channel: 65 (SP:  -86), Packet Type: Unknown"
"1995","279.460535200","","","BT BR/EDR RF","22","0x0021c4f4","Transport: Any (BR 1Mbps), RF Channel: 65 (SP:  -73), Packet Type: Unknown"
"1996","279.609365200","","","BT BR/EDR RF","22","0x0021c4f4","Transport: Any (BR 1Mbps), RF Channel:  3 (SP:  -72), Packet Type: Unknown"
"1997","279.763873000","","","BT BR/EDR RF","22","0x0021c4f4","Transport: Any (BR 1Mbps), RF Channel: 52 (SP:  -73), Packet Type: Unknown"
"1998","279.777182200","","","BT BR/EDR RF","22","0x0029cfc6","Transport: Any (BR 1Mbps), RF Channel:  5 (SP:  -75), Packet Type: Unknown"
"1999","279.879431800","","","BT BR/EDR RF","22","0x0021c4f4","Transport: Any (BR 1Mbps), RF Channel: 69 (SP:  -75), Packet Type: Unknown"
"2000","280.071218100","","","BT BR/EDR RF","22","0x002ff7a8","Transport: Any (BR 1Mbps), RF Channel: 71 (SP:  -81), Packet Type: Unknown"
"2001","280.072017200","","","BT BR/EDR RF","22","0x002ff7a8","Transport: Any (BR 1Mbps), RF Channel: 71 (SP:  -81), Packet Type: Unknown"
"2002","280.078016300","","","BT BR/EDR RF","22","0x0021c4f4","Transport: Any (BR 1Mbps), RF Channel: 71 (SP:  -73), Packet Type: Unknown"
"2003","280.275056200","","","BT BR/EDR RF","22","0x0021c4f4","Transport: Any (BR 1Mbps), RF Channel: 73 (SP:  -70), Packet Type: Unknown"
"2004","280.275455300","","","BT BR/EDR RF","22","0x0021c4f4","Transport: Any (BR 1Mbps), RF Channel: 73 (SP:  -70), Packet Type: Unknown"
"2005","280.398225100","","","BT BR/EDR RF","22","0x0021c4f4","Transport: Any (BR 1Mbps), RF Channel: 11 (SP:  -74), Packet Type: Unknown"
"2006","280.481263900","","","BT BR/EDR RF","22","0x0021c4f4","Transport: Any (BR 1Mbps), RF Channel: 75 (SP:  -70), Packet Type: Unknown"
"2007","280.568693300","","","BT BR/EDR RF","22","0x0021c4f4","Transport: Any (BR 1Mbps), RF Channel: 60 (SP:  -71), Packet Type: Unknown"
"2008","280.569494200","","","BT BR/EDR RF","22","0x0021c4f4","Transport: Any (BR 1Mbps), RF Channel: 60 (SP:  -63), Packet Type: Unknown"
"2009","281.378040000","","","BT BR/EDR RF","22","0x002ff7a8","Transport: Any (BR 1Mbps), RF Channel: 21 (SP:  -69), Packet Type: Unknown"
"2010","281.440577000","","","BT BR/EDR RF","22","0x0021c4f4","Transport: Any (BR 1Mbps), RF Channel: 53 (SP:  -72), Packet Type: Unknown"
"2011","281.648792300","","","BT BR/EDR RF","22","0x0021c4f4","Transport: Any (BR 1Mbps), RF Channel: 55 (SP:  -72), Packet Type: Unknown"
"2012","281.649192000","","","BT BR/EDR RF","22","0x0021c4f4","Transport: Any (BR 1Mbps), RF Channel: 55 (SP:  -72), Packet Type: Unknown"
"2013","282.022423500","","","BT BR/EDR RF","22","0x002ff7a8","Transport: Any (BR 1Mbps), RF Channel: 59 (SP:  -72), Packet Type: Unknown"
"2014","282.080547400","","","BT BR/EDR RF","22","0x0021c4f4","Transport: Any (BR 1Mbps), RF Channel: 12 (SP:  -73), Packet Type: Unknown"
"2015","282.168806300","","","BT BR/EDR RF","22","0x0021c4f4","Transport: Any (BR 1Mbps), RF Channel: 76 (SP:  -29, NP:  -55), Packet Type: Unknown"
"2016","282.281978100","","","BT BR/EDR RF","22","0x0021c4f4","Transport: Any (BR 1Mbps), RF Channel: 14 (SP:  -74), Packet Type: Unknown"
"2017","282.348593600","","","BT BR/EDR RF","22","0x0021c4f4","Transport: Any (BR 1Mbps), RF Channel: 78 (SP:  -71), Packet Type: Unknown"
"2018","282.481740900","","","BT BR/EDR RF","22","0x0021c4f4","Transport: Any (BR 1Mbps), RF Channel: 16 (SP:  -73), Packet Type: Unknown"
"2019","282.765076100","","","BT BR/EDR RF","22","0x002ff7a8","Transport: Any (BR 1Mbps), RF Channel:  3 (SP:  -76), Packet Type: Unknown"
"2020","282.927964800","","","BT BR/EDR RF","22","0x002ff7a8","Transport: Any (BR 1Mbps), RF Channel: 52 (SP:    0, NP:  -55), Packet Type: Unknown"
"2021","283.128642200","","","BT BR/EDR RF","22","0x0021c4f4","Transport: Any (BR 1Mbps), RF Channel: 54 (SP:  -73), Packet Type: Unknown"
"2022","283.143164700","","","BT BR/EDR RF","22","0x0021c4f4","Transport: Any (BR 1Mbps), RF Channel:  7 (SP:  -75), Packet Type: Unknown"
"2023","283.360604500","","","BT BR/EDR RF","22","0x0021c4f4","Transport: Any (BR 1Mbps), RF Channel:  9 (SP:  -74), Packet Type: Unknown"
"2024","283.519910600","","","BT BR/EDR RF","22","0x0021c4f4","Transport: Any (BR 1Mbps), RF Channel: 58 (SP:  -74), Packet Type: Unknown"
"2025","283.717325700","","","BT BR/EDR RF","22","0x0021c4f4","Transport: Any (BR 1Mbps), RF Channel: 60 (SP:  -73), Packet Type: Unknown"
"2026","283.718127900","","","BT BR/EDR RF","22","0x0021c4f4","Transport: Any (BR 1Mbps), RF Channel: 60 (SP:  -72), Packet Type: Unknown"
"2027","283.927972200","","","BT BR/EDR RF","22","0x0021c4f4","Transport: Any (BR 1Mbps), RF Channel: 62 (SP:  -73), Packet Type: Unknown"
"2028","284.208851300","","","BT BR/EDR RF","22","0x0021c4f4","Transport: Any (BR 1Mbps), RF Channel: 49 (SP:  -28, NP:  -55), Packet Type: Unknown"
"2029","284.209252500","","","BT BR/EDR RF","22","0x0021c4f4","Transport: Any (BR 1Mbps), RF Channel: 49 (SP:  -28, NP:  -55), Packet Type: Unknown"
"2030","284.357388000","","","BT BR/EDR RF","22","0x0021c4f4","Transport: Any (BR 1Mbps), RF Channel: 19 (SP:  -82), Packet Type: Unknown"
"2031","284.552378500","","","BT BR/EDR RF","22","0x002ff7a8","Transport: Any (BR 1Mbps), RF Channel: 21 (SP:  -65), Packet Type: Unknown"
"2032","284.572488600","","","BT BR/EDR RF","22","0x0021c4f4","Transport: Any (BR 1Mbps), RF Channel: 53 (SP:  -70), Packet Type: Unknown"
"2033","284.602494900","","","BT BR/EDR RF","22","0x0021c4f4","Transport: Any (BR 1Mbps), RF Channel: 53 (SP:  -72), Packet Type: Unknown"
"2034","284.634625300","","","BT BR/EDR RF","22","0x0029cfc6","Transport: Any (BR 1Mbps), RF Channel:  6 (SP:  -75), Packet Type: Unknown"
"2035","284.641824800","","","BT BR/EDR RF","22","0x0021c4f4","Transport: Any (BR 1Mbps), RF Channel:  6 (SP:  -73), Packet Type: Unknown"
"2036","284.729271300","","","BT BR/EDR RF","22","0x0021c4f4","Transport: Any (BR 1Mbps), RF Channel: 70 (SP:  -48, NP:  -55), Packet Type: Unknown"
"2037","284.801117300","","","BT BR/EDR RF","22","0x0021c4f4","Transport: Any (BR 1Mbps), RF Channel: 55 (SP:  -73), Packet Type: Unknown"
"2038","284.801915500","","","BT BR/EDR RF","22","0x0021c4f4","Transport: Any (BR 1Mbps), RF Channel: 55 (SP:  -72), Packet Type: Unknown"
"2039","284.997345200","","","BT BR/EDR RF","22","0x0021c4f4","Transport: Any (BR 1Mbps), RF Channel: 57 (SP:  -72), Packet Type: Unknown"
"2040","284.998146000","","","BT BR/EDR RF","22","0x0021c4f4","Transport: Any (BR 1Mbps), RF Channel: 57 (SP:  -72), Packet Type: Unknown"
"2041","285.112494200","","","BT BR/EDR RF","22","0x002ff7a8","Transport: Any (BR 1Mbps), RF Channel: 74 (SP:    0, NP:  -55), Packet Type: Unknown"
"2042","285.127298600","","","BT BR/EDR RF","22","0x0021c4f4","Transport: Any (BR 1Mbps), RF Channel: 74 (SP:  -70), Packet Type: Unknown"
"2043","285.229258900","","","BT BR/EDR RF","22","0x0021c4f4","Transport: Any (BR 1Mbps), RF Channel: 12 (SP:  -75), Packet Type: Unknown"
"2044","285.633269500","","","BT BR/EDR RF","22","0x0029cfc6","Transport: Any (BR 1Mbps), RF Channel: 16 (SP:  -75), Packet Type: Unknown"
"2045","285.638072600","","","BT BR/EDR RF","22","0x0021c4f4","Transport: Any (BR 1Mbps), RF Channel: 16 (SP:  -74), Packet Type: Unknown"
"2046","285.703123600","","","BT BR/EDR RF","22","0x0029cfc6","Transport: Any (BR 1Mbps), RF Channel:  1 (SP:  -43, NP:  -55), Packet Type: Unknown"
"2047","285.921752000","","","BT BR/EDR RF","22","0x0021c4f4","Transport: Any (BR 1Mbps), RF Channel:  3 (SP:  -75), Packet Type: Unknown"
"2048","285.996380000","","","BT BR/EDR RF","22","0x002ff7a8","Transport: Any (BR 1Mbps), RF Channel: 67 (SP:  -81), Packet Type: Unknown"
"2049","286.009174500","","","BT BR/EDR RF","22","0x0021c4f4","Transport: Any (BR 1Mbps), RF Channel: 67 (SP:  -67), Packet Type: Unknown"
"2050","286.026884600","","","BT BR/EDR RF","22","0x0021c4f4","Transport: Any (BR 1Mbps), RF Channel: 20 (SP:  -75), Packet Type: Unknown"
"2051","286.288015000","","","BT BR/EDR RF","22","0x0021c4f4","Transport: Any (BR 1Mbps), RF Channel: 54 (SP:  -72), Packet Type: Unknown"
"2052","286.399970100","","","BT BR/EDR RF","22","0x0021c4f4","Transport: Any (BR 1Mbps), RF Channel: 71 (SP:  -71), Packet Type: Unknown"
"2053","286.486223500","","","BT BR/EDR RF","22","0x002ff7a8","Transport: Any (BR 1Mbps), RF Channel: 56 (SP:  -72), Packet Type: Unknown"
"2054","286.681237600","","","BT BR/EDR RF","22","0x0021c4f4","Transport: Any (BR 1Mbps), RF Channel: 58 (SP:  -71), Packet Type: Unknown"
"2055","286.927962000","","","BT BR/EDR RF","22","0x0021c4f4","Transport: Any (BR 1Mbps), RF Channel: 13 (SP:  -72), Packet Type: Unknown"
"2056","287.408713600","","","BT BR/EDR RF","22","0x0021c4f4","Transport: Any (BR 1Mbps), RF Channel:  2 (SP:  -82), Packet Type: Unknown"
"2057","287.568016100","","","BT BR/EDR RF","22","0x0021c4f4","Transport: Any (BR 1Mbps), RF Channel: 51 (SP:  -72), Packet Type: Unknown"
"2058","287.580528600","","","BT BR/EDR RF","22","0x0021c4f4","Transport: Any (BR 1Mbps), RF Channel:  4 (SP:  -73), Packet Type: Unknown"
"2059","287.583327900","","","BT BR/EDR RF","22","0x0029cfc6","Transport: Any (BR 1Mbps), RF Channel:  4 (SP:  -72), Packet Type: Unknown"
"2060","287.592537300","","","BT BR/EDR RF","22","0x002ff7a8","Transport: Any (BR 1Mbps), RF Channel:  4 (SP:    0, NP:  -55), Packet Type: Unknown"
"2061","287.609346000","","","BT BR/EDR RF","22","0x0021c4f4","Transport: Any (BR 1Mbps), RF Channel:  4 (SP:  -73), Packet Type: Unknown"
"2062","287.759800200","","","BT BR/EDR RF","22","0x0021c4f4","Transport: Any (BR 1Mbps), RF Channel: 53 (SP:  -72), Packet Type: Unknown"
"2063","287.982526000","","","BT BR/EDR RF","22","0x002ff7a8","Transport: Any (BR 1Mbps), RF Channel:  8 (SP:  -80), Packet Type: Unknown"
"2064","288.079993600","","","BT BR/EDR RF","22","0x0021c4f4","Transport: Any (BR 1Mbps), RF Channel: 72 (SP:  -70), Packet Type: Unknown"
"2065","288.158209100","","","BT BR/EDR RF","22","0x0021c4f4","Transport: Any (BR 1Mbps), RF Channel: 57 (SP:  -65), Packet Type: Unknown"
"2066","288.207920600","","","BT BR/EDR RF","22","0x0021c4f4","Transport: Any (BR 1Mbps), RF Channel: 10 (SP:  -74), Packet Type: Unknown"
"2067","288.393358700","","","BT BR/EDR RF","22","0x0029cfc6","Transport: Any (BR 1Mbps), RF Channel: 12 (SP:  -73), Packet Type: Unknown"
"2068","288.800572800","","","BT BR/EDR RF","22","0x0021c4f4","Transport: Any (BR 1Mbps), RF Channel: 16 (SP:  -74), Packet Type: Unknown"
"2069","288.847487600","","","BT BR/EDR RF","22","0x0021c4f4","Transport: Any (BR 1Mbps), RF Channel: 48 (SP:  -75), Packet Type: Unknown"
"2070","288.872425900","","","BT BR/EDR RF","22","0x002ff7a8","Transport: Any (BR 1Mbps), RF Channel:  1 (SP:    0, NP:  -55), Packet Type: Unknown"
"2071","288.960655800","","","BT BR/EDR RF","22","0x0021c4f4","Transport: Any (BR 1Mbps), RF Channel: 65 (SP:  -75), Packet Type: Unknown"
"2072","289.049331100","","","BT BR/EDR RF","22","0x0021c4f4","Transport: Any (BR 1Mbps), RF Channel: 50 (SP:  -72), Packet Type: Unknown"
"2073","289.102360500","","","BT BR/EDR RF","22","0x002ff7a8","Transport: Any (BR 1Mbps), RF Channel: 35 (SP:  -73), Packet Type: Unknown"
"2074","289.237944300","","","BT BR/EDR RF","22","0x0021c4f4","Transport: Any (BR 1Mbps), RF Channel: 52 (SP:  -71), Packet Type: Unknown"
"2075","289.487933600","","","BT BR/EDR RF","22","0x0021c4f4","Transport: Any (BR 1Mbps), RF Channel:  7 (SP:  -73), Packet Type: Unknown"
"2076","289.557363900","","","BT BR/EDR RF","22","0x0021c4f4","Transport: Any (BR 1Mbps), RF Channel: 71 (SP:  -73), Packet Type: Unknown"
"2077","289.813030600","","","BT BR/EDR RF","22","0x0021c4f4","Transport: Any (BR 1Mbps), RF Channel: 58 (SP:  -74), Packet Type: Unknown"
"2078","289.843027500","","","BT BR/EDR RF","22","0x0021c4f4","Transport: Any (BR 1Mbps), RF Channel: 58 (SP:  -73), Packet Type: Unknown"
"2079","289.877950000","","","BT BR/EDR RF","22","0x0021c4f4","Transport: Any (BR 1Mbps), RF Channel: 11 (SP:  -72), Packet Type: Unknown"
"2080","289.954979000","","","BT BR/EDR RF","22","0x0021c4f4","Transport: Any (BR 1Mbps), RF Channel: 75 (SP:  -70), Packet Type: Unknown"
"2081","290.038029400","","","BT BR/EDR RF","22","0x0021c4f4","Transport: Any (BR 1Mbps), RF Channel: 60 (SP:  -73), Packet Type: Unknown"
"2082","290.148009400","","","BT BR/EDR RF","22","0x002ff7a8","Transport: Any (BR 1Mbps), RF Channel: 77 (SP:    0, NP:  -55), Packet Type: Unknown"
"2083","290.277996500","","","BT BR/EDR RF","22","0x0021c4f4","Transport: Any (BR 1Mbps), RF Channel: 15 (SP:  -74), Packet Type: Unknown"
"2084","290.350661100","","","BT BR/EDR RF","22","0x0029cfc6","Transport: Any (BR 1Mbps), RF Channel:  0 (SP:  -79), Packet Type: Unknown"
"2085","290.441710100","","","BT BR/EDR RF","22","0x0021c4f4","Transport: Any (BR 1Mbps), RF Channel: 64 (SP:  -72), Packet Type: Unknown"
"2086","290.454251700","","","BT BR/EDR RF","22","0x0021c4f4","Transport: Any (BR 1Mbps), RF Channel: 17 (SP:  -45, NP:  -55), Packet Type: Unknown"
"2087","290.569357500","","","BT BR/EDR RF","22","0x0021c4f4","Transport: Any (BR 1Mbps), RF Channel:  2 (SP:  -75), Packet Type: Unknown"
"2088","290.768021200","","","BT BR/EDR RF","22","0x0021c4f4","Transport: Any (BR 1Mbps), RF Channel:  4 (SP:  -76), Packet Type: Unknown"
"2089","290.918118900","","","BT BR/EDR RF","22","0x0021c4f4","Transport: Any (BR 1Mbps), RF Channel: 53 (SP:  -72), Packet Type: Unknown"
"2090","291.049301300","","","BT BR/EDR RF","22","0x0021c4f4","Transport: Any (BR 1Mbps), RF Channel: 70 (SP:  -68), Packet Type: Unknown"
"2091","291.648731300","","","BT BR/EDR RF","22","0x0021c4f4","Transport: Any (BR 1Mbps), RF Channel: 76 (SP:  -69), Packet Type: Unknown"
"2092","291.837343300","","","BT BR/EDR RF","22","0x0021c4f4","Transport: Any (BR 1Mbps), RF Channel: 78 (SP:  -63), Packet Type: Unknown"
"2093","291.913190100","","","BT BR/EDR RF","22","0x0021c4f4","Transport: Any (BR 1Mbps), RF Channel: 63 (SP:  -72), Packet Type: Unknown"
"2094","291.920383400","","","BT BR/EDR RF","22","0x0021c4f4","Transport: Any (BR 1Mbps), RF Channel: 63 (SP:  -73), Packet Type: Unknown"
"2095","291.968542900","","","BT BR/EDR RF","22","0x0021c4f4","Transport: Any (BR 1Mbps), RF Channel: 16 (SP:  -79), Packet Type: Unknown"
"2096","292.014395600","","","BT BR/EDR RF","22","0x0021c4f4","Transport: Any (BR 1Mbps), RF Channel:  1 (SP:  -75), Packet Type: Unknown"
"2097","292.040405800","","","BT BR/EDR RF","22","0x0021c4f4","Transport: Any (BR 1Mbps), RF Channel:  1 (SP:  -53, NP:  -55), Packet Type: Unknown"
"2098","292.154382400","","","BT BR/EDR RF","22","0x0029cfc6","Transport: Any (BR 1Mbps), RF Channel: 18 (SP:  -80), Packet Type: Unknown"
"2099","292.229843800","","","BT BR/EDR RF","22","0x002ff7a8","Transport: Any (BR 1Mbps), RF Channel:  3 (SP:    0, NP:  -55), Packet Type: Unknown"
"2100","292.230642900","","","BT BR/EDR RF","22","0x002ff7a8","Transport: Any (BR 1Mbps), RF Channel:  3 (SP:    0, NP:  -55), Packet Type: Unknown"
"2101","292.301299000","","","BT BR/EDR RF","22","0x0021c4f4","Transport: Any (BR 1Mbps), RF Channel: 67 (SP:  -76), Packet Type: Unknown"
"2102","292.301698800","","","BT BR/EDR RF","22","0x0021c4f4","Transport: Any (BR 1Mbps), RF Channel: 67 (SP:  -74), Packet Type: Unknown"
"2103","292.318102100","","","BT BR/EDR RF","22","0x0021c4f4","Transport: Any (BR 1Mbps), RF Channel: 67 (SP:  -74), Packet Type: Unknown"
"2104","292.608608500","","","BT BR/EDR RF","22","0x0021c4f4","Transport: Any (BR 1Mbps), RF Channel: 54 (SP:  -72), Packet Type: Unknown"
"2105","292.609411500","","","BT BR/EDR RF","22","0x0021c4f4","Transport: Any (BR 1Mbps), RF Channel: 54 (SP:  -72), Packet Type: Unknown"
"2106","292.921197300","","","BT BR/EDR RF","22","0x0021c4f4","Transport: Any (BR 1Mbps), RF Channel: 73 (SP:  -68), Packet Type: Unknown"
"2107","293.014764600","","","BT BR/EDR RF","22","0x002ff7a8","Transport: Any (BR 1Mbps), RF Channel: 11 (SP:  -73), Packet Type: Unknown"
"2108","293.117387400","","","BT BR/EDR RF","22","0x0021c4f4","Transport: Any (BR 1Mbps), RF Channel: 75 (SP:  -69), Packet Type: Unknown"
"2109","293.341316200","","","BT BR/EDR RF","22","0x002ff7a8","Transport: Any (BR 1Mbps), RF Channel: 30 (SP:    0, NP:  -55), Packet Type: Unknown"
"2110","293.341716700","","","BT BR/EDR RF","22","0x002ff7a8","Transport: Any (BR 1Mbps), RF Channel: 30 (SP:    0, NP:  -55), Packet Type: Unknown"
"2111","293.430721900","","","BT BR/EDR RF","22","0x0029cfc6","Transport: Any (BR 1Mbps), RF Channel: 15 (SP:  -75), Packet Type: Unknown"
"2112","293.492560800","","","BT BR/EDR RF","22","0x002ff7a8","Transport: Any (BR 1Mbps), RF Channel:  0 (SP:  -77), Packet Type: Unknown"
"2113","293.647336100","","","BT BR/EDR RF","22","0x0021c4f4","Transport: Any (BR 1Mbps), RF Channel: 17 (SP:  -80), Packet Type: Unknown"
"2114","293.648137100","","","BT BR/EDR RF","22","0x0021c4f4","Transport: Any (BR 1Mbps), RF Channel: 17 (SP:  -77), Packet Type: Unknown"
"2115","294.219940000","","","BT BR/EDR RF","22","0x002ff7a8","Transport: Any (BR 1Mbps), RF Channel: 23 (SP:    0, NP:  -55), Packet Type: Unknown"
"2116","294.599860000","","","BT BR/EDR RF","22","0x0021c4f4","Transport: Any (BR 1Mbps), RF Channel: 74 (SP:  -44, NP:  -55), Packet Type: Unknown"
"2117","294.600662300","","","BT BR/EDR RF","22","0x0021c4f4","Transport: Any (BR 1Mbps), RF Channel: 74 (SP:  -44, NP:  -55), Packet Type: Unknown"
"2118","294.721822300","","","BT BR/EDR RF","22","0x0021c4f4","Transport: Any (BR 1Mbps), RF Channel: 12 (SP:  -77), Packet Type: Unknown"
"2119","294.809275000","","","BT BR/EDR RF","22","0x0021c4f4","Transport: Any (BR 1Mbps), RF Channel: 76 (SP:  -70), Packet Type: Unknown"
"2120","295.128686000","","","BT BR/EDR RF","22","0x0021c4f4","Transport: Any (BR 1Mbps), RF Channel: 16 (SP:  -81), Packet Type: Unknown"
"2121","295.129084500","","","BT BR/EDR RF","22","0x0021c4f4","Transport: Any (BR 1Mbps), RF Channel: 16 (SP:  -79), Packet Type: Unknown"
"2122","295.186933400","","","BT BR/EDR RF","22","0x0029cfc6","Transport: Any (BR 1Mbps), RF Channel:  1 (SP:  -77), Packet Type: Unknown"
"2123","295.277981500","","","BT BR/EDR RF","22","0x0021c4f4","Transport: Any (BR 1Mbps), RF Channel: 65 (SP:  -62), Packet Type: Unknown"
"2124","295.412539400","","","BT BR/EDR RF","22","0x002ff7a8","Transport: Any (BR 1Mbps), RF Channel: 35 (SP:  -73), Packet Type: Unknown"
"2125","295.561740500","","","BT BR/EDR RF","22","0x0021c4f4","Transport: Any (BR 1Mbps), RF Channel: 52 (SP:  -72), Packet Type: Unknown"
"2126","295.712228000","","","BT BR/EDR RF","22","0x002ff7a8","Transport: Any (BR 1Mbps), RF Channel: 22 (SP:    0, NP:  -55), Packet Type: Unknown"
"2127","295.713028200","","","BT BR/EDR RF","22","0x002ff7a8","Transport: Any (BR 1Mbps), RF Channel: 22 (SP:    0, NP:  -55), Packet Type: Unknown"
"2128","295.767970200","","","BT BR/EDR RF","22","0x0021c4f4","Transport: Any (BR 1Mbps), RF Channel: 54 (SP:  -71), Packet Type: Unknown"
"2129","295.880344700","","","BT BR/EDR RF","22","0x0021c4f4","Transport: Any (BR 1Mbps), RF Channel: 71 (SP:  -76), Packet Type: Unknown"
"2130","296.081743000","","","BT BR/EDR RF","22","0x0021c4f4","Transport: Any (BR 1Mbps), RF Channel: 73 (SP:  -69), Packet Type: Unknown"
"2131","296.854121600","","","BT BR/EDR RF","22","0x0021c4f4","Transport: Any (BR 1Mbps), RF Channel:  2 (SP:  -53, NP:  -55), Packet Type: Unknown"
"2132","296.881704400","","","BT BR/EDR RF","22","0x0021c4f4","Transport: Any (BR 1Mbps), RF Channel:  2 (SP:  -76), Packet Type: Unknown"
"2133","297.160579500","","","BT BR/EDR RF","22","0x0021c4f4","Transport: Any (BR 1Mbps), RF Channel: 68 (SP:  -64), Packet Type: Unknown"
"2134","297.547422300","","","BT BR/EDR RF","22","0x0021c4f4","Transport: Any (BR 1Mbps), RF Channel: 72 (SP:  -70), Packet Type: Unknown"
"2135","297.547823000","","","BT BR/EDR RF","22","0x0021c4f4","Transport: Any (BR 1Mbps), RF Channel: 72 (SP:  -70), Packet Type: Unknown"
"2136","297.641254200","","","BT BR/EDR RF","22","0x0021c4f4","Transport: Any (BR 1Mbps), RF Channel: 57 (SP:  -73), Packet Type: Unknown"
"2137","297.641653300","","","BT BR/EDR RF","22","0x0021c4f4","Transport: Any (BR 1Mbps), RF Channel: 57 (SP:  -72), Packet Type: Unknown"
"2138","297.767238800","","","BT BR/EDR RF","22","0x0021c4f4","Transport: Any (BR 1Mbps), RF Channel: 74 (SP:  -70), Packet Type: Unknown"
"2139","298.061785900","","","BT BR/EDR RF","22","0x0021c4f4","Transport: Any (BR 1Mbps), RF Channel: 14 (SP:  -73), Packet Type: Unknown"
"2140","298.316190900","","","BT BR/EDR RF","22","0x0021c4f4","Transport: Any (BR 1Mbps), RF Channel: 48 (SP:  -75), Packet Type: Unknown"
"2141","298.319787600","","","BT BR/EDR RF","22","0x0021c4f4","Transport: Any (BR 1Mbps), RF Channel: 48 (SP:  -71), Packet Type: Unknown"
"2142","298.320587400","","","BT BR/EDR RF","22","0x0021c4f4","Transport: Any (BR 1Mbps), RF Channel: 48 (SP:  -71), Packet Type: Unknown"
"2143","298.369114500","","","BT BR/EDR RF","22","0x0021c4f4","Transport: Any (BR 1Mbps), RF Channel:  1 (SP:  -73), Packet Type: Unknown"
"2144","298.558129700","","","BT BR/EDR RF","22","0x0021c4f4","Transport: Any (BR 1Mbps), RF Channel:  3 (SP:  -73), Packet Type: Unknown"
"2145","298.697431300","","","BT BR/EDR RF","22","0x0021c4f4","Transport: Any (BR 1Mbps), RF Channel: 52 (SP:  -67), Packet Type: Unknown"
"2146","298.697830800","","","BT BR/EDR RF","22","0x0021c4f4","Transport: Any (BR 1Mbps), RF Channel: 52 (SP:  -67), Packet Type: Unknown"
"2147","298.814998500","","","BT BR/EDR RF","22","0x0021c4f4","Transport: Any (BR 1Mbps), RF Channel: 69 (SP:  -72), Packet Type: Unknown"
"2148","298.815399100","","","BT BR/EDR RF","22","0x0021c4f4","Transport: Any (BR 1Mbps), RF Channel: 69 (SP:  -72), Packet Type: Unknown"
"2149","299.126249900","","","BT BR/EDR RF","22","0x0021c4f4","Transport: Any (BR 1Mbps), RF Channel: 56 (SP:  -74), Packet Type: Unknown"
"2150","299.361753200","","","BT BR/EDR RF","22","0x0021c4f4","Transport: Any (BR 1Mbps), RF Channel: 11 (SP:  -73), Packet Type: Unknown"
"2151","299.519822800","","","BT BR/EDR RF","22","0x0021c4f4","Transport: Any (BR 1Mbps), RF Channel: 60 (SP:  -72), Packet Type: Unknown"
"2152","299.520622100","","","BT BR/EDR RF","22","0x0021c4f4","Transport: Any (BR 1Mbps), RF Channel: 60 (SP:  -72), Packet Type: Unknown"
"2153","299.637389100","","","BT BR/EDR RF","22","0x0021c4f4","Transport: Any (BR 1Mbps), RF Channel: 77 (SP:  -71), Packet Type: Unknown"
"2154","300.001667900","","","BT BR/EDR RF","22","0x0021c4f4","Transport: Any (BR 1Mbps), RF Channel: 49 (SP:  -16, NP:  -55), Packet Type: Unknown"
"2155","300.154139700","","","BT BR/EDR RF","22","0x0021c4f4","Transport: Any (BR 1Mbps), RF Channel: 19 (SP:  -75), Packet Type: Unknown"
"2156","300.161736600","","","BT BR/EDR RF","22","0x0021c4f4","Transport: Any (BR 1Mbps), RF Channel: 19 (SP:  -76), Packet Type: Unknown"
"2157","300.327405500","","","BT BR/EDR RF","22","0x0021c4f4","Transport: Any (BR 1Mbps), RF Channel: 68 (SP:  -76), Packet Type: Unknown"
"2158","300.517179000","","","BT BR/EDR RF","22","0x0021c4f4","Transport: Any (BR 1Mbps), RF Channel: 70 (SP:  -73), Packet Type: Unknown"
"2159","300.801690100","","","BT BR/EDR RF","22","0x0021c4f4","Transport: Any (BR 1Mbps), RF Channel: 57 (SP:  -69), Packet Type: Unknown"
"2160","301.319713000","","","BT BR/EDR RF","22","0x0021c4f4","Transport: Any (BR 1Mbps), RF Channel: 78 (SP:  -72), Packet Type: Unknown"
