"No.","Time","Source","Destination","Protocol","Length","Lower Address Part","Info"
"1","0.000000000","","","BT BR/EDR RF","22","0x0021c4f4","Transport: Any (BR 1Mbps), RF Channel: 70 (SP:  -73), Packet Type: Unknown"
"2","0.131981700","","","BT BR/EDR RF","22","0x0021c4f4","Transport: Any (BR 1Mbps), RF Channel:  8 (SP:  -72), Packet Type: Unknown"
"3","0.512015700","","","BT BR/EDR RF","22","0x0021c4f4","Transport: Any (BR 1Mbps), RF Channel: 12 (SP:  -55), Packet Type: Unknown"
"4","0.929226000","","","BT BR/EDR RF","22","0x0021c4f4","Transport: Any (BR 1Mbps), RF Channel: 16 (SP:  -73), Packet Type: Unknown"
"5","1.560750100","","","BT BR/EDR RF","22","0x0021c4f4","Transport: Any (BR 1Mbps), RF Channel: 54 (SP:  -70), Packet Type: Unknown"
"6","1.587166700","","","BT BR/EDR RF","22","0x0029cfc6","Transport: Any (BR 1Mbps), RF Channel: 54 (SP:  -70), Packet Type: Unknown"
"7","1.683911200","","","BT BR/EDR RF","22","0x0021c4f4","Transport: Any (BR 1Mbps), RF Channel: 71 (SP:  -69), Packet Type: Unknown"
"8","1.971193100","","","BT BR/EDR RF","22","0x0021c4f4","Transport: Any (BR 1Mbps), RF Channel: 58 (SP:  -71), Packet Type: Unknown"
"9","2.088780500","","","BT BR/EDR RF","22","0x0021c4f4","Transport: Any (BR 1Mbps), RF Channel: 75 (SP:  -75), Packet Type: Unknown"
"10","3.029406100","","","BT BR/EDR RF","22","0x0021c4f4","Transport: Any (BR 1Mbps), RF Channel: 53 (SP:  -66), Packet Type: Unknown"
"11","4.336167200","","","BT BR/EDR RF","22","0x0021c4f4","Transport: Any (BR 1Mbps), RF Channel: 50 (SP:  -73), Packet Type: Unknown"
"12","4.560536600","","","BT BR/EDR RF","22","0x0021c4f4","Transport: Any (BR 1Mbps), RF Channel:  5 (SP:  -75), Packet Type: Unknown"
"13","4.841368600","","","BT BR/EDR RF","22","0x0021c4f4","Transport: Any (BR 1Mbps), RF Channel: 71 (SP:  -72), Packet Type: Unknown"
"14","5.238574500","","","BT BR/EDR RF","22","0x0021c4f4","Transport: Any (BR 1Mbps), RF Channel: 75 (SP:  -70), Packet Type: Unknown"
"15","5.364931800","","","BT BR/EDR RF","22","0x0021c4f4","Transport: Any (BR 1Mbps), RF Channel: 13 (SP:  -76), Packet Type: Unknown"
"16","5.365731200","","","BT BR/EDR RF","22","0x0021c4f4","Transport: Any (BR 1Mbps), RF Channel: 13 (SP:  -73), Packet Type: Unknown"
"17","5.430768800","","","BT BR/EDR RF","22","0x0029cfc6","Transport: Any (BR 1Mbps), RF Channel: 77 (SP:  -79), Packet Type: Unknown"
"18","5.993746500","","","BT BR/EDR RF","22","0x0021c4f4","Transport: Any (BR 1Mbps), RF Channel: 51 (SP:  -72), Packet Type: Unknown"
"19","6.421399700","","","BT BR/EDR RF","22","0x0021c4f4","Transport: Any (BR 1Mbps), RF Channel: 55 (SP:  -70), Packet Type: Unknown"
"20","7.201837700","","","BT BR/EDR RF","22","0x0021c4f4","Transport: Any (BR 1Mbps), RF Channel: 63 (SP:  -74), Packet Type: Unknown"
"21","7.344223100","","","BT BR/EDR RF","22","0x0021c4f4","Transport: Any (BR 1Mbps), RF Channel:  1 (SP:  -74), Packet Type: Unknown"
"22","7.625955800","","","BT BR/EDR RF","22","0x0029cfc6","Transport: Any (BR 1Mbps), RF Channel: 67 (SP:  -78), Packet Type: Unknown"
"23","9.079723700","","","BT BR/EDR RF","22","0x0029cfc6","Transport: Any (BR 1Mbps), RF Channel: 66 (SP:  -61), Packet Type: Unknown"
"24","9.802347100","","","BT BR/EDR RF","22","0x0021c4f4","Transport: Any (BR 1Mbps), RF Channel: 10 (SP:  -76), Packet Type: Unknown"
"25","10.092388400","","","BT BR/EDR RF","22","0x0021c4f4","Transport: Any (BR 1Mbps), RF Channel: 76 (SP:  -70), Packet Type: Unknown"
"26","10.851264100","","","BT BR/EDR RF","22","0x0021c4f4","Transport: Any (BR 1Mbps), RF Channel: 52 (SP:  -70), Packet Type: Unknown"
"27","11.233674100","","","BT BR/EDR RF","22","0x0021c4f4","Transport: Any (BR 1Mbps), RF Channel: 56 (SP:  -70), Packet Type: Unknown"
"28","11.234474300","","","BT BR/EDR RF","22","0x0021c4f4","Transport: Any (BR 1Mbps), RF Channel: 56 (SP:  -70), Packet Type: Unknown"
"29","11.770004200","","","BT BR/EDR RF","22","0x0021c4f4","Transport: Any (BR 1Mbps), RF Channel: 77 (SP:  -72), Packet Type: Unknown"
"30","12.049266400","","","BT BR/EDR RF","22","0x0021c4f4","Transport: Any (BR 1Mbps), RF Channel: 64 (SP:  -59), Packet Type: Unknown"
"31","12.066064400","","","BT BR/EDR RF","22","0x0029cfc6","Transport: Any (BR 1Mbps), RF Channel: 64 (SP:  -43, NP:  -55), Packet Type: Unknown"
"32","12.180047500","","","BT BR/EDR RF","22","0x0021c4f4","Transport: Any (BR 1Mbps), RF Channel:  2 (SP:  -79), Packet Type: Unknown"
"33","12.180448200","","","BT BR/EDR RF","22","0x0021c4f4","Transport: Any (BR 1Mbps), RF Channel:  2 (SP:  -75), Packet Type: Unknown"
"34","12.556074700","","","BT BR/EDR RF","22","0x0029cfc6","Transport: Any (BR 1Mbps), RF Channel:  6 (SP:  -75), Packet Type: Unknown"
"35","12.709326500","","","BT BR/EDR RF","22","0x0021c4f4","Transport: Any (BR 1Mbps), RF Channel: 55 (SP:  -69), Packet Type: Unknown"
"36","13.360824800","","","BT BR/EDR RF","22","0x0029cfc6","Transport: Any (BR 1Mbps), RF Channel: 14 (SP:  -75), Packet Type: Unknown"
"37","13.620449300","","","BT BR/EDR RF","22","0x0021c4f4","Transport: Any (BR 1Mbps), RF Channel: 48 (SP:  -72), Packet Type: Unknown"
"38","14.142957000","","","BT BR/EDR RF","22","0x0021c4f4","Transport: Any (BR 1Mbps), RF Channel: 69 (SP:  -68), Packet Type: Unknown"
"39","14.249311700","","","BT BR/EDR RF","22","0x0021c4f4","Transport: Any (BR 1Mbps), RF Channel:  7 (SP:  -75), Packet Type: Unknown"
"40","14.530604800","","","BT BR/EDR RF","22","0x0021c4f4","Transport: Any (BR 1Mbps), RF Channel: 73 (SP:  -69), Packet Type: Unknown"
"41","14.943819500","","","BT BR/EDR RF","22","0x0021c4f4","Transport: Any (BR 1Mbps), RF Channel: 77 (SP:  -72), Packet Type: Unknown"
"42","15.064974800","","","BT BR/EDR RF","22","0x0021c4f4","Transport: Any (BR 1Mbps), RF Channel: 15 (SP:  -51, NP:  -55), Packet Type: Unknown"
"43","16.207349700","","","BT BR/EDR RF","22","0x0021c4f4","Transport: Any (BR 1Mbps), RF Channel: 74 (SP:  -70), Packet Type: Unknown"
"44","16.610570100","","","BT BR/EDR RF","22","0x0021c4f4","Transport: Any (BR 1Mbps), RF Channel: 78 (SP:  -66), Packet Type: Unknown"
"45","16.999349200","","","BT BR/EDR RF","22","0x0021c4f4","Transport: Any (BR 1Mbps), RF Channel:  3 (SP:  -75), Packet Type: Unknown"
"46","17.394964400","","","BT BR/EDR RF","22","0x0021c4f4","Transport: Any (BR 1Mbps), RF Channel:  7 (SP:  -75), Packet Type: Unknown"
"47","17.613969100","","","BT BR/EDR RF","22","0x0029cfc6","Transport: Any (BR 1Mbps), RF Channel:  9 (SP:  -79), Packet Type: Unknown"
"48","18.105415600","","","BT BR/EDR RF","22","0x0029cfc6","Transport: Any (BR 1Mbps), RF Channel: 77 (SP:  -72), Packet Type: Unknown"
"49","18.555655800","","","BT BR/EDR RF","22","0x0021c4f4","Transport: Any (BR 1Mbps), RF Channel: 66 (SP:  -77), Packet Type: Unknown"
"50","18.973653400","","","BT BR/EDR RF","22","0x0021c4f4","Transport: Any (BR 1Mbps), RF Channel: 70 (SP:  -72), Packet Type: Unknown"
"51","19.088026600","","","BT BR/EDR RF","22","0x0021c4f4","Transport: Any (BR 1Mbps), RF Channel:  8 (SP:  -75), Packet Type: Unknown"
"52","19.768481300","","","BT BR/EDR RF","22","0x0021c4f4","Transport: Any (BR 1Mbps), RF Channel: 78 (SP:  -70), Packet Type: Unknown"
"53","19.902444500","","","BT BR/EDR RF","22","0x0021c4f4","Transport: Any (BR 1Mbps), RF Channel: 16 (SP:  -80), Packet Type: Unknown"
"54","20.280056200","","","BT BR/EDR RF","22","0x0021c4f4","Transport: Any (BR 1Mbps), RF Channel: 20 (SP:  -77), Packet Type: Unknown"
"55","20.280457300","","","BT BR/EDR RF","22","0x0021c4f4","Transport: Any (BR 1Mbps), RF Channel: 20 (SP:  -74), Packet Type: Unknown"
"56","20.539240000","","","BT BR/EDR RF","22","0x0021c4f4","Transport: Any (BR 1Mbps), RF Channel: 54 (SP:  -69), Packet Type: Unknown"
"57","21.314819600","","","BT BR/EDR RF","22","0x0021c4f4","Transport: Any (BR 1Mbps), RF Channel: 62 (SP:  -75), Packet Type: Unknown"
"58","21.315618500","","","BT BR/EDR RF","22","0x0021c4f4","Transport: Any (BR 1Mbps), RF Channel: 62 (SP:  -72), Packet Type: Unknown"
"59","21.438029700","","","BT BR/EDR RF","22","0x0021c4f4","Transport: Any (BR 1Mbps), RF Channel:  0 (SP:  -75), Packet Type: Unknown"
"60","21.560754200","","","BT BR/EDR RF","22","0x0029cfc6","Transport: Any (BR 1Mbps), RF Channel: 17 (SP:  -77), Packet Type: Unknown"
"61","21.840872000","","","BT BR/EDR RF","22","0x0029cfc6","Transport: Any (BR 1Mbps), RF Channel:  4 (SP:  -75), Packet Type: Unknown"
"62","22.651808100","","","BT BR/EDR RF","22","0x0021c4f4","Transport: Any (BR 1Mbps), RF Channel: 12 (SP:  -73), Packet Type: Unknown"
"63","23.285445500","","","BT BR/EDR RF","22","0x0021c4f4","Transport: Any (BR 1Mbps), RF Channel: 50 (SP:  -70), Packet Type: Unknown"
"64","23.411856000","","","BT BR/EDR RF","22","0x0021c4f4","Transport: Any (BR 1Mbps), RF Channel: 67 (SP:  -75), Packet Type: Unknown"
"65","23.819859900","","","BT BR/EDR RF","22","0x0021c4f4","Transport: Any (BR 1Mbps), RF Channel: 71 (SP:  -69), Packet Type: Unknown"
"66","23.820659300","","","BT BR/EDR RF","22","0x0021c4f4","Transport: Any (BR 1Mbps), RF Channel: 71 (SP:  -69), Packet Type: Unknown"
"67","24.528468100","","","BT BR/EDR RF","22","0x0029cfc6","Transport: Any (BR 1Mbps), RF Channel: 15 (SP:  -75), Packet Type: Unknown"
"68","25.026039200","","","BT BR/EDR RF","22","0x0029cfc6","Transport: Any (BR 1Mbps), RF Channel:  4 (SP:  -75), Packet Type: Unknown"
"69","25.825739500","","","BT BR/EDR RF","22","0x0029cfc6","Transport: Any (BR 1Mbps), RF Channel: 12 (SP:  -72), Packet Type: Unknown"
"70","26.586903700","","","BT BR/EDR RF","22","0x0021c4f4","Transport: Any (BR 1Mbps), RF Channel: 67 (SP:  -67), Packet Type: Unknown"
"71","26.702504600","","","BT BR/EDR RF","22","0x0021c4f4","Transport: Any (BR 1Mbps), RF Channel:  5 (SP:  -77), Packet Type: Unknown"
"72","26.907109400","","","BT BR/EDR RF","22","0x0029cfc6","Transport: Any (BR 1Mbps), RF Channel:  7 (SP:  -73), Packet Type: Unknown"
"73","26.965338500","","","BT BR/EDR RF","22","0x0021c4f4","Transport: Any (BR 1Mbps), RF Channel: 71 (SP:  -69), Packet Type: Unknown"
"74","27.089301000","","","BT BR/EDR RF","22","0x0021c4f4","Transport: Any (BR 1Mbps), RF Channel:  9 (SP:  -76), Packet Type: Unknown"
"75","28.263657100","","","BT BR/EDR RF","22","0x0021c4f4","Transport: Any (BR 1Mbps), RF Channel: 68 (SP:  -75), Packet Type: Unknown"
"76","28.264056200","","","BT BR/EDR RF","22","0x0021c4f4","Transport: Any (BR 1Mbps), RF Channel: 68 (SP:  -75), Packet Type: Unknown"
"77","28.514188300","","","BT BR/EDR RF","22","0x0021c4f4","Transport: Any (BR 1Mbps), RF Channel: 55 (SP:  -69), Packet Type: Unknown"
"78","29.455412500","","","BT BR/EDR RF","22","0x0021c4f4","Transport: Any (BR 1Mbps), RF Channel:  1 (SP:  -75), Packet Type: Unknown"
"79","29.465823600","","","BT BR/EDR RF","22","0x0029cfc6","Transport: Any (BR 1Mbps), RF Channel:  1 (SP:  -77), Packet Type: Unknown"
"80","29.567798900","","","BT BR/EDR RF","22","0x0021c4f4","Transport: Any (BR 1Mbps), RF Channel: 18 (SP:  -52, NP:  -55), Packet Type: Unknown"
"81","30.225420600","","","BT BR/EDR RF","22","0x0021c4f4","Transport: Any (BR 1Mbps), RF Channel: 56 (SP:  -70), Packet Type: Unknown"
"82","30.608594200","","","BT BR/EDR RF","22","0x0021c4f4","Transport: Any (BR 1Mbps), RF Channel: 60 (SP:  -73), Packet Type: Unknown"
"83","31.119052000","","","BT BR/EDR RF","22","0x0021c4f4","Transport: Any (BR 1Mbps), RF Channel:  2 (SP:  -75), Packet Type: Unknown"
"84","31.316058500","","","BT BR/EDR RF","22","0x0029cfc6","Transport: Any (BR 1Mbps), RF Channel:  4 (SP:  -76), Packet Type: Unknown"
"85","31.398286600","","","BT BR/EDR RF","22","0x0029cfc6","Transport: Any (BR 1Mbps), RF Channel: 68 (SP:  -78), Packet Type: Unknown"
"86","32.959890200","","","BT BR/EDR RF","22","0x0021c4f4","Transport: Any (BR 1Mbps), RF Channel: 52 (SP:  -54, NP:  -55), Packet Type: Unknown"
"87","32.960289100","","","BT BR/EDR RF","22","0x0021c4f4","Transport: Any (BR 1Mbps), RF Channel: 52 (SP:  -54, NP:  -55), Packet Type: Unknown"
"88","33.074665700","","","BT BR/EDR RF","22","0x0021c4f4","Transport: Any (BR 1Mbps), RF Channel: 69 (SP:  -74), Packet Type: Unknown"
"89","33.958536300","","","BT BR/EDR RF","22","0x0029cfc6","Transport: Any (BR 1Mbps), RF Channel: 62 (SP:  -74), Packet Type: Unknown"
"90","34.027863000","","","BT BR/EDR RF","22","0x0021c4f4","Transport: Any (BR 1Mbps), RF Channel: 15 (SP:  -73), Packet Type: Unknown"
"91","34.292771000","","","BT BR/EDR RF","22","0x0021c4f4","Transport: Any (BR 1Mbps), RF Channel:  2 (SP:  -75), Packet Type: Unknown"
"92","34.429315300","","","BT BR/EDR RF","22","0x0021c4f4","Transport: Any (BR 1Mbps), RF Channel: 51 (SP:  -72), Packet Type: Unknown"
"93","34.475842400","","","BT BR/EDR RF","22","0x0029cfc6","Transport: Any (BR 1Mbps), RF Channel:  4 (SP:  -73), Packet Type: Unknown"
"94","35.435980000","","","BT BR/EDR RF","22","0x0029cfc6","Transport: Any (BR 1Mbps), RF Channel: 61 (SP:  -67), Packet Type: Unknown"
"95","35.736818200","","","BT BR/EDR RF","22","0x0021c4f4","Transport: Any (BR 1Mbps), RF Channel: 48 (SP:  -73), Packet Type: Unknown"
"96","36.664871100","","","BT BR/EDR RF","22","0x0021c4f4","Transport: Any (BR 1Mbps), RF Channel: 73 (SP:  -70), Packet Type: Unknown"
"97","37.813671500","","","BT BR/EDR RF","22","0x0021c4f4","Transport: Any (BR 1Mbps), RF Channel: 53 (SP:  -72), Packet Type: Unknown"
"98","38.036032600","","","BT BR/EDR RF","22","0x0029cfc6","Transport: Any (BR 1Mbps), RF Channel:  8 (SP:  -75), Packet Type: Unknown"
"99","38.594865200","","","BT BR/EDR RF","22","0x0021c4f4","Transport: Any (BR 1Mbps), RF Channel: 61 (SP:  -77), Packet Type: Unknown"
"100","38.729615200","","","BT BR/EDR RF","22","0x0021c4f4","Transport: Any (BR 1Mbps), RF Channel: 78 (SP:  -75), Packet Type: Unknown"
"101","38.730417000","","","BT BR/EDR RF","22","0x0021c4f4","Transport: Any (BR 1Mbps), RF Channel: 78 (SP:  -75), Packet Type: Unknown"
"102","38.847190800","","","BT BR/EDR RF","22","0x0029cfc6","Transport: Any (BR 1Mbps), RF Channel: 16 (SP:  -74), Packet Type: Unknown"
"103","39.230404800","","","BT BR/EDR RF","22","0x0021c4f4","Transport: Any (BR 1Mbps), RF Channel: 20 (SP:  -56), Packet Type: Unknown"
"104","39.268000600","","","BT BR/EDR RF","22","0x0021c4f4","Transport: Any (BR 1Mbps), RF Channel: 20 (SP:  -78), Packet Type: Unknown"
"105","39.315855200","","","BT BR/EDR RF","22","0x0029cfc6","Transport: Any (BR 1Mbps), RF Channel:  5 (SP:  -73), Packet Type: Unknown"
"106","40.302843600","","","BT BR/EDR RF","22","0x0021c4f4","Transport: Any (BR 1Mbps), RF Channel: 62 (SP:  -74), Packet Type: Unknown"
"107","40.689290600","","","BT BR/EDR RF","22","0x0021c4f4","Transport: Any (BR 1Mbps), RF Channel: 66 (SP:  -78), Packet Type: Unknown"
"108","40.976560700","","","BT BR/EDR RF","22","0x0021c4f4","Transport: Any (BR 1Mbps), RF Channel: 53 (SP:  -70), Packet Type: Unknown"
"109","40.986561300","","","BT BR/EDR RF","22","0x00390ee3","Transport: Any (BR 1Mbps), RF Channel: 53 (SP:  -75), Packet Type: Unknown"
"110","41.220911500","","","BT BR/EDR RF","22","0x0029cfc6","Transport: Any (BR 1Mbps), RF Channel:  8 (SP:  -75), Packet Type: Unknown"
"111","41.498538600","","","BT BR/EDR RF","22","0x0021c4f4","Transport: Any (BR 1Mbps), RF Channel: 74 (SP:  -73), Packet Type: Unknown"
"112","41.602889100","","","BT BR/EDR RF","22","0x0021c4f4","Transport: Any (BR 1Mbps), RF Channel: 12 (SP:  -72), Packet Type: Unknown"
"113","42.252859600","","","BT BR/EDR RF","22","0x00390ee3","Transport: Any (BR 1Mbps), RF Channel: 50 (SP:  -78), Packet Type: Unknown"
"114","42.258459300","","","BT BR/EDR RF","22","0x0021c4f4","Transport: Any (BR 1Mbps), RF Channel: 50 (SP:  -73), Packet Type: Unknown"
"115","42.259260100","","","BT BR/EDR RF","22","0x0021c4f4","Transport: Any (BR 1Mbps), RF Channel: 50 (SP:  -70), Packet Type: Unknown"
"116","42.282184400","","","BT BR/EDR RF","22","0x0029cfc6","Transport: Any (BR 1Mbps), RF Channel:  3 (SP:  -74), Packet Type: Unknown"
"117","42.305792000","","","BT BR/EDR RF","22","0x0029cfc6","Transport: Any (BR 1Mbps), RF Channel:  3 (SP:  -45, NP:  -55), Packet Type: Unknown"
"118","42.397360200","","","BT BR/EDR RF","22","0x0021c4f4","Transport: Any (BR 1Mbps), RF Channel: 20 (SP:  -80), Packet Type: Unknown"
"119","42.397759200","","","BT BR/EDR RF","22","0x0021c4f4","Transport: Any (BR 1Mbps), RF Channel: 20 (SP:  -77), Packet Type: Unknown"
"120","42.527733800","","","BT BR/EDR RF","22","0x00390ee3","Transport: Any (BR 1Mbps), RF Channel: 37 (SP:  -72), Packet Type: Unknown"
"121","42.680230500","","","BT BR/EDR RF","22","0x0029cfc6","Transport: Any (BR 1Mbps), RF Channel:  7 (SP:  -81), Packet Type: Unknown"
"122","42.681031600","","","BT BR/EDR RF","22","0x0029cfc6","Transport: Any (BR 1Mbps), RF Channel:  7 (SP:  -73), Packet Type: Unknown"
"123","43.055362600","","","BT BR/EDR RF","22","0x0021c4f4","Transport: Any (BR 1Mbps), RF Channel: 58 (SP:  -73), Packet Type: Unknown"
"124","43.142821200","","","BT BR/EDR RF","22","0x00390ee3","Transport: Any (BR 1Mbps), RF Channel: 43 (SP:  -75), Packet Type: Unknown"
"125","43.158539300","","","BT BR/EDR RF","22","0x0021c4f4","Transport: Any (BR 1Mbps), RF Channel: 75 (SP:  -73), Packet Type: Unknown"
"126","43.270925200","","","BT BR/EDR RF","22","0x0029cfc6","Transport: Any (BR 1Mbps), RF Channel: 13 (SP:  -33, NP:  -55), Packet Type: Unknown"
"127","43.969041500","","","BT BR/EDR RF","22","0x0021c4f4","Transport: Any (BR 1Mbps), RF Channel:  4 (SP:  -75), Packet Type: Unknown"
"128","44.353445000","","","BT BR/EDR RF","22","0x0021c4f4","Transport: Any (BR 1Mbps), RF Channel:  8 (SP:  -33, NP:  -55), Packet Type: Unknown"
"129","44.755400900","","","BT BR/EDR RF","22","0x0029cfc6","Transport: Any (BR 1Mbps), RF Channel: 12 (SP:  -82), Packet Type: Unknown"
"130","45.185769500","","","BT BR/EDR RF","22","0x0029cfc6","Transport: Any (BR 1Mbps), RF Channel: 16 (SP:  -77), Packet Type: Unknown"
"131","45.464675200","","","BT BR/EDR RF","22","0x0029cfc6","Transport: Any (BR 1Mbps), RF Channel:  3 (SP:  -77), Packet Type: Unknown"
"132","45.542096000","","","BT BR/EDR RF","22","0x0021c4f4","Transport: Any (BR 1Mbps), RF Channel: 67 (SP:  -81), Packet Type: Unknown"
"133","45.815324000","","","BT BR/EDR RF","22","0x0021c4f4","Transport: Any (BR 1Mbps), RF Channel: 54 (SP:  -70), Packet Type: Unknown"
"134","45.944868100","","","BT BR/EDR RF","22","0x0021c4f4","Transport: Any (BR 1Mbps), RF Channel: 71 (SP:  -74), Packet Type: Unknown"
"135","46.048022800","","","BT BR/EDR RF","22","0x0021c4f4","Transport: Any (BR 1Mbps), RF Channel:  9 (SP:  -73), Packet Type: Unknown"
"136","46.337288100","","","BT BR/EDR RF","22","0x0021c4f4","Transport: Any (BR 1Mbps), RF Channel: 75 (SP:  -73), Packet Type: Unknown"
"137","46.864880000","","","BT BR/EDR RF","22","0x0021c4f4","Transport: Any (BR 1Mbps), RF Channel: 17 (SP:  -79), Packet Type: Unknown"
"138","46.865280100","","","BT BR/EDR RF","22","0x0021c4f4","Transport: Any (BR 1Mbps), RF Channel: 17 (SP:  -74), Packet Type: Unknown"
"139","47.492836600","","","BT BR/EDR RF","22","0x0021c4f4","Transport: Any (BR 1Mbps), RF Channel: 55 (SP:  -69), Packet Type: Unknown"
"140","47.880927700","","","BT BR/EDR RF","22","0x0021c4f4","Transport: Any (BR 1Mbps), RF Channel: 59 (SP:  -76), Packet Type: Unknown"
"141","47.881726600","","","BT BR/EDR RF","22","0x0021c4f4","Transport: Any (BR 1Mbps), RF Channel: 59 (SP:  -72), Packet Type: Unknown"
"142","48.295401100","","","BT BR/EDR RF","22","0x0021c4f4","Transport: Any (BR 1Mbps), RF Channel: 63 (SP:  -74), Packet Type: Unknown"
"143","48.402986100","","","BT BR/EDR RF","22","0x0021c4f4","Transport: Any (BR 1Mbps), RF Channel:  1 (SP:  -74), Packet Type: Unknown"
"144","48.689827200","","","BT BR/EDR RF","22","0x0021c4f4","Transport: Any (BR 1Mbps), RF Channel: 67 (SP:  -77), Packet Type: Unknown"
"145","50.260215500","","","BT BR/EDR RF","22","0x0021c4f4","Transport: Any (BR 1Mbps), RF Channel: 51 (SP:  -57), Packet Type: Unknown"
"146","50.381006000","","","BT BR/EDR RF","22","0x0021c4f4","Transport: Any (BR 1Mbps), RF Channel: 68 (SP:  -63), Packet Type: Unknown"
"147","50.655451100","","","BT BR/EDR RF","22","0x0021c4f4","Transport: Any (BR 1Mbps), RF Channel: 55 (SP:  -60), Packet Type: Unknown"
"148","50.878967800","","","BT BR/EDR RF","22","0x0021c4f4","Transport: Any (BR 1Mbps), RF Channel: 10 (SP:  -75), Packet Type: Unknown"
"149","51.913392900","","","BT BR/EDR RF","22","0x0021c4f4","Transport: Any (BR 1Mbps), RF Channel: 52 (SP:  -73), Packet Type: Unknown"
"150","53.124209100","","","BT BR/EDR RF","22","0x0021c4f4","Transport: Any (BR 1Mbps), RF Channel: 64 (SP:  -76), Packet Type: Unknown"
"151","53.249020300","","","BT BR/EDR RF","22","0x0021c4f4","Transport: Any (BR 1Mbps), RF Channel:  2 (SP:  -74), Packet Type: Unknown"
"152","53.663444600","","","BT BR/EDR RF","22","0x0021c4f4","Transport: Any (BR 1Mbps), RF Channel:  6 (SP:  -77), Packet Type: Unknown"
"153","54.033520700","","","BT BR/EDR RF","22","0x0021c4f4","Transport: Any (BR 1Mbps), RF Channel: 10 (SP:  -79), Packet Type: Unknown"
"154","54.033921100","","","BT BR/EDR RF","22","0x0021c4f4","Transport: Any (BR 1Mbps), RF Channel: 10 (SP:  -78), Packet Type: Unknown"
"155","54.163087100","","","BT BR/EDR RF","22","0x0092e101","Transport: Any (BR 1Mbps), RF Channel: 27 (SP:  -75), Packet Type: Unknown"
"156","54.189202500","","","BT BR/EDR RF","22","0x0021c4f4","Transport: Any (BR 1Mbps), RF Channel: 59 (SP:  -70), Packet Type: Unknown"
"157","54.685468600","","","BT BR/EDR RF","22","0x0021c4f4","Transport: Any (BR 1Mbps), RF Channel: 48 (SP:  -72), Packet Type: Unknown"
"158","55.093589200","","","BT BR/EDR RF","22","0x0021c4f4","Transport: Any (BR 1Mbps), RF Channel: 52 (SP:  -69), Packet Type: Unknown"
"159","55.093988900","","","BT BR/EDR RF","22","0x0021c4f4","Transport: Any (BR 1Mbps), RF Channel: 52 (SP:  -69), Packet Type: Unknown"
"160","55.218359600","","","BT BR/EDR RF","22","0x0021c4f4","Transport: Any (BR 1Mbps), RF Channel: 69 (SP:  -49, NP:  -55), Packet Type: Unknown"
"161","55.219159400","","","BT BR/EDR RF","22","0x0021c4f4","Transport: Any (BR 1Mbps), RF Channel: 69 (SP:  -49, NP:  -55), Packet Type: Unknown"
"162","55.318710500","","","BT BR/EDR RF","22","0x002ff7a8","Transport: Any (BR 1Mbps), RF Channel:  7 (SP:  -10, NP:  -55), Packet Type: Unknown"
"163","55.328711600","","","BT BR/EDR RF","22","0x002ff7a8","Transport: Any (BR 1Mbps), RF Channel:  7 (SP:  -10, NP:  -55), Packet Type: Unknown"
"164","55.333516500","","","BT BR/EDR RF","22","0x0029cfc6","Transport: Any (BR 1Mbps), RF Channel:  7 (SP:  -73), Packet Type: Unknown"
"165","55.437095200","","","BT BR/EDR RF","22","0x002ff7a8","Transport: Any (BR 1Mbps), RF Channel: 24 (SP:  -77), Packet Type: Unknown"
"166","55.457104000","","","BT BR/EDR RF","22","0x002ff7a8","Transport: Any (BR 1Mbps), RF Channel: 24 (SP:  -78), Packet Type: Unknown"
"167","55.467110500","","","BT BR/EDR RF","22","0x002ff7a8","Transport: Any (BR 1Mbps), RF Channel: 24 (SP:  -77), Packet Type: Unknown"
"168","55.518550500","","","BT BR/EDR RF","22","0x002ff7a8","Transport: Any (BR 1Mbps), RF Channel:  9 (SP:   -5, NP:  -55), Packet Type: Unknown"
"169","55.528549600","","","BT BR/EDR RF","22","0x002ff7a8","Transport: Any (BR 1Mbps), RF Channel:  9 (SP:    0, NP:  -55), Packet Type: Unknown"
"170","55.540951800","","","BT BR/EDR RF","22","0x002ff7a8","Transport: Any (BR 1Mbps), RF Channel:  9 (SP:   -5, NP:  -55), Packet Type: Unknown"
"171","55.652545100","","","BT BR/EDR RF","22","0x002ff7a8","Transport: Any (BR 1Mbps), RF Channel: 26 (SP:  -77), Packet Type: Unknown"
"172","55.664946600","","","BT BR/EDR RF","22","0x002ff7a8","Transport: Any (BR 1Mbps), RF Channel: 26 (SP:  -77), Packet Type: Unknown"
"173","55.676268800","","","BT BR/EDR RF","22","0x002ff7a8","Transport: Any (BR 1Mbps), RF Channel: 58 (SP:  -74), Packet Type: Unknown"
"174","55.686267600","","","BT BR/EDR RF","22","0x002ff7a8","Transport: Any (BR 1Mbps), RF Channel: 58 (SP:  -72), Packet Type: Unknown"
"175","55.706274300","","","BT BR/EDR RF","22","0x002ff7a8","Transport: Any (BR 1Mbps), RF Channel: 58 (SP:  -67), Packet Type: Unknown"
"176","55.913421900","","","BT BR/EDR RF","22","0x002ff7a8","Transport: Any (BR 1Mbps), RF Channel: 13 (SP:    0, NP:  -55), Packet Type: Unknown"
"177","55.933429500","","","BT BR/EDR RF","22","0x002ff7a8","Transport: Any (BR 1Mbps), RF Channel: 13 (SP:    0, NP:  -55), Packet Type: Unknown"
"178","55.943429500","","","BT BR/EDR RF","22","0x002ff7a8","Transport: Any (BR 1Mbps), RF Channel: 13 (SP:    0, NP:  -55), Packet Type: Unknown"
"179","56.069871600","","","BT BR/EDR RF","22","0x002ff7a8","Transport: Any (BR 1Mbps), RF Channel: 62 (SP:    0, NP:  -55), Packet Type: Unknown"
"180","56.077474000","","","BT BR/EDR RF","22","0x002ff7a8","Transport: Any (BR 1Mbps), RF Channel: 62 (SP:  -75), Packet Type: Unknown"
"181","56.079872400","","","BT BR/EDR RF","22","0x002ff7a8","Transport: Any (BR 1Mbps), RF Channel: 62 (SP:    0, NP:  -55), Packet Type: Unknown"
"182","56.089872500","","","BT BR/EDR RF","22","0x002ff7a8","Transport: Any (BR 1Mbps), RF Channel: 62 (SP:    0, NP:  -55), Packet Type: Unknown"
"183","56.138792300","","","BT BR/EDR RF","22","0x002ff7a8","Transport: Any (BR 1Mbps), RF Channel: 15 (SP:  -75), Packet Type: Unknown"
"184","56.145188700","","","BT BR/EDR RF","22","0x0021c4f4","Transport: Any (BR 1Mbps), RF Channel: 15 (SP:  -65), Packet Type: Unknown"
"185","56.249587300","","","BT BR/EDR RF","22","0x00347a8c","Transport: Any (BR 1Mbps), RF Channel: 32 (SP:    0, NP:  -55), Packet Type: Unknown"
"186","56.314646000","","","BT BR/EDR RF","22","0x00347a8c","Transport: Any (BR 1Mbps), RF Channel: 17 (SP:    0, NP:  -55), Packet Type: Unknown"
"187","56.347830300","","","BT BR/EDR RF","22","0x00347a8c","Transport: Any (BR 1Mbps), RF Channel: 17 (SP:  -75), Packet Type: Unknown"
"188","56.360767500","","","BT BR/EDR RF","22","0x00347a8c","Transport: Any (BR 1Mbps), RF Channel: 49 (SP:    0, NP:  -55), Packet Type: Unknown"
"189","56.409690100","","","BT BR/EDR RF","22","0x00347a8c","Transport: Any (BR 1Mbps), RF Channel:  2 (SP:    0, NP:  -55), Packet Type: Unknown"
"190","56.470302700","","","BT BR/EDR RF","22","0x002ff7a8","Transport: Any (BR 1Mbps), RF Channel: 66 (SP:    0, NP:  -55), Packet Type: Unknown"
"191","56.524812500","","","BT BR/EDR RF","22","0x002ff7a8","Transport: Any (BR 1Mbps), RF Channel: 19 (SP:  -71), Packet Type: Unknown"
"192","56.527212200","","","BT BR/EDR RF","22","0x0021c4f4","Transport: Any (BR 1Mbps), RF Channel: 19 (SP:  -71), Packet Type: Unknown"
"193","56.682075500","","","BT BR/EDR RF","22","0x002ff7a8","Transport: Any (BR 1Mbps), RF Channel: 68 (SP:  -73), Packet Type: Unknown"
"194","56.682877500","","","BT BR/EDR RF","22","0x002ff7a8","Transport: Any (BR 1Mbps), RF Channel: 68 (SP:  -73), Packet Type: Unknown"
"195","56.705278000","","","BT BR/EDR RF","22","0x002ff7a8","Transport: Any (BR 1Mbps), RF Channel: 68 (SP:    0, NP:  -55), Packet Type: Unknown"
"196","56.718591400","","","BT BR/EDR RF","22","0x002ff7a8","Transport: Any (BR 1Mbps), RF Channel: 21 (SP:    0, NP:  -55), Packet Type: Unknown"
"197","56.722191500","","","BT BR/EDR RF","22","0x002ff7a8","Transport: Any (BR 1Mbps), RF Channel: 21 (SP:    0, NP:  -55), Packet Type: Unknown"
"198","56.752306500","","","BT BR/EDR RF","22","0x002ff7a8","Transport: Any (BR 1Mbps), RF Channel: 53 (SP:  -67), Packet Type: Unknown"
"199","56.787105300","","","BT BR/EDR RF","22","0x002ff7a8","Transport: Any (BR 1Mbps), RF Channel: 53 (SP:  -72), Packet Type: Unknown"
"200","56.889057500","","","BT BR/EDR RF","22","0x002ff7a8","Transport: Any (BR 1Mbps), RF Channel: 70 (SP:  -73), Packet Type: Unknown"
"201","57.172765500","","","BT BR/EDR RF","22","0x002ff7a8","Transport: Any (BR 1Mbps), RF Channel: 57 (SP:  -73), Packet Type: Unknown"
"202","57.198479300","","","BT BR/EDR RF","22","0x0029cfc6","Transport: Any (BR 1Mbps), RF Channel: 10 (SP:  -75), Packet Type: Unknown"
"203","57.362188200","","","BT BR/EDR RF","22","0x002ff7a8","Transport: Any (BR 1Mbps), RF Channel: 59 (SP:  -72), Packet Type: Unknown"
"204","58.079590500","","","BT BR/EDR RF","22","0x002ff7a8","Transport: Any (BR 1Mbps), RF Channel:  3 (SP:    0, NP:  -55), Packet Type: Unknown"
"205","58.170224500","","","BT BR/EDR RF","22","0x002ff7a8","Transport: Any (BR 1Mbps), RF Channel: 67 (SP:    0, NP:  -55), Packet Type: Unknown"
"206","58.232096900","","","BT BR/EDR RF","22","0x002ff7a8","Transport: Any (BR 1Mbps), RF Channel: 52 (SP:  -71), Packet Type: Unknown"
"207","58.343542700","","","BT BR/EDR RF","22","0x002ff7a8","Transport: Any (BR 1Mbps), RF Channel: 37 (SP:  -49, NP:  -55), Packet Type: Unknown"
"208","58.409789600","","","BT BR/EDR RF","22","0x002ff7a8","Transport: Any (BR 1Mbps), RF Channel: 22 (SP:    0, NP:  -55), Packet Type: Unknown"
"209","58.410189300","","","BT BR/EDR RF","22","0x002ff7a8","Transport: Any (BR 1Mbps), RF Channel: 22 (SP:    0, NP:  -55), Packet Type: Unknown"
"210","58.728391600","","","BT BR/EDR RF","22","0x002ff7a8","Transport: Any (BR 1Mbps), RF Channel: 41 (SP:  -72), Packet Type: Unknown"
"211","58.887290000","","","BT BR/EDR RF","22","0x0029cfc6","Transport: Any (BR 1Mbps), RF Channel: 11 (SP:  -75), Packet Type: Unknown"
"212","59.160157300","","","BT BR/EDR RF","22","0x002ff7a8","Transport: Any (BR 1Mbps), RF Channel: 77 (SP:    0, NP:  -55), Packet Type: Unknown"
"213","59.279699700","","","BT BR/EDR RF","22","0x002ff7a8","Transport: Any (BR 1Mbps), RF Channel: 15 (SP:    0, NP:  -55), Packet Type: Unknown"
"214","59.444156200","","","BT BR/EDR RF","22","0x0029cfc6","Transport: Any (BR 1Mbps), RF Channel: 64 (SP:  -81), Packet Type: Unknown"
"215","59.546018000","","","BT BR/EDR RF","22","0x0021c4f4","Transport: Any (BR 1Mbps), RF Channel: 49 (SP:  -72), Packet Type: Unknown"
"216","59.546418100","","","BT BR/EDR RF","22","0x0021c4f4","Transport: Any (BR 1Mbps), RF Channel: 49 (SP:  -71), Packet Type: Unknown"
"217","60.326502100","","","BT BR/EDR RF","22","0x0021c4f4","Transport: Any (BR 1Mbps), RF Channel: 57 (SP:  -65), Packet Type: Unknown"
"218","60.424742100","","","BT BR/EDR RF","22","0x002ff7a8","Transport: Any (BR 1Mbps), RF Channel: 42 (SP:    0, NP:  -55), Packet Type: Unknown"
"219","60.443257700","","","BT BR/EDR RF","22","0x0021c4f4","Transport: Any (BR 1Mbps), RF Channel: 74 (SP:  -70), Packet Type: Unknown"
"220","60.544691000","","","BT BR/EDR RF","22","0x002ff7a8","Transport: Any (BR 1Mbps), RF Channel: 59 (SP:    0, NP:  -55), Packet Type: Unknown"
"221","60.717274300","","","BT BR/EDR RF","22","0x0029cfc6","Transport: Any (BR 1Mbps), RF Channel: 61 (SP:  -75), Packet Type: Unknown"
"222","61.385284600","","","BT BR/EDR RF","22","0x0021c4f4","Transport: Any (BR 1Mbps), RF Channel: 20 (SP:  -77), Packet Type: Unknown"
"223","61.970367000","","","BT BR/EDR RF","22","0x002ff7a8","Transport: Any (BR 1Mbps), RF Channel: 26 (SP:    0, NP:  -55), Packet Type: Unknown"
"224","62.754478000","","","BT BR/EDR RF","22","0x002ff7a8","Transport: Any (BR 1Mbps), RF Channel: 34 (SP:  -63), Packet Type: Unknown"
"225","62.823425700","","","BT BR/EDR RF","22","0x002ff7a8","Transport: Any (BR 1Mbps), RF Channel: 66 (SP:  -74), Packet Type: Unknown"
"226","62.939003600","","","BT BR/EDR RF","22","0x0021c4f4","Transport: Any (BR 1Mbps), RF Channel:  4 (SP:  -75), Packet Type: Unknown"
"227","63.193421500","","","BT BR/EDR RF","22","0x0021c4f4","Transport: Any (BR 1Mbps), RF Channel: 70 (SP:  -69), Packet Type: Unknown"
"228","63.327022900","","","BT BR/EDR RF","22","0x0021c4f4","Transport: Any (BR 1Mbps), RF Channel:  8 (SP:  -79), Packet Type: Unknown"
"229","63.327822700","","","BT BR/EDR RF","22","0x0021c4f4","Transport: Any (BR 1Mbps), RF Channel:  8 (SP:  -77), Packet Type: Unknown"
"230","63.680935700","","","BT BR/EDR RF","22","0x0029cfc6","Transport: Any (BR 1Mbps), RF Channel: 59 (SP:  -38, NP:  -55), Packet Type: Unknown"
"231","63.888710800","","","BT BR/EDR RF","22","0x0024f6b6","Transport: Any (BR 1Mbps), RF Channel: 61 (SP:  -75), Packet Type: Unknown"
"232","64.090161200","","","BT BR/EDR RF","22","0x002ff7a8","Transport: Any (BR 1Mbps), RF Channel: 63 (SP:    0, NP:  -55), Packet Type: Unknown"
"233","64.369464000","","","BT BR/EDR RF","22","0x0021c4f4","Transport: Any (BR 1Mbps), RF Channel: 50 (SP:  -73), Packet Type: Unknown"
"234","65.283889000","","","BT BR/EDR RF","22","0x0021c4f4","Transport: Any (BR 1Mbps), RF Channel: 75 (SP:  -69), Packet Type: Unknown"
"235","65.390236200","","","BT BR/EDR RF","22","0x0021c4f4","Transport: Any (BR 1Mbps), RF Channel: 13 (SP:  -35, NP:  -55), Packet Type: Unknown"
"236","65.427840800","","","BT BR/EDR RF","22","0x0021c4f4","Transport: Any (BR 1Mbps), RF Channel: 13 (SP:  -68), Packet Type: Unknown"
"237","65.434757100","","","BT BR/EDR RF","22","0x002ff7a8","Transport: Any (BR 1Mbps), RF Channel: 45 (SP:  -71), Packet Type: Unknown"
"238","65.435156500","","","BT BR/EDR RF","22","0x002ff7a8","Transport: Any (BR 1Mbps), RF Channel: 45 (SP:  -71), Packet Type: Unknown"
"239","65.463956100","","","BT BR/EDR RF","22","0x002ff7a8","Transport: Any (BR 1Mbps), RF Channel: 45 (SP:  -70), Packet Type: Unknown"
"240","65.681471500","","","BT BR/EDR RF","22","0x0021c4f4","Transport: Any (BR 1Mbps), RF Channel:  0 (SP:  -75), Packet Type: Unknown"
"241","66.087092500","","","BT BR/EDR RF","22","0x0029cfc6","Transport: Any (BR 1Mbps), RF Channel:  4 (SP:  -74), Packet Type: Unknown"
"242","66.095095500","","","BT BR/EDR RF","22","0x0021c4f4","Transport: Any (BR 1Mbps), RF Channel:  4 (SP:  -77), Packet Type: Unknown"
"243","67.239516500","","","BT BR/EDR RF","22","0x0021c4f4","Transport: Any (BR 1Mbps), RF Channel: 63 (SP:  -80), Packet Type: Unknown"
"244","67.369465700","","","BT BR/EDR RF","22","0x0029cfc6","Transport: Any (BR 1Mbps), RF Channel:  1 (SP:  -80), Packet Type: Unknown"
"245","67.641538100","","","BT BR/EDR RF","22","0x0021c4f4","Transport: Any (BR 1Mbps), RF Channel: 67 (SP:  -68), Packet Type: Unknown"
"246","67.737407200","","","BT BR/EDR RF","22","0x008df7e7","Transport: Any (BR 1Mbps), RF Channel: 52 (SP:  -79), Packet Type: Unknown"
"247","67.768332600","","","BT BR/EDR RF","22","0x0021c4f4","Transport: Any (BR 1Mbps), RF Channel:  5 (SP:  -74), Packet Type: Unknown"
"248","67.899136500","","","BT BR/EDR RF","22","0x0029cfc6","Transport: Any (BR 1Mbps), RF Channel: 22 (SP:  -77), Packet Type: Unknown"
"249","68.567657100","","","BT BR/EDR RF","22","0x0021c4f4","Transport: Any (BR 1Mbps), RF Channel: 13 (SP:  -75), Packet Type: Unknown"
"250","69.196428300","","","BT BR/EDR RF","22","0x0021c4f4","Transport: Any (BR 1Mbps), RF Channel: 51 (SP:  -71), Packet Type: Unknown"
"251","69.346004100","","","BT BR/EDR RF","22","0x0029cfc6","Transport: Any (BR 1Mbps), RF Channel: 68 (SP:  -75), Packet Type: Unknown"
"252","69.738454000","","","BT BR/EDR RF","22","0x0021c4f4","Transport: Any (BR 1Mbps), RF Channel: 72 (SP:  -72), Packet Type: Unknown"
"253","70.018909400","","","BT BR/EDR RF","22","0x0021c4f4","Transport: Any (BR 1Mbps), RF Channel: 59 (SP:  -73), Packet Type: Unknown"
"254","70.418908500","","","BT BR/EDR RF","22","0x0021c4f4","Transport: Any (BR 1Mbps), RF Channel: 63 (SP:  -54, NP:  -55), Packet Type: Unknown"
"255","70.667608000","","","BT BR/EDR RF","22","0x0021c4f4","Transport: Any (BR 1Mbps), RF Channel: 18 (SP:  -53, NP:  -55), Packet Type: Unknown"
"256","71.025947200","","","BT BR/EDR RF","22","0x0029cfc6","Transport: Any (BR 1Mbps), RF Channel: 69 (SP:  -75), Packet Type: Unknown"
"257","71.745718900","","","BT BR/EDR RF","22","0x0029cfc6","Transport: Any (BR 1Mbps), RF Channel: 13 (SP:  -76), Packet Type: Unknown"
"258","71.945944500","","","BT BR/EDR RF","22","0x0029cfc6","Transport: Any (BR 1Mbps), RF Channel: 15 (SP:  -77), Packet Type: Unknown"
"259","72.375759100","","","BT BR/EDR RF","22","0x0021c4f4","Transport: Any (BR 1Mbps), RF Channel: 51 (SP:  -73), Packet Type: Unknown"
"260","72.624469200","","","BT BR/EDR RF","22","0x0021c4f4","Transport: Any (BR 1Mbps), RF Channel:  6 (SP:  -79), Packet Type: Unknown"
"261","72.625268700","","","BT BR/EDR RF","22","0x0021c4f4","Transport: Any (BR 1Mbps), RF Channel:  6 (SP:  -73), Packet Type: Unknown"
"262","72.880948300","","","BT BR/EDR RF","22","0x0021c4f4","Transport: Any (BR 1Mbps), RF Channel: 72 (SP:  -72), Packet Type: Unknown"
"263","73.822613200","","","BT BR/EDR RF","22","0x0021c4f4","Transport: Any (BR 1Mbps), RF Channel: 18 (SP:  -73), Packet Type: Unknown"
"264","74.460950200","","","BT BR/EDR RF","22","0x0021c4f4","Transport: Any (BR 1Mbps), RF Channel: 56 (SP:  -71), Packet Type: Unknown"
"265","74.461348000","","","BT BR/EDR RF","22","0x0021c4f4","Transport: Any (BR 1Mbps), RF Channel: 56 (SP:  -71), Packet Type: Unknown"
"266","74.583271000","","","BT BR/EDR RF","22","0x0021c4f4","Transport: Any (BR 1Mbps), RF Channel: 73 (SP:  -71), Packet Type: Unknown"
"267","74.848893800","","","BT BR/EDR RF","22","0x0021c4f4","Transport: Any (BR 1Mbps), RF Channel: 60 (SP:  -60), Packet Type: Unknown"
"268","74.954468300","","","BT BR/EDR RF","22","0x0021c4f4","Transport: Any (BR 1Mbps), RF Channel: 77 (SP:  -77), Packet Type: Unknown"
"269","75.358923200","","","BT BR/EDR RF","22","0x0021c4f4","Transport: Any (BR 1Mbps), RF Channel:  2 (SP:  -76), Packet Type: Unknown"
"270","75.780110800","","","BT BR/EDR RF","22","0x0021c4f4","Transport: Any (BR 1Mbps), RF Channel:  6 (SP:  -74), Packet Type: Unknown"
"271","76.541270100","","","BT BR/EDR RF","22","0x0021c4f4","Transport: Any (BR 1Mbps), RF Channel: 61 (SP:  -75), Packet Type: Unknown"
"272","76.564583100","","","BT BR/EDR RF","22","0x0029cfc6","Transport: Any (BR 1Mbps), RF Channel: 14 (SP:  -75), Packet Type: Unknown"
"273","77.432118900","","","BT BR/EDR RF","22","0x0021c4f4","Transport: Any (BR 1Mbps), RF Channel:  7 (SP:  -78), Packet Type: Unknown"
"274","77.432517800","","","BT BR/EDR RF","22","0x0021c4f4","Transport: Any (BR 1Mbps), RF Channel:  7 (SP:  -74), Packet Type: Unknown"
"275","77.665513100","","","BT BR/EDR RF","22","0x0029cfc6","Transport: Any (BR 1Mbps), RF Channel:  9 (SP:  -75), Packet Type: Unknown"
"276","77.865751000","","","BT BR/EDR RF","22","0x0029cfc6","Transport: Any (BR 1Mbps), RF Channel: 11 (SP:  -74), Packet Type: Unknown"
"277","78.139390800","","","BT BR/EDR RF","22","0x0021c4f4","Transport: Any (BR 1Mbps), RF Channel: 77 (SP:  -73), Packet Type: Unknown"
"278","78.666543100","","","BT BR/EDR RF","22","0x0021c4f4","Transport: Any (BR 1Mbps), RF Channel: 19 (SP:  -74), Packet Type: Unknown"
"279","78.885272100","","","BT BR/EDR RF","22","0x0021c4f4","Transport: Any (BR 1Mbps), RF Channel: 53 (SP:  -69), Packet Type: Unknown"
"280","79.145634800","","","BT BR/EDR RF","22","0x0029cfc6","Transport: Any (BR 1Mbps), RF Channel:  8 (SP:  -65), Packet Type: Unknown"
"281","79.305729300","","","BT BR/EDR RF","22","0x0021c4f4","Transport: Any (BR 1Mbps), RF Channel: 57 (SP:  -72), Packet Type: Unknown"
"282","79.306529800","","","BT BR/EDR RF","22","0x0021c4f4","Transport: Any (BR 1Mbps), RF Channel: 57 (SP:  -72), Packet Type: Unknown"
"283","79.524514700","","","BT BR/EDR RF","22","0x0029cfc6","Transport: Any (BR 1Mbps), RF Channel: 12 (SP:  -77), Packet Type: Unknown"
"284","79.823406300","","","BT BR/EDR RF","22","0x0021c4f4","Transport: Any (BR 1Mbps), RF Channel: 78 (SP:  -65), Packet Type: Unknown"
"285","81.025483200","","","BT BR/EDR RF","22","0x0029cfc6","Transport: Any (BR 1Mbps), RF Channel: 11 (SP:  -75), Packet Type: Unknown"
"286","81.361367200","","","BT BR/EDR RF","22","0x0021c4f4","Transport: Any (BR 1Mbps), RF Channel: 62 (SP:  -75), Packet Type: Unknown"
"287","81.905465500","","","BT BR/EDR RF","22","0x0029cfc6","Transport: Any (BR 1Mbps), RF Channel:  4 (SP:  -78), Packet Type: Unknown"
"288","82.297054100","","","BT BR/EDR RF","22","0x0021c4f4","Transport: Any (BR 1Mbps), RF Channel:  8 (SP:  -77), Packet Type: Unknown"
"289","82.505684700","","","BT BR/EDR RF","22","0x0029cfc6","Transport: Any (BR 1Mbps), RF Channel: 10 (SP:  -76), Packet Type: Unknown"
"290","82.687093800","","","BT BR/EDR RF","22","0x0021c4f4","Transport: Any (BR 1Mbps), RF Channel: 12 (SP:  -86), Packet Type: Unknown"
"291","83.480040500","","","BT BR/EDR RF","22","0x0021c4f4","Transport: Any (BR 1Mbps), RF Channel: 20 (SP:  -74), Packet Type: Unknown"
"292","83.719568800","","","BT BR/EDR RF","22","0x0021c4f4","Transport: Any (BR 1Mbps), RF Channel: 54 (SP:  -72), Packet Type: Unknown"
"293","83.719969000","","","BT BR/EDR RF","22","0x0021c4f4","Transport: Any (BR 1Mbps), RF Channel: 54 (SP:  -71), Packet Type: Unknown"
"294","84.034120600","","","BT BR/EDR RF","22","0x002ff7a8","Transport: Any (BR 1Mbps), RF Channel: 73 (SP:  -81), Packet Type: Unknown"
"295","84.130766200","","","BT BR/EDR RF","22","0x0021c4f4","Transport: Any (BR 1Mbps), RF Channel: 58 (SP:  -72), Packet Type: Unknown"
"296","84.515194200","","","BT BR/EDR RF","22","0x0021c4f4","Transport: Any (BR 1Mbps), RF Channel: 62 (SP:  -76), Packet Type: Unknown"
"297","85.115510700","","","BT BR/EDR RF","22","0x0029cfc6","Transport: Any (BR 1Mbps), RF Channel: 68 (SP:  -75), Packet Type: Unknown"
"298","85.473420200","","","BT BR/EDR RF","22","0x002ff7a8","Transport: Any (BR 1Mbps), RF Channel: 40 (SP:    0, NP:  -55), Packet Type: Unknown"
"299","85.864936700","","","BT BR/EDR RF","22","0x0021c4f4","Transport: Any (BR 1Mbps), RF Channel: 12 (SP:  -65), Packet Type: Unknown"
"300","85.954888800","","","BT BR/EDR RF","22","0x002ff7a8","Transport: Any (BR 1Mbps), RF Channel: 29 (SP:  -72), Packet Type: Unknown"
"301","86.500877600","","","BT BR/EDR RF","22","0x0021c4f4","Transport: Any (BR 1Mbps), RF Channel: 50 (SP:  -75), Packet Type: Unknown"
"302","86.501275500","","","BT BR/EDR RF","22","0x0021c4f4","Transport: Any (BR 1Mbps), RF Channel: 50 (SP:  -70), Packet Type: Unknown"
"303","86.873731200","","","BT BR/EDR RF","22","0x0021c4f4","Transport: Any (BR 1Mbps), RF Channel: 54 (SP:  -72), Packet Type: Unknown"
"304","87.116868100","","","BT BR/EDR RF","22","0x0021c4f4","Transport: Any (BR 1Mbps), RF Channel:  9 (SP:  -76), Packet Type: Unknown"
"305","87.824948700","","","BT BR/EDR RF","22","0x0021c4f4","Transport: Any (BR 1Mbps), RF Channel:  0 (SP:  -73), Packet Type: Unknown"
"306","87.917694700","","","BT BR/EDR RF","22","0x0021c4f4","Transport: Any (BR 1Mbps), RF Channel: 17 (SP:  -70), Packet Type: Unknown"
"307","88.960073700","","","BT BR/EDR RF","22","0x0021c4f4","Transport: Any (BR 1Mbps), RF Channel: 59 (SP:  -74), Packet Type: Unknown"
"308","89.090845100","","","BT BR/EDR RF","22","0x0021c4f4","Transport: Any (BR 1Mbps), RF Channel: 76 (SP:  -72), Packet Type: Unknown"
"309","89.353785800","","","BT BR/EDR RF","22","0x0021c4f4","Transport: Any (BR 1Mbps), RF Channel: 63 (SP:  -77), Packet Type: Unknown"
"310","89.888291600","","","BT BR/EDR RF","22","0x0021c4f4","Transport: Any (BR 1Mbps), RF Channel:  5 (SP:  -75), Packet Type: Unknown"
"311","90.691463000","","","BT BR/EDR RF","22","0x0021c4f4","Transport: Any (BR 1Mbps), RF Channel: 13 (SP:  -69), Packet Type: Unknown"
"312","91.716204900","","","BT BR/EDR RF","22","0x0021c4f4","Transport: Any (BR 1Mbps), RF Channel: 55 (SP:  -60), Packet Type: Unknown"
"313","91.859358000","","","BT BR/EDR RF","22","0x0021c4f4","Transport: Any (BR 1Mbps), RF Channel: 72 (SP:  -72), Packet Type: Unknown"
"314","91.860155700","","","BT BR/EDR RF","22","0x0021c4f4","Transport: Any (BR 1Mbps), RF Channel: 72 (SP:  -72), Packet Type: Unknown"
"315","92.351343100","","","BT BR/EDR RF","22","0x0021c4f4","Transport: Any (BR 1Mbps), RF Channel: 14 (SP:  -69), Packet Type: Unknown"
"316","93.819412700","","","BT BR/EDR RF","22","0x0021c4f4","Transport: Any (BR 1Mbps), RF Channel: 60 (SP:  -73), Packet Type: Unknown"
"317","93.820213700","","","BT BR/EDR RF","22","0x0021c4f4","Transport: Any (BR 1Mbps), RF Channel: 60 (SP:  -73), Packet Type: Unknown"
"318","94.314254600","","","BT BR/EDR RF","22","0x0021c4f4","Transport: Any (BR 1Mbps), RF Channel:  2 (SP:  -77), Packet Type: Unknown"
"319","94.625530500","","","BT BR/EDR RF","22","0x0021c4f4","Transport: Any (BR 1Mbps), RF Channel: 68 (SP:  -79), Packet Type: Unknown"
"320","94.626332700","","","BT BR/EDR RF","22","0x0021c4f4","Transport: Any (BR 1Mbps), RF Channel: 68 (SP:  -68), Packet Type: Unknown"
"321","95.119538200","","","BT BR/EDR RF","22","0x0021c4f4","Transport: Any (BR 1Mbps), RF Channel: 10 (SP:  -70), Packet Type: Unknown"
"322","95.119936600","","","BT BR/EDR RF","22","0x0021c4f4","Transport: Any (BR 1Mbps), RF Channel: 10 (SP:  -70), Packet Type: Unknown"
"323","95.537607700","","","BT BR/EDR RF","22","0x0021c4f4","Transport: Any (BR 1Mbps), RF Channel: 14 (SP:  -72), Packet Type: Unknown"
"324","95.758005100","","","BT BR/EDR RF","22","0x0021c4f4","Transport: Any (BR 1Mbps), RF Channel: 48 (SP:  -62), Packet Type: Unknown"
"325","95.758804700","","","BT BR/EDR RF","22","0x0021c4f4","Transport: Any (BR 1Mbps), RF Channel: 48 (SP:  -63), Packet Type: Unknown"
"326","96.279234500","","","BT BR/EDR RF","22","0x0021c4f4","Transport: Any (BR 1Mbps), RF Channel: 69 (SP:  -68), Packet Type: Unknown"
"327","97.207657000","","","BT BR/EDR RF","22","0x0021c4f4","Transport: Any (BR 1Mbps), RF Channel: 15 (SP:  -71), Packet Type: Unknown"
"328","97.622528500","","","BT BR/EDR RF","22","0x0021c4f4","Transport: Any (BR 1Mbps), RF Channel: 19 (SP:  -74), Packet Type: Unknown"
"329","98.649263700","","","BT BR/EDR RF","22","0x0021c4f4","Transport: Any (BR 1Mbps), RF Channel: 61 (SP:  -74), Packet Type: Unknown"
"330","99.564843100","","","BT BR/EDR RF","22","0x0021c4f4","Transport: Any (BR 1Mbps), RF Channel:  7 (SP:  -74), Packet Type: Unknown"
"331","99.865691300","","","BT BR/EDR RF","22","0x0021c4f4","Transport: Any (BR 1Mbps), RF Channel: 73 (SP:  -73), Packet Type: Unknown"
"332","99.951284500","","","BT BR/EDR RF","22","0x0021c4f4","Transport: Any (BR 1Mbps), RF Channel: 11 (SP:  -32, NP:  -55), Packet Type: Unknown"
"333","100.384876600","","","BT BR/EDR RF","22","0x0021c4f4","Transport: Any (BR 1Mbps), RF Channel: 15 (SP:  -71), Packet Type: Unknown"
"334","101.818812200","","","BT BR/EDR RF","22","0x0021c4f4","Transport: Any (BR 1Mbps), RF Channel: 61 (SP:  -75), Packet Type: Unknown"
"335","101.931991500","","","BT BR/EDR RF","22","0x0021c4f4","Transport: Any (BR 1Mbps), RF Channel: 78 (SP:  -75), Packet Type: Unknown"
"336","102.029948100","","","BT BR/EDR RF","22","0x0021c4f4","Transport: Any (BR 1Mbps), RF Channel: 16 (SP:  -72), Packet Type: Unknown"
"337","102.067551700","","","BT BR/EDR RF","22","0x0021c4f4","Transport: Any (BR 1Mbps), RF Channel: 16 (SP:  -70), Packet Type: Unknown"
"338","102.072494900","","","BT BR/EDR RF","22","0x0021c4f4","Transport: Any (BR 1Mbps), RF Channel: 48 (SP:  -70), Packet Type: Unknown"
"339","102.469820500","","","BT BR/EDR RF","22","0x0021c4f4","Transport: Any (BR 1Mbps), RF Channel: 52 (SP:  -70), Packet Type: Unknown"
"340","103.479311500","","","BT BR/EDR RF","22","0x0021c4f4","Transport: Any (BR 1Mbps), RF Channel: 62 (SP:  -75), Packet Type: Unknown"
"341","103.480111300","","","BT BR/EDR RF","22","0x0021c4f4","Transport: Any (BR 1Mbps), RF Channel: 62 (SP:  -75), Packet Type: Unknown"
"342","103.776185500","","","BT BR/EDR RF","22","0x0021c4f4","Transport: Any (BR 1Mbps), RF Channel: 49 (SP:  -71), Packet Type: Unknown"
"343","104.291823100","","","BT BR/EDR RF","22","0x0021c4f4","Transport: Any (BR 1Mbps), RF Channel: 70 (SP:  -75), Packet Type: Unknown"
"344","104.704213600","","","BT BR/EDR RF","22","0x0021c4f4","Transport: Any (BR 1Mbps), RF Channel: 74 (SP:  -73), Packet Type: Unknown"
"345","105.451686700","","","BT BR/EDR RF","22","0x0021c4f4","Transport: Any (BR 1Mbps), RF Channel: 50 (SP:  -72), Packet Type: Unknown"
"346","105.452488000","","","BT BR/EDR RF","22","0x0021c4f4","Transport: Any (BR 1Mbps), RF Channel: 50 (SP:  -70), Packet Type: Unknown"
"347","105.958134000","","","BT BR/EDR RF","22","0x0021c4f4","Transport: Any (BR 1Mbps), RF Channel: 71 (SP:  -71), Packet Type: Unknown"
"348","106.659449800","","","BT BR/EDR RF","22","0x0021c4f4","Transport: Any (BR 1Mbps), RF Channel: 62 (SP:  -75), Packet Type: Unknown"
"349","106.659849500","","","BT BR/EDR RF","22","0x0021c4f4","Transport: Any (BR 1Mbps), RF Channel: 62 (SP:  -75), Packet Type: Unknown"
"350","107.165109800","","","BT BR/EDR RF","22","0x0021c4f4","Transport: Any (BR 1Mbps), RF Channel:  4 (SP:  -72), Packet Type: Unknown"
"351","107.579480700","","","BT BR/EDR RF","22","0x0021c4f4","Transport: Any (BR 1Mbps), RF Channel:  8 (SP:  -77), Packet Type: Unknown"
"352","107.579882100","","","BT BR/EDR RF","22","0x0021c4f4","Transport: Any (BR 1Mbps), RF Channel:  8 (SP:  -72), Packet Type: Unknown"
"353","109.129157100","","","BT BR/EDR RF","22","0x0021c4f4","Transport: Any (BR 1Mbps), RF Channel: 71 (SP:  -75), Packet Type: Unknown"
"354","109.129956400","","","BT BR/EDR RF","22","0x0021c4f4","Transport: Any (BR 1Mbps), RF Channel: 71 (SP:  -73), Packet Type: Unknown"
"355","109.249945400","","","BT BR/EDR RF","22","0x0021c4f4","Transport: Any (BR 1Mbps), RF Channel:  9 (SP:  -72), Packet Type: Unknown"
"356","109.663621800","","","BT BR/EDR RF","22","0x0021c4f4","Transport: Any (BR 1Mbps), RF Channel: 13 (SP:  -66), Packet Type: Unknown"
"357","110.280401500","","","BT BR/EDR RF","22","0x0021c4f4","Transport: Any (BR 1Mbps), RF Channel: 51 (SP:  -72), Packet Type: Unknown"
"358","110.281201200","","","BT BR/EDR RF","22","0x0021c4f4","Transport: Any (BR 1Mbps), RF Channel: 51 (SP:  -69), Packet Type: Unknown"
"359","110.798764500","","","BT BR/EDR RF","22","0x0021c4f4","Transport: Any (BR 1Mbps), RF Channel: 72 (SP:  -72), Packet Type: Unknown"
"360","110.968108700","","","BT BR/EDR RF","22","0x004428a4","Transport: Any (BR 1Mbps), RF Channel: 42 (SP:  -80), Packet Type: Unknown"
"361","111.094463700","","","BT BR/EDR RF","22","0x0021c4f4","Transport: Any (BR 1Mbps), RF Channel: 59 (SP:  -71), Packet Type: Unknown"
"362","111.094862700","","","BT BR/EDR RF","22","0x0021c4f4","Transport: Any (BR 1Mbps), RF Channel: 59 (SP:  -71), Packet Type: Unknown"
"363","111.603202800","","","BT BR/EDR RF","22","0x0021c4f4","Transport: Any (BR 1Mbps), RF Channel:  1 (SP:  -78), Packet Type: Unknown"
"364","111.603602900","","","BT BR/EDR RF","22","0x0021c4f4","Transport: Any (BR 1Mbps), RF Channel:  1 (SP:  -73), Packet Type: Unknown"
"365","112.551403600","","","BT BR/EDR RF","22","0x0033c420","Transport: Any (BR 1Mbps), RF Channel: 58 (SP:  -62), Packet Type: Unknown"
"366","112.791371400","","","BT BR/EDR RF","22","0x0033c420","Transport: Any (BR 1Mbps), RF Channel: 13 (SP:  -74), Packet Type: Unknown"
"367","113.071460500","","","BT BR/EDR RF","22","0x004428a4","Transport: Any (BR 1Mbps), RF Channel:  0 (SP:  -75), Packet Type: Unknown"
"368","113.181294600","","","BT BR/EDR RF","22","0x0021c4f4","Transport: Any (BR 1Mbps), RF Channel: 64 (SP:  -78), Packet Type: Unknown"
"369","113.454165000","","","BT BR/EDR RF","22","0x0021c4f4","Transport: Any (BR 1Mbps), RF Channel: 51 (SP:  -77), Packet Type: Unknown"
"370","113.821260200","","","BT BR/EDR RF","22","0x004428a4","Transport: Any (BR 1Mbps), RF Channel: 23 (SP:  -73), Packet Type: Unknown"
"371","113.860573800","","","BT BR/EDR RF","22","0x0021c4f4","Transport: Any (BR 1Mbps), RF Channel: 55 (SP:  -73), Packet Type: Unknown"
"372","114.086935100","","","BT BR/EDR RF","22","0x0021c4f4","Transport: Any (BR 1Mbps), RF Channel: 10 (SP:  -33, NP:  -55), Packet Type: Unknown"
"373","114.087334700","","","BT BR/EDR RF","22","0x0021c4f4","Transport: Any (BR 1Mbps), RF Channel: 10 (SP:  -35, NP:  -55), Packet Type: Unknown"
"374","114.208908600","","","BT BR/EDR RF","22","0x004428a4","Transport: Any (BR 1Mbps), RF Channel: 27 (SP:  -70), Packet Type: Unknown"
"375","114.510732200","","","BT BR/EDR RF","22","0x004428a4","Transport: Any (BR 1Mbps), RF Channel: 46 (SP:  -76), Packet Type: Unknown"
"376","114.912406600","","","BT BR/EDR RF","22","0x0021c4f4","Transport: Any (BR 1Mbps), RF Channel: 50 (SP:  -69), Packet Type: Unknown"
"377","115.546248200","","","BT BR/EDR RF","22","0x0021c4f4","Transport: Any (BR 1Mbps), RF Channel: 56 (SP:  -72), Packet Type: Unknown"
"378","116.193912700","","","BT BR/EDR RF","22","0x002ff7a8","Transport: Any (BR 1Mbps), RF Channel: 47 (SP:    0, NP:  -55), Packet Type: Unknown"
"379","117.297623300","","","BT BR/EDR RF","22","0x004428a4","Transport: Any (BR 1Mbps), RF Channel: 42 (SP:  -74), Packet Type: Unknown"
"380","117.388773400","","","BT BR/EDR RF","22","0x0021c4f4","Transport: Any (BR 1Mbps), RF Channel: 59 (SP:  -41, NP:  -55), Packet Type: Unknown"
"381","117.886222200","","","BT BR/EDR RF","22","0x0021c4f4","Transport: Any (BR 1Mbps), RF Channel: 48 (SP:  -71), Packet Type: Unknown"
"382","118.406199600","","","BT BR/EDR RF","22","0x0021c4f4","Transport: Any (BR 1Mbps), RF Channel: 69 (SP:  -77), Packet Type: Unknown"
"383","118.676288700","","","BT BR/EDR RF","22","0x0021c4f4","Transport: Any (BR 1Mbps), RF Channel: 56 (SP:  -68), Packet Type: Unknown"
"384","118.827879500","","","BT BR/EDR RF","22","0x0021c4f4","Transport: Any (BR 1Mbps), RF Channel: 73 (SP:  -73), Packet Type: Unknown"
"385","120.779350600","","","BT BR/EDR RF","22","0x0021c4f4","Transport: Any (BR 1Mbps), RF Channel: 61 (SP:  -75), Packet Type: Unknown"
"386","121.304994000","","","BT BR/EDR RF","22","0x0021c4f4","Transport: Any (BR 1Mbps), RF Channel:  3 (SP:  -71), Packet Type: Unknown"
"387","121.574247700","","","BT BR/EDR RF","22","0x0021c4f4","Transport: Any (BR 1Mbps), RF Channel: 69 (SP:  -77), Packet Type: Unknown"
"388","121.697446200","","","BT BR/EDR RF","22","0x0021c4f4","Transport: Any (BR 1Mbps), RF Channel:  7 (SP:  -70), Packet Type: Unknown"
"389","122.083073700","","","BT BR/EDR RF","22","0x0021c4f4","Transport: Any (BR 1Mbps), RF Channel: 11 (SP:  -79), Packet Type: Unknown"
"390","123.265384700","","","BT BR/EDR RF","22","0x0021c4f4","Transport: Any (BR 1Mbps), RF Channel: 70 (SP:  -73), Packet Type: Unknown"
"391","123.654172100","","","BT BR/EDR RF","22","0x0021c4f4","Transport: Any (BR 1Mbps), RF Channel: 74 (SP:  -76), Packet Type: Unknown"
"392","123.767361300","","","BT BR/EDR RF","22","0x0021c4f4","Transport: Any (BR 1Mbps), RF Channel: 12 (SP:  -71), Packet Type: Unknown"
"393","124.159721000","","","BT BR/EDR RF","22","0x0021c4f4","Transport: Any (BR 1Mbps), RF Channel: 16 (SP:  -70), Packet Type: Unknown"
"394","124.799363000","","","BT BR/EDR RF","22","0x0021c4f4","Transport: Any (BR 1Mbps), RF Channel: 54 (SP:  -72), Packet Type: Unknown"
"395","125.204173100","","","BT BR/EDR RF","22","0x0021c4f4","Transport: Any (BR 1Mbps), RF Channel: 58 (SP:  -56), Packet Type: Unknown"
"396","125.204973300","","","BT BR/EDR RF","22","0x0021c4f4","Transport: Any (BR 1Mbps), RF Channel: 58 (SP:  -72), Packet Type: Unknown"
"397","125.720525400","","","BT BR/EDR RF","22","0x0021c4f4","Transport: Any (BR 1Mbps), RF Channel:  0 (SP:  -80), Packet Type: Unknown"
"398","126.011030000","","","BT BR/EDR RF","22","0x0021c4f4","Transport: Any (BR 1Mbps), RF Channel: 66 (SP:  -76), Packet Type: Unknown"
"399","126.142212800","","","BT BR/EDR RF","22","0x0021c4f4","Transport: Any (BR 1Mbps), RF Channel:  4 (SP:  -72), Packet Type: Unknown"
"400","126.411850000","","","BT BR/EDR RF","22","0x0021c4f4","Transport: Any (BR 1Mbps), RF Channel: 70 (SP:  -75), Packet Type: Unknown"
"401","126.919872300","","","BT BR/EDR RF","22","0x0021c4f4","Transport: Any (BR 1Mbps), RF Channel: 12 (SP:  -72), Packet Type: Unknown"
"402","127.367583500","","","BT BR/EDR RF","22","0x0033c420","Transport: Any (BR 1Mbps), RF Channel: 48 (SP:  -75), Packet Type: Unknown"
"403","127.689766200","","","BT BR/EDR RF","22","0x0021c4f4","Transport: Any (BR 1Mbps), RF Channel: 67 (SP:  -55), Packet Type: Unknown"
"404","127.985421800","","","BT BR/EDR RF","22","0x0021c4f4","Transport: Any (BR 1Mbps), RF Channel: 54 (SP:  -45, NP:  -55), Packet Type: Unknown"
"405","127.986221500","","","BT BR/EDR RF","22","0x0021c4f4","Transport: Any (BR 1Mbps), RF Channel: 54 (SP:  -45, NP:  -55), Packet Type: Unknown"
"406","128.084167200","","","BT BR/EDR RF","22","0x0021c4f4","Transport: Any (BR 1Mbps), RF Channel: 71 (SP:  -72), Packet Type: Unknown"
"407","128.484209200","","","BT BR/EDR RF","22","0x0021c4f4","Transport: Any (BR 1Mbps), RF Channel: 75 (SP:  -73), Packet Type: Unknown"
"408","129.347608900","","","BT BR/EDR RF","22","0x00ce1319","Transport: Any (BR 1Mbps), RF Channel: 36 (SP:  -79), Packet Type: Unknown"
"409","130.062960700","","","BT BR/EDR RF","22","0x0021c4f4","Transport: Any (BR 1Mbps), RF Channel: 59 (SP:  -65), Packet Type: Unknown"
"410","130.842191500","","","BT BR/EDR RF","22","0x0021c4f4","Transport: Any (BR 1Mbps), RF Channel: 67 (SP:  -79), Packet Type: Unknown"
"411","130.960585300","","","BT BR/EDR RF","22","0x0021c4f4","Transport: Any (BR 1Mbps), RF Channel:  5 (SP:  -73), Packet Type: Unknown"
"412","130.960985500","","","BT BR/EDR RF","22","0x0021c4f4","Transport: Any (BR 1Mbps), RF Channel:  5 (SP:  -73), Packet Type: Unknown"
"413","131.259059300","","","BT BR/EDR RF","22","0x0021c4f4","Transport: Any (BR 1Mbps), RF Channel: 71 (SP:  -73), Packet Type: Unknown"
"414","131.259860600","","","BT BR/EDR RF","22","0x0021c4f4","Transport: Any (BR 1Mbps), RF Channel: 71 (SP:  -73), Packet Type: Unknown"
"415","131.759886600","","","BT BR/EDR RF","22","0x0021c4f4","Transport: Any (BR 1Mbps), RF Channel: 13 (SP:  -70), Packet Type: Unknown"
"416","132.399075600","","","BT BR/EDR RF","22","0x0021c4f4","Transport: Any (BR 1Mbps), RF Channel: 51 (SP:  -72), Packet Type: Unknown"
"417","132.399877100","","","BT BR/EDR RF","22","0x0021c4f4","Transport: Any (BR 1Mbps), RF Channel: 51 (SP:  -70), Packet Type: Unknown"
"418","133.723518100","","","BT BR/EDR RF","22","0x0021c4f4","Transport: Any (BR 1Mbps), RF Channel:  1 (SP:  -32, NP:  -55), Packet Type: Unknown"
"419","133.953890400","","","BT BR/EDR RF","22","0x002ff7a8","Transport: Any (BR 1Mbps), RF Channel: 35 (SP:  -60), Packet Type: Unknown"
"420","134.115232900","","","BT BR/EDR RF","22","0x0021c4f4","Transport: Any (BR 1Mbps), RF Channel:  5 (SP:  -75), Packet Type: Unknown"
"421","134.116032100","","","BT BR/EDR RF","22","0x0021c4f4","Transport: Any (BR 1Mbps), RF Channel:  5 (SP:  -72), Packet Type: Unknown"
"422","135.674008700","","","BT BR/EDR RF","22","0x0021c4f4","Transport: Any (BR 1Mbps), RF Channel: 68 (SP:  -72), Packet Type: Unknown"
"423","135.799158100","","","BT BR/EDR RF","22","0x0021c4f4","Transport: Any (BR 1Mbps), RF Channel:  6 (SP:  -76), Packet Type: Unknown"
"424","137.236093200","","","BT BR/EDR RF","22","0x0021c4f4","Transport: Any (BR 1Mbps), RF Channel: 52 (SP:  -69), Packet Type: Unknown"
"425","137.770433000","","","BT BR/EDR RF","22","0x0021c4f4","Transport: Any (BR 1Mbps), RF Channel: 73 (SP:  -73), Packet Type: Unknown"
"426","138.058502100","","","BT BR/EDR RF","22","0x0021c4f4","Transport: Any (BR 1Mbps), RF Channel: 60 (SP:  -72), Packet Type: Unknown"
"427","138.570516000","","","BT BR/EDR RF","22","0x0021c4f4","Transport: Any (BR 1Mbps), RF Channel:  2 (SP:  -77), Packet Type: Unknown"
"428","138.570915800","","","BT BR/EDR RF","22","0x0021c4f4","Transport: Any (BR 1Mbps), RF Channel:  2 (SP:  -73), Packet Type: Unknown"
"429","139.995337600","","","BT BR/EDR RF","22","0x0021c4f4","Transport: Any (BR 1Mbps), RF Channel: 48 (SP:  -75), Packet Type: Unknown"
"430","140.144897600","","","BT BR/EDR RF","22","0x0021c4f4","Transport: Any (BR 1Mbps), RF Channel: 65 (SP:  -75), Packet Type: Unknown"
"431","140.415353400","","","BT BR/EDR RF","22","0x0021c4f4","Transport: Any (BR 1Mbps), RF Channel: 52 (SP:  -73), Packet Type: Unknown"
"432","140.416154600","","","BT BR/EDR RF","22","0x0021c4f4","Transport: Any (BR 1Mbps), RF Channel: 52 (SP:  -71), Packet Type: Unknown"
"433","140.536524100","","","BT BR/EDR RF","22","0x0021c4f4","Transport: Any (BR 1Mbps), RF Channel: 69 (SP:  -75), Packet Type: Unknown"
"434","141.452195200","","","BT BR/EDR RF","22","0x0021c4f4","Transport: Any (BR 1Mbps), RF Channel: 15 (SP:  -70), Packet Type: Unknown"
"435","142.091744000","","","BT BR/EDR RF","22","0x0021c4f4","Transport: Any (BR 1Mbps), RF Channel: 53 (SP:  -72), Packet Type: Unknown"
"436","142.114262200","","","BT BR/EDR RF","22","0x002ff7a8","Transport: Any (BR 1Mbps), RF Channel:  6 (SP:  -75), Packet Type: Unknown"
"437","142.860138100","","","BT BR/EDR RF","22","0x00fc41c3","Transport: Any (BR 1Mbps), RF Channel: 29 (SP:  -61), Packet Type: Unknown"
"438","143.407909000","","","BT BR/EDR RF","22","0x0021c4f4","Transport: Any (BR 1Mbps), RF Channel:  3 (SP:  -76), Packet Type: Unknown"
"439","143.408309000","","","BT BR/EDR RF","22","0x0021c4f4","Transport: Any (BR 1Mbps), RF Channel:  3 (SP:  -73), Packet Type: Unknown"
"440","143.811078700","","","BT BR/EDR RF","22","0x0021c4f4","Transport: Any (BR 1Mbps), RF Channel:  7 (SP:  -72), Packet Type: Unknown"
"441","144.860372200","","","BT BR/EDR RF","22","0x0021c4f4","Transport: Any (BR 1Mbps), RF Channel: 49 (SP:  -75), Packet Type: Unknown"
"442","145.758422700","","","BT BR/EDR RF","22","0x0021c4f4","Transport: Any (BR 1Mbps), RF Channel: 74 (SP:  -72), Packet Type: Unknown"
"443","147.463996200","","","BT BR/EDR RF","22","0x0021c4f4","Transport: Any (BR 1Mbps), RF Channel: 75 (SP:  -73), Packet Type: Unknown"
"444","147.464796500","","","BT BR/EDR RF","22","0x0021c4f4","Transport: Any (BR 1Mbps), RF Channel: 75 (SP:  -73), Packet Type: Unknown"
"445","147.740416700","","","BT BR/EDR RF","22","0x0021c4f4","Transport: Any (BR 1Mbps), RF Channel: 62 (SP:  -56), Packet Type: Unknown"
"446","148.242821600","","","BT BR/EDR RF","22","0x0021c4f4","Transport: Any (BR 1Mbps), RF Channel:  4 (SP:  -76), Packet Type: Unknown"
"447","148.663277600","","","BT BR/EDR RF","22","0x0021c4f4","Transport: Any (BR 1Mbps), RF Channel:  8 (SP:  -72), Packet Type: Unknown"
"448","149.314166300","","","BT BR/EDR RF","22","0x002ff7a8","Transport: Any (BR 1Mbps), RF Channel: 78 (SP:  -63), Packet Type: Unknown"
"449","150.092873600","","","BT BR/EDR RF","22","0x0021c4f4","Transport: Any (BR 1Mbps), RF Channel: 54 (SP:  -63), Packet Type: Unknown"
"450","150.093274100","","","BT BR/EDR RF","22","0x0021c4f4","Transport: Any (BR 1Mbps), RF Channel: 54 (SP:  -63), Packet Type: Unknown"
"451","150.221608700","","","BT BR/EDR RF","22","0x0021c4f4","Transport: Any (BR 1Mbps), RF Channel: 71 (SP:  -74), Packet Type: Unknown"
"452","150.328365800","","","BT BR/EDR RF","22","0x0021c4f4","Transport: Any (BR 1Mbps), RF Channel:  9 (SP:  -71), Packet Type: Unknown"
"453","150.616415000","","","BT BR/EDR RF","22","0x0021c4f4","Transport: Any (BR 1Mbps), RF Channel: 75 (SP:  -28, NP:  -55), Packet Type: Unknown"
"454","151.542836000","","","BT BR/EDR RF","22","0x0021c4f4","Transport: Any (BR 1Mbps), RF Channel: 21 (SP:  -81), Packet Type: Unknown"
"455","152.271573300","","","BT BR/EDR RF","22","0x0021c4f4","Transport: Any (BR 1Mbps), RF Channel: 76 (SP:  -72), Packet Type: Unknown"
"456","153.484018500","","","BT BR/EDR RF","22","0x0021c4f4","Transport: Any (BR 1Mbps), RF Channel:  9 (SP:  -79), Packet Type: Unknown"
"457","154.258253800","","","BT BR/EDR RF","22","0x0021c4f4","Transport: Any (BR 1Mbps), RF Channel: 64 (SP:  -74), Packet Type: Unknown"
"458","154.665956100","","","BT BR/EDR RF","22","0x0021c4f4","Transport: Any (BR 1Mbps), RF Channel: 68 (SP:  -77), Packet Type: Unknown"
"459","155.181550000","","","BT BR/EDR RF","22","0x0021c4f4","Transport: Any (BR 1Mbps), RF Channel: 10 (SP:  -78), Packet Type: Unknown"
"460","155.461572400","","","BT BR/EDR RF","22","0x0021c4f4","Transport: Any (BR 1Mbps), RF Channel: 76 (SP:  -73), Packet Type: Unknown"
"461","155.461973800","","","BT BR/EDR RF","22","0x0021c4f4","Transport: Any (BR 1Mbps), RF Channel: 76 (SP:  -73), Packet Type: Unknown"
"462","155.559521700","","","BT BR/EDR RF","22","0x0021c4f4","Transport: Any (BR 1Mbps), RF Channel: 14 (SP:  -37, NP:  -55), Packet Type: Unknown"
"463","156.610405200","","","BT BR/EDR RF","22","0x0021c4f4","Transport: Any (BR 1Mbps), RF Channel: 56 (SP:  -72), Packet Type: Unknown"
"464","156.610805300","","","BT BR/EDR RF","22","0x0021c4f4","Transport: Any (BR 1Mbps), RF Channel: 56 (SP:  -72), Packet Type: Unknown"
"465","157.001612500","","","BT BR/EDR RF","22","0x0021c4f4","Transport: Any (BR 1Mbps), RF Channel: 60 (SP:  -73), Packet Type: Unknown"
"466","157.120346400","","","BT BR/EDR RF","22","0x0021c4f4","Transport: Any (BR 1Mbps), RF Channel: 77 (SP:  -75), Packet Type: Unknown"
"467","157.510744700","","","BT BR/EDR RF","22","0x0021c4f4","Transport: Any (BR 1Mbps), RF Channel:  2 (SP:  -73), Packet Type: Unknown"
"468","158.738424400","","","BT BR/EDR RF","22","0x0021c4f4","Transport: Any (BR 1Mbps), RF Channel: 14 (SP:  -69), Packet Type: Unknown"
"469","158.978365900","","","BT BR/EDR RF","22","0x0021c4f4","Transport: Any (BR 1Mbps), RF Channel: 48 (SP:  -70), Packet Type: Unknown"
"470","159.372073700","","","BT BR/EDR RF","22","0x0021c4f4","Transport: Any (BR 1Mbps), RF Channel: 52 (SP:  -70), Packet Type: Unknown"
"471","159.765735300","","","BT BR/EDR RF","22","0x0021c4f4","Transport: Any (BR 1Mbps), RF Channel: 56 (SP:  -72), Packet Type: Unknown"
"472","160.392060000","","","BT BR/EDR RF","22","0x0021c4f4","Transport: Any (BR 1Mbps), RF Channel: 15 (SP:  -70), Packet Type: Unknown"
"473","160.824460500","","","BT BR/EDR RF","22","0x0021c4f4","Transport: Any (BR 1Mbps), RF Channel: 19 (SP:  -74), Packet Type: Unknown"
"474","161.462755600","","","BT BR/EDR RF","22","0x0021c4f4","Transport: Any (BR 1Mbps), RF Channel: 57 (SP:  -72), Packet Type: Unknown"
"475","162.264453300","","","BT BR/EDR RF","22","0x0021c4f4","Transport: Any (BR 1Mbps), RF Channel: 65 (SP:  -74), Packet Type: Unknown"
"476","162.378857300","","","BT BR/EDR RF","22","0x0021c4f4","Transport: Any (BR 1Mbps), RF Channel:  3 (SP:  -77), Packet Type: Unknown"
"477","162.643263800","","","BT BR/EDR RF","22","0x0021c4f4","Transport: Any (BR 1Mbps), RF Channel: 69 (SP:  -78), Packet Type: Unknown"
"478","163.583305400","","","BT BR/EDR RF","22","0x0021c4f4","Transport: Any (BR 1Mbps), RF Channel: 15 (SP:  -70), Packet Type: Unknown"
"479","164.593299700","","","BT BR/EDR RF","22","0x0021c4f4","Transport: Any (BR 1Mbps), RF Channel: 57 (SP:  -72), Packet Type: Unknown"
"480","164.867229100","","","BT BR/EDR RF","22","0x0021c4f4","Transport: Any (BR 1Mbps), RF Channel: 12 (SP:  -72), Packet Type: Unknown"
"481","165.540887600","","","BT BR/EDR RF","22","0x0021c4f4","Transport: Any (BR 1Mbps), RF Channel:  3 (SP:  -73), Packet Type: Unknown"
"482","165.632062300","","","BT BR/EDR RF","22","0x0021c4f4","Transport: Any (BR 1Mbps), RF Channel: 20 (SP:  -75), Packet Type: Unknown"
"483","166.303238300","","","BT BR/EDR RF","22","0x0021c4f4","Transport: Any (BR 1Mbps), RF Channel: 58 (SP:  -61), Packet Type: Unknown"
"484","167.197766400","","","BT BR/EDR RF","22","0x0021c4f4","Transport: Any (BR 1Mbps), RF Channel:  4 (SP:  -78), Packet Type: Unknown"
"485","168.424594500","","","BT BR/EDR RF","22","0x0021c4f4","Transport: Any (BR 1Mbps), RF Channel: 16 (SP:  -71), Packet Type: Unknown"
"486","169.063782000","","","BT BR/EDR RF","22","0x0021c4f4","Transport: Any (BR 1Mbps), RF Channel: 54 (SP:  -71), Packet Type: Unknown"
"487","170.371389800","","","BT BR/EDR RF","22","0x0021c4f4","Transport: Any (BR 1Mbps), RF Channel:  4 (SP:  -76), Packet Type: Unknown"
"488","170.372190600","","","BT BR/EDR RF","22","0x0021c4f4","Transport: Any (BR 1Mbps), RF Channel:  4 (SP:  -73), Packet Type: Unknown"
"489","170.476947200","","","BT BR/EDR RF","22","0x0021c4f4","Transport: Any (BR 1Mbps), RF Channel: 21 (SP:  -77), Packet Type: Unknown"
"490","171.148171200","","","BT BR/EDR RF","22","0x0021c4f4","Transport: Any (BR 1Mbps), RF Channel: 59 (SP:  -72), Packet Type: Unknown"
"491","171.394264700","","","BT BR/EDR RF","22","0x002ff7a8","Transport: Any (BR 1Mbps), RF Channel: 46 (SP:  -73), Packet Type: Unknown"
"492","172.345119500","","","BT BR/EDR RF","22","0x0021c4f4","Transport: Any (BR 1Mbps), RF Channel: 71 (SP:  -73), Packet Type: Unknown"
"493","172.859475200","","","BT BR/EDR RF","22","0x0021c4f4","Transport: Any (BR 1Mbps), RF Channel: 13 (SP:  -72), Packet Type: Unknown"
"494","173.261869000","","","BT BR/EDR RF","22","0x0021c4f4","Transport: Any (BR 1Mbps), RF Channel: 17 (SP:  -71), Packet Type: Unknown"
"495","173.482590100","","","BT BR/EDR RF","22","0x0021c4f4","Transport: Any (BR 1Mbps), RF Channel: 51 (SP:  -72), Packet Type: Unknown"
"496","173.483391500","","","BT BR/EDR RF","22","0x0021c4f4","Transport: Any (BR 1Mbps), RF Channel: 51 (SP:  -70), Packet Type: Unknown"
"497","174.699418400","","","BT BR/EDR RF","22","0x0021c4f4","Transport: Any (BR 1Mbps), RF Channel: 63 (SP:  -63), Packet Type: Unknown"
"498","174.824587600","","","BT BR/EDR RF","22","0x0021c4f4","Transport: Any (BR 1Mbps), RF Channel:  1 (SP:  -75), Packet Type: Unknown"
"499","176.783936600","","","BT BR/EDR RF","22","0x0021c4f4","Transport: Any (BR 1Mbps), RF Channel: 68 (SP:  -77), Packet Type: Unknown"
"500","177.168795100","","","BT BR/EDR RF","22","0x0021c4f4","Transport: Any (BR 1Mbps), RF Channel: 72 (SP:  -74), Packet Type: Unknown"
"501","177.279590700","","","BT BR/EDR RF","22","0x0021c4f4","Transport: Any (BR 1Mbps), RF Channel: 10 (SP:  -74), Packet Type: Unknown"
"502","178.324368800","","","BT BR/EDR RF","22","0x0021c4f4","Transport: Any (BR 1Mbps), RF Channel: 52 (SP:  -70), Packet Type: Unknown"
"503","178.712736300","","","BT BR/EDR RF","22","0x0021c4f4","Transport: Any (BR 1Mbps), RF Channel: 56 (SP:  -73), Packet Type: Unknown"
"504","178.713135700","","","BT BR/EDR RF","22","0x0021c4f4","Transport: Any (BR 1Mbps), RF Channel: 56 (SP:  -72), Packet Type: Unknown"
"505","179.241498700","","","BT BR/EDR RF","22","0x0021c4f4","Transport: Any (BR 1Mbps), RF Channel: 77 (SP:  -73), Packet Type: Unknown"
"506","179.519516000","","","BT BR/EDR RF","22","0x0021c4f4","Transport: Any (BR 1Mbps), RF Channel: 64 (SP:  -67), Packet Type: Unknown"
"507","179.633913600","","","BT BR/EDR RF","22","0x0021c4f4","Transport: Any (BR 1Mbps), RF Channel:  2 (SP:  -63), Packet Type: Unknown"
"508","179.634314600","","","BT BR/EDR RF","22","0x0021c4f4","Transport: Any (BR 1Mbps), RF Channel:  2 (SP:  -63), Packet Type: Unknown"
"509","179.789634700","","","BT BR/EDR RF","22","0x0021c4f4","Transport: Any (BR 1Mbps), RF Channel: 51 (SP:  -70), Packet Type: Unknown"
"510","180.047561000","","","BT BR/EDR RF","22","0x0021c4f4","Transport: Any (BR 1Mbps), RF Channel:  6 (SP:  -76), Packet Type: Unknown"
"511","180.451176200","","","BT BR/EDR RF","22","0x0021c4f4","Transport: Any (BR 1Mbps), RF Channel: 10 (SP:  -77), Packet Type: Unknown"
"512","180.451975900","","","BT BR/EDR RF","22","0x0021c4f4","Transport: Any (BR 1Mbps), RF Channel: 10 (SP:  -52, NP:  -55), Packet Type: Unknown"
"513","181.073219000","","","BT BR/EDR RF","22","0x0021c4f4","Transport: Any (BR 1Mbps), RF Channel: 48 (SP:  -76), Packet Type: Unknown"
"514","181.493308500","","","BT BR/EDR RF","22","0x0021c4f4","Transport: Any (BR 1Mbps), RF Channel: 52 (SP:  -73), Packet Type: Unknown"
"515","182.111258700","","","BT BR/EDR RF","22","0x0021c4f4","Transport: Any (BR 1Mbps), RF Channel: 11 (SP:  -78), Packet Type: Unknown"
"516","182.112059600","","","BT BR/EDR RF","22","0x0021c4f4","Transport: Any (BR 1Mbps), RF Channel: 11 (SP:  -76), Packet Type: Unknown"
"517","182.407714300","","","BT BR/EDR RF","22","0x0021c4f4","Transport: Any (BR 1Mbps), RF Channel: 77 (SP:  -69), Packet Type: Unknown"
"518","182.921274100","","","BT BR/EDR RF","22","0x0021c4f4","Transport: Any (BR 1Mbps), RF Channel: 19 (SP:  -79), Packet Type: Unknown"
"519","182.922075200","","","BT BR/EDR RF","22","0x0021c4f4","Transport: Any (BR 1Mbps), RF Channel: 19 (SP:  -77), Packet Type: Unknown"
"520","184.898910600","","","BT BR/EDR RF","22","0x0021c4f4","Transport: Any (BR 1Mbps), RF Channel:  7 (SP:  -79), Packet Type: Unknown"
"521","184.899311000","","","BT BR/EDR RF","22","0x0021c4f4","Transport: Any (BR 1Mbps), RF Channel:  7 (SP:  -78), Packet Type: Unknown"
"522","185.932508300","","","BT BR/EDR RF","22","0x0021c4f4","Transport: Any (BR 1Mbps), RF Channel: 49 (SP:  -75), Packet Type: Unknown"
"523","186.345659800","","","BT BR/EDR RF","22","0x0021c4f4","Transport: Any (BR 1Mbps), RF Channel: 53 (SP:  -68), Packet Type: Unknown"
"524","186.452413600","","","BT BR/EDR RF","22","0x0021c4f4","Transport: Any (BR 1Mbps), RF Channel: 70 (SP:  -77), Packet Type: Unknown"
"525","186.566383200","","","BT BR/EDR RF","22","0x0021c4f4","Transport: Any (BR 1Mbps), RF Channel:  8 (SP:  -76), Packet Type: Unknown"
"526","186.740125000","","","BT BR/EDR RF","22","0x0021c4f4","Transport: Any (BR 1Mbps), RF Channel: 57 (SP:  -73), Packet Type: Unknown"
"527","186.967639800","","","BT BR/EDR RF","22","0x0021c4f4","Transport: Any (BR 1Mbps), RF Channel: 12 (SP:  -79), Packet Type: Unknown"
"528","187.248896600","","","BT BR/EDR RF","22","0x0021c4f4","Transport: Any (BR 1Mbps), RF Channel: 78 (SP:  -73), Packet Type: Unknown"
"529","187.387686400","","","BT BR/EDR RF","22","0x0021c4f4","Transport: Any (BR 1Mbps), RF Channel: 16 (SP:  -79), Packet Type: Unknown"
"530","188.011330200","","","BT BR/EDR RF","22","0x0021c4f4","Transport: Any (BR 1Mbps), RF Channel: 54 (SP:  -70), Packet Type: Unknown"
"531","188.423708700","","","BT BR/EDR RF","22","0x0021c4f4","Transport: Any (BR 1Mbps), RF Channel: 58 (SP:  -62), Packet Type: Unknown"
"532","188.424507100","","","BT BR/EDR RF","22","0x0021c4f4","Transport: Any (BR 1Mbps), RF Channel: 58 (SP:  -72), Packet Type: Unknown"
"533","189.721326500","","","BT BR/EDR RF","22","0x0021c4f4","Transport: Any (BR 1Mbps), RF Channel:  8 (SP:  -79), Packet Type: Unknown"
"534","190.753011600","","","BT BR/EDR RF","22","0x0021c4f4","Transport: Any (BR 1Mbps), RF Channel: 50 (SP:  -73), Packet Type: Unknown"
"535","191.155084200","","","BT BR/EDR RF","22","0x0021c4f4","Transport: Any (BR 1Mbps), RF Channel: 54 (SP:  -69), Packet Type: Unknown"
"536","191.155484500","","","BT BR/EDR RF","22","0x0021c4f4","Transport: Any (BR 1Mbps), RF Channel: 54 (SP:  -69), Packet Type: Unknown"
"537","191.298649100","","","BT BR/EDR RF","22","0x0021c4f4","Transport: Any (BR 1Mbps), RF Channel: 71 (SP:  -73), Packet Type: Unknown"
"538","191.577496600","","","BT BR/EDR RF","22","0x0021c4f4","Transport: Any (BR 1Mbps), RF Channel: 58 (SP:  -44, NP:  -55), Packet Type: Unknown"
"539","191.685065000","","","BT BR/EDR RF","22","0x0021c4f4","Transport: Any (BR 1Mbps), RF Channel: 75 (SP:    0, NP:  -55), Packet Type: Unknown"
"540","191.827436700","","","BT BR/EDR RF","22","0x0021c4f4","Transport: Any (BR 1Mbps), RF Channel: 13 (SP:  -79), Packet Type: Unknown"
"541","192.101929200","","","BT BR/EDR RF","22","0x0021c4f4","Transport: Any (BR 1Mbps), RF Channel:  0 (SP:  -72), Packet Type: Unknown"
"542","192.621202500","","","BT BR/EDR RF","22","0x0021c4f4","Transport: Any (BR 1Mbps), RF Channel: 21 (SP:  -78), Packet Type: Unknown"
"543","192.622001800","","","BT BR/EDR RF","22","0x0021c4f4","Transport: Any (BR 1Mbps), RF Channel: 21 (SP:  -78), Packet Type: Unknown"
"544","192.838776500","","","BT BR/EDR RF","22","0x0021c4f4","Transport: Any (BR 1Mbps), RF Channel: 55 (SP:  -70), Packet Type: Unknown"
"545","193.258029200","","","BT BR/EDR RF","22","0x0021c4f4","Transport: Any (BR 1Mbps), RF Channel: 59 (SP:  -72), Packet Type: Unknown"
"546","194.188093800","","","BT BR/EDR RF","22","0x0021c4f4","Transport: Any (BR 1Mbps), RF Channel:  5 (SP:  -77), Packet Type: Unknown"
"547","194.451310400","","","BT BR/EDR RF","22","0x0021c4f4","Transport: Any (BR 1Mbps), RF Channel: 71 (SP:  -72), Packet Type: Unknown"
"548","194.561705100","","","BT BR/EDR RF","22","0x0021c4f4","Transport: Any (BR 1Mbps), RF Channel:  9 (SP:  -75), Packet Type: Unknown"
"549","195.993694600","","","BT BR/EDR RF","22","0x0021c4f4","Transport: Any (BR 1Mbps), RF Channel: 55 (SP:  -71), Packet Type: Unknown"
"550","195.994494300","","","BT BR/EDR RF","22","0x0021c4f4","Transport: Any (BR 1Mbps), RF Channel: 55 (SP:  -71), Packet Type: Unknown"
"551","196.131257500","","","BT BR/EDR RF","22","0x0021c4f4","Transport: Any (BR 1Mbps), RF Channel: 72 (SP:  -69), Packet Type: Unknown"
"552","196.420466100","","","BT BR/EDR RF","22","0x0021c4f4","Transport: Any (BR 1Mbps), RF Channel: 59 (SP:  -73), Packet Type: Unknown"
"553","197.689296600","","","BT BR/EDR RF","22","0x0021c4f4","Transport: Any (BR 1Mbps), RF Channel: 56 (SP:  -72), Packet Type: Unknown"
"554","198.498559700","","","BT BR/EDR RF","22","0x0021c4f4","Transport: Any (BR 1Mbps), RF Channel: 64 (SP:  -75), Packet Type: Unknown"
"555","198.608583100","","","BT BR/EDR RF","22","0x0021c4f4","Transport: Any (BR 1Mbps), RF Channel:  2 (SP:  -79), Packet Type: Unknown"
"556","198.878616500","","","BT BR/EDR RF","22","0x0021c4f4","Transport: Any (BR 1Mbps), RF Channel: 68 (SP:  -79), Packet Type: Unknown"
"557","199.011805400","","","BT BR/EDR RF","22","0x0021c4f4","Transport: Any (BR 1Mbps), RF Channel:  6 (SP:  -73), Packet Type: Unknown"
"558","199.421737500","","","BT BR/EDR RF","22","0x0021c4f4","Transport: Any (BR 1Mbps), RF Channel: 10 (SP:  -73), Packet Type: Unknown"
"559","199.801343500","","","BT BR/EDR RF","22","0x0021c4f4","Transport: Any (BR 1Mbps), RF Channel: 14 (SP:  -79), Packet Type: Unknown"
"560","199.801743200","","","BT BR/EDR RF","22","0x0021c4f4","Transport: Any (BR 1Mbps), RF Channel: 14 (SP:  -73), Packet Type: Unknown"
"561","200.060441900","","","BT BR/EDR RF","22","0x0021c4f4","Transport: Any (BR 1Mbps), RF Channel: 48 (SP:  -74), Packet Type: Unknown"
"562","201.251790700","","","BT BR/EDR RF","22","0x0021c4f4","Transport: Any (BR 1Mbps), RF Channel: 60 (SP:  -72), Packet Type: Unknown"
"563","201.377340700","","","BT BR/EDR RF","22","0x0021c4f4","Transport: Any (BR 1Mbps), RF Channel: 77 (SP:  -72), Packet Type: Unknown"
"564","202.154962900","","","BT BR/EDR RF","22","0x0021c4f4","Transport: Any (BR 1Mbps), RF Channel:  6 (SP:  -76), Packet Type: Unknown"
"565","202.310647700","","","BT BR/EDR RF","22","0x0021c4f4","Transport: Any (BR 1Mbps), RF Channel: 55 (SP:  -60), Packet Type: Unknown"
"566","203.214955800","","","BT BR/EDR RF","22","0x0021c4f4","Transport: Any (BR 1Mbps), RF Channel: 48 (SP:  -77), Packet Type: Unknown"
"567","203.464149100","","","BT BR/EDR RF","22","0x0021c4f4","Transport: Any (BR 1Mbps), RF Channel:  3 (SP:  -77), Packet Type: Unknown"
"568","203.723785200","","","BT BR/EDR RF","22","0x0021c4f4","Transport: Any (BR 1Mbps), RF Channel: 69 (SP:  -76), Packet Type: Unknown"
"569","203.856179800","","","BT BR/EDR RF","22","0x0021c4f4","Transport: Any (BR 1Mbps), RF Channel:  7 (SP:  -75), Packet Type: Unknown"
"570","204.258186800","","","BT BR/EDR RF","22","0x0021c4f4","Transport: Any (BR 1Mbps), RF Channel: 11 (SP:  -75), Packet Type: Unknown"
"571","204.898082300","","","BT BR/EDR RF","22","0x0021c4f4","Transport: Any (BR 1Mbps), RF Channel: 49 (SP:  -72), Packet Type: Unknown"
"572","205.300529500","","","BT BR/EDR RF","22","0x0021c4f4","Transport: Any (BR 1Mbps), RF Channel: 53 (SP:  -54, NP:  -55), Packet Type: Unknown"
"573","205.703798500","","","BT BR/EDR RF","22","0x0021c4f4","Transport: Any (BR 1Mbps), RF Channel: 57 (SP:  -70), Packet Type: Unknown"
"574","206.073014100","","","BT BR/EDR RF","22","0x0021c4f4","Transport: Any (BR 1Mbps), RF Channel: 61 (SP:  -73), Packet Type: Unknown"
"575","207.766129600","","","BT BR/EDR RF","22","0x0021c4f4","Transport: Any (BR 1Mbps), RF Channel: 62 (SP:  -65), Packet Type: Unknown"
"576","208.045067200","","","BT BR/EDR RF","22","0x0021c4f4","Transport: Any (BR 1Mbps), RF Channel: 49 (SP:  -72), Packet Type: Unknown"
"577","208.307386000","","","BT BR/EDR RF","22","0x0021c4f4","Transport: Any (BR 1Mbps), RF Channel:  4 (SP:  -81), Packet Type: Unknown"
"578","208.455500300","","","BT BR/EDR RF","22","0x0021c4f4","Transport: Any (BR 1Mbps), RF Channel: 53 (SP:  -66), Packet Type: Unknown"
"579","208.582271100","","","BT BR/EDR RF","22","0x0021c4f4","Transport: Any (BR 1Mbps), RF Channel: 70 (SP:  -72), Packet Type: Unknown"
"580","208.583069600","","","BT BR/EDR RF","22","0x0021c4f4","Transport: Any (BR 1Mbps), RF Channel: 70 (SP:  -72), Packet Type: Unknown"
"581","208.696627000","","","BT BR/EDR RF","22","0x0021c4f4","Transport: Any (BR 1Mbps), RF Channel:  8 (SP:  -77), Packet Type: Unknown"
"582","209.484273700","","","BT BR/EDR RF","22","0x0021c4f4","Transport: Any (BR 1Mbps), RF Channel: 16 (SP:  -75), Packet Type: Unknown"
"583","210.145050600","","","BT BR/EDR RF","22","0x0021c4f4","Transport: Any (BR 1Mbps), RF Channel: 54 (SP:  -70), Packet Type: Unknown"
"584","211.188748400","","","BT BR/EDR RF","22","0x0021c4f4","Transport: Any (BR 1Mbps), RF Channel: 49 (SP:  -75), Packet Type: Unknown"
"585","211.463514600","","","BT BR/EDR RF","22","0x0021c4f4","Transport: Any (BR 1Mbps), RF Channel:  4 (SP:  -80), Packet Type: Unknown"
"586","211.464313400","","","BT BR/EDR RF","22","0x0021c4f4","Transport: Any (BR 1Mbps), RF Channel:  4 (SP:  -75), Packet Type: Unknown"
"587","212.581769500","","","BT BR/EDR RF","22","0x002ff7a8","Transport: Any (BR 1Mbps), RF Channel: 31 (SP:  -64), Packet Type: Unknown"
"588","212.613484700","","","BT BR/EDR RF","22","0x0021c4f4","Transport: Any (BR 1Mbps), RF Channel: 63 (SP:  -75), Packet Type: Unknown"
"589","212.614284000","","","BT BR/EDR RF","22","0x0021c4f4","Transport: Any (BR 1Mbps), RF Channel: 63 (SP:  -75), Packet Type: Unknown"
"590","212.711094200","","","BT BR/EDR RF","22","0x002ff7a8","Transport: Any (BR 1Mbps), RF Channel:  1 (SP:  -81), Packet Type: Unknown"
"591","213.415990300","","","BT BR/EDR RF","22","0x0021c4f4","Transport: Any (BR 1Mbps), RF Channel: 71 (SP:  -62), Packet Type: Unknown"
"592","213.444104200","","","BT BR/EDR RF","22","0x002ff7a8","Transport: Any (BR 1Mbps), RF Channel: 24 (SP:  -64), Packet Type: Unknown"
"593","214.052373400","","","BT BR/EDR RF","22","0x002ff7a8","Transport: Any (BR 1Mbps), RF Channel: 30 (SP:  -77), Packet Type: Unknown"
"594","214.138596300","","","BT BR/EDR RF","22","0x002ff7a8","Transport: Any (BR 1Mbps), RF Channel: 15 (SP:  -70), Packet Type: Unknown"
"595","214.138995800","","","BT BR/EDR RF","22","0x002ff7a8","Transport: Any (BR 1Mbps), RF Channel: 15 (SP:  -70), Packet Type: Unknown"
"596","214.372186300","","","BT BR/EDR RF","22","0x002ff7a8","Transport: Any (BR 1Mbps), RF Channel: 49 (SP:  -72), Packet Type: Unknown"
"597","214.737264800","","","BT BR/EDR RF","22","0x0021c4f4","Transport: Any (BR 1Mbps), RF Channel: 21 (SP:  -76), Packet Type: Unknown"
"598","215.322333400","","","BT BR/EDR RF","22","0x002ff7a8","Transport: Any (BR 1Mbps), RF Channel: 27 (SP:  -77), Packet Type: Unknown"
"599","215.780489000","","","BT BR/EDR RF","22","0x0021c4f4","Transport: Any (BR 1Mbps), RF Channel: 63 (SP:  -73), Packet Type: Unknown"
"600","216.167314300","","","BT BR/EDR RF","22","0x0021c4f4","Transport: Any (BR 1Mbps), RF Channel: 67 (SP:  -77), Packet Type: Unknown"
"601","216.249626400","","","BT BR/EDR RF","22","0x002ff7a8","Transport: Any (BR 1Mbps), RF Channel: 52 (SP:  -73), Packet Type: Unknown"
"602","216.393319700","","","BT BR/EDR RF","22","0x002ff7a8","Transport: Any (BR 1Mbps), RF Channel: 22 (SP:  -78), Packet Type: Unknown"
"603","216.459822300","","","BT BR/EDR RF","22","0x002ff7a8","Transport: Any (BR 1Mbps), RF Channel: 54 (SP:  -50, NP:  -55), Packet Type: Unknown"
"604","216.702933500","","","BT BR/EDR RF","22","0x0021c4f4","Transport: Any (BR 1Mbps), RF Channel:  9 (SP:  -75), Packet Type: Unknown"
"605","217.179601100","","","BT BR/EDR RF","22","0x002ff7a8","Transport: Any (BR 1Mbps), RF Channel: 77 (SP:  -72), Packet Type: Unknown"
"606","217.180403700","","","BT BR/EDR RF","22","0x002ff7a8","Transport: Any (BR 1Mbps), RF Channel: 77 (SP:  -72), Packet Type: Unknown"
"607","217.443700600","","","BT BR/EDR RF","22","0x0021c4f4","Transport: Any (BR 1Mbps), RF Channel: 64 (SP:  -78), Packet Type: Unknown"
"608","217.745398200","","","BT BR/EDR RF","22","0x0021c4f4","Transport: Any (BR 1Mbps), RF Channel: 51 (SP:  -71), Packet Type: Unknown"
"609","217.860560500","","","BT BR/EDR RF","22","0x0021c4f4","Transport: Any (BR 1Mbps), RF Channel: 68 (SP:  -79), Packet Type: Unknown"
"610","217.902299300","","","BT BR/EDR RF","22","0x002ff7a8","Transport: Any (BR 1Mbps), RF Channel: 21 (SP:  -78), Packet Type: Unknown"
"611","218.640925400","","","BT BR/EDR RF","22","0x0021c4f4","Transport: Any (BR 1Mbps), RF Channel: 76 (SP:  -71), Packet Type: Unknown"
"612","219.403740400","","","BT BR/EDR RF","22","0x0021c4f4","Transport: Any (BR 1Mbps), RF Channel: 52 (SP:  -72), Packet Type: Unknown"
"613","220.217800000","","","BT BR/EDR RF","22","0x0021c4f4","Transport: Any (BR 1Mbps), RF Channel: 60 (SP:  -75), Packet Type: Unknown"
"614","220.344582700","","","BT BR/EDR RF","22","0x002ff7a8","Transport: Any (BR 1Mbps), RF Channel: 77 (SP:    0, NP:  -55), Packet Type: Unknown"
"615","220.379500200","","","BT BR/EDR RF","22","0x002ff7a8","Transport: Any (BR 1Mbps), RF Channel: 30 (SP:  -57), Packet Type: Unknown"
"616","220.577754800","","","BT BR/EDR RF","22","0x002ff7a8","Transport: Any (BR 1Mbps), RF Channel: 32 (SP:  -76), Packet Type: Unknown"
"617","220.729061400","","","BT BR/EDR RF","22","0x0021c4f4","Transport: Any (BR 1Mbps), RF Channel:  2 (SP:  -75), Packet Type: Unknown"
"618","221.854036500","","","BT BR/EDR RF","22","0x002ff7a8","Transport: Any (BR 1Mbps), RF Channel: 29 (SP:  -71), Packet Type: Unknown"
"619","222.672284000","","","BT BR/EDR RF","22","0x0021c4f4","Transport: Any (BR 1Mbps), RF Channel: 69 (SP:  -74), Packet Type: Unknown"
"620","223.501540900","","","BT BR/EDR RF","22","0x0021c4f4","Transport: Any (BR 1Mbps), RF Channel: 77 (SP:  -81), Packet Type: Unknown"
"621","223.522058600","","","BT BR/EDR RF","22","0x002ff7a8","Transport: Any (BR 1Mbps), RF Channel: 30 (SP:  -64), Packet Type: Unknown"
"622","223.616685600","","","BT BR/EDR RF","22","0x0021c4f4","Transport: Any (BR 1Mbps), RF Channel: 15 (SP:  -78), Packet Type: Unknown"
"623","223.774763600","","","BT BR/EDR RF","22","0x002ff7a8","Transport: Any (BR 1Mbps), RF Channel: 64 (SP:  -74), Packet Type: Unknown"
"624","223.785965500","","","BT BR/EDR RF","22","0x002ff7a8","Transport: Any (BR 1Mbps), RF Channel: 64 (SP:  -72), Packet Type: Unknown"
"625","224.492183500","","","BT BR/EDR RF","22","0x002ff7a8","Transport: Any (BR 1Mbps), RF Channel:  8 (SP:  -78), Packet Type: Unknown"
"626","224.640271500","","","BT BR/EDR RF","22","0x0021c4f4","Transport: Any (BR 1Mbps), RF Channel: 57 (SP:  -70), Packet Type: Unknown"
"627","225.163501200","","","BT BR/EDR RF","22","0x0021c4f4","Transport: Any (BR 1Mbps), RF Channel: 78 (SP:  -72), Packet Type: Unknown"
"628","225.556812000","","","BT BR/EDR RF","22","0x0021c4f4","Transport: Any (BR 1Mbps), RF Channel:  3 (SP:  -52, NP:  -55), Packet Type: Unknown"
"629","225.889444500","","","BT BR/EDR RF","22","0x002ff7a8","Transport: Any (BR 1Mbps), RF Channel: 22 (SP:  -34, NP:  -55), Packet Type: Unknown"
"630","225.891445300","","","BT BR/EDR RF","22","0x002ff7a8","Transport: Any (BR 1Mbps), RF Channel: 22 (SP:  -33, NP:  -55), Packet Type: Unknown"
"631","225.969287800","","","BT BR/EDR RF","22","0x0021c4f4","Transport: Any (BR 1Mbps), RF Channel:  7 (SP:  -73), Packet Type: Unknown"
"632","226.194082100","","","BT BR/EDR RF","22","0x002ff7a8","Transport: Any (BR 1Mbps), RF Channel: 41 (SP:  -21, NP:  -55), Packet Type: Unknown"
"633","226.382953300","","","BT BR/EDR RF","22","0x0021c4f4","Transport: Any (BR 1Mbps), RF Channel: 11 (SP:  -31, NP:  -55), Packet Type: Unknown"
"634","226.439598700","","","BT BR/EDR RF","22","0x002ff7a8","Transport: Any (BR 1Mbps), RF Channel: 75 (SP:  -31, NP:  -55), Packet Type: Unknown"
"635","227.002897500","","","BT BR/EDR RF","22","0x0021c4f4","Transport: Any (BR 1Mbps), RF Channel: 49 (SP:  -68), Packet Type: Unknown"
"636","227.129313300","","","BT BR/EDR RF","22","0x0021c4f4","Transport: Any (BR 1Mbps), RF Channel: 66 (SP:  -73), Packet Type: Unknown"
"637","227.418520900","","","BT BR/EDR RF","22","0x0021c4f4","Transport: Any (BR 1Mbps), RF Channel: 53 (SP:  -52, NP:  -55), Packet Type: Unknown"
"638","227.563405700","","","BT BR/EDR RF","22","0x002ff7a8","Transport: Any (BR 1Mbps), RF Channel: 23 (SP:  -30, NP:  -55), Packet Type: Unknown"
"639","227.979459700","","","BT BR/EDR RF","22","0x002ff7a8","Transport: Any (BR 1Mbps), RF Channel: 27 (SP:  -78), Packet Type: Unknown"
"640","228.461725500","","","BT BR/EDR RF","22","0x0021c4f4","Transport: Any (BR 1Mbps), RF Channel: 16 (SP:  -71), Packet Type: Unknown"
"641","228.700140500","","","BT BR/EDR RF","22","0x002ff7a8","Transport: Any (BR 1Mbps), RF Channel: 50 (SP:  -78), Packet Type: Unknown"
"642","228.725850500","","","BT BR/EDR RF","22","0x0021c4f4","Transport: Any (BR 1Mbps), RF Channel:  3 (SP:  -82), Packet Type: Unknown"
"643","228.863011900","","","BT BR/EDR RF","22","0x0021c4f4","Transport: Any (BR 1Mbps), RF Channel: 20 (SP:  -75), Packet Type: Unknown"
"644","229.371418900","","","BT BR/EDR RF","22","0x002ff7a8","Transport: Any (BR 1Mbps), RF Channel: 41 (SP:  -21, NP:  -55), Packet Type: Unknown"
"645","229.582053100","","","BT BR/EDR RF","22","0x002ff7a8","Transport: Any (BR 1Mbps), RF Channel: 43 (SP:  -36, NP:  -55), Packet Type: Unknown"
"646","230.009004700","","","BT BR/EDR RF","22","0x0021c4f4","Transport: Any (BR 1Mbps), RF Channel:  0 (SP:  -73), Packet Type: Unknown"
"647","230.342063400","","","BT BR/EDR RF","22","0x002ff7a8","Transport: Any (BR 1Mbps), RF Channel: 19 (SP:  -28, NP:  -55), Packet Type: Unknown"
"648","230.344064700","","","BT BR/EDR RF","22","0x002ff7a8","Transport: Any (BR 1Mbps), RF Channel: 19 (SP:  -21, NP:  -55), Packet Type: Unknown"
"649","230.805869500","","","BT BR/EDR RF","22","0x0021c4f4","Transport: Any (BR 1Mbps), RF Channel:  8 (SP:  -80), Packet Type: Unknown"
"650","230.806670800","","","BT BR/EDR RF","22","0x0021c4f4","Transport: Any (BR 1Mbps), RF Channel:  8 (SP:  -72), Packet Type: Unknown"
"651","231.201901700","","","BT BR/EDR RF","22","0x002ff7a8","Transport: Any (BR 1Mbps), RF Channel: 12 (SP:  -76), Packet Type: Unknown"
"652","231.203904400","","","BT BR/EDR RF","22","0x002ff7a8","Transport: Any (BR 1Mbps), RF Channel: 12 (SP:  -72), Packet Type: Unknown"
"653","232.319493200","","","BT BR/EDR RF","22","0x002ff7a8","Transport: Any (BR 1Mbps), RF Channel: 39 (SP:  -28, NP:  -55), Packet Type: Unknown"
"654","232.376013600","","","BT BR/EDR RF","22","0x0021c4f4","Transport: Any (BR 1Mbps), RF Channel: 71 (SP:  -70), Packet Type: Unknown"
"655","232.778401600","","","BT BR/EDR RF","22","0x0021c4f4","Transport: Any (BR 1Mbps), RF Channel: 75 (SP:  -51, NP:  -55), Packet Type: Unknown"
"656","232.905936400","","","BT BR/EDR RF","22","0x0021c4f4","Transport: Any (BR 1Mbps), RF Channel: 13 (SP:  -75), Packet Type: Unknown"
"657","232.968982300","","","BT BR/EDR RF","22","0x002ff7a8","Transport: Any (BR 1Mbps), RF Channel: 77 (SP:    0, NP:  -55), Packet Type: Unknown"
"658","233.707223700","","","BT BR/EDR RF","22","0x0021c4f4","Transport: Any (BR 1Mbps), RF Channel: 21 (SP:  -77), Packet Type: Unknown"
"659","233.708025600","","","BT BR/EDR RF","22","0x0021c4f4","Transport: Any (BR 1Mbps), RF Channel: 21 (SP:  -77), Packet Type: Unknown"
"660","234.297067200","","","BT BR/EDR RF","22","0x002ff7a8","Transport: Any (BR 1Mbps), RF Channel: 27 (SP:  -72), Packet Type: Unknown"
"661","234.318387000","","","BT BR/EDR RF","22","0x0021c4f4","Transport: Any (BR 1Mbps), RF Channel: 59 (SP:  -81), Packet Type: Unknown"
"662","234.319186800","","","BT BR/EDR RF","22","0x0021c4f4","Transport: Any (BR 1Mbps), RF Channel: 59 (SP:  -73), Packet Type: Unknown"
"663","234.691891300","","","BT BR/EDR RF","22","0x002ff7a8","Transport: Any (BR 1Mbps), RF Channel: 31 (SP:  -49, NP:  -55), Packet Type: Unknown"
"664","234.728421700","","","BT BR/EDR RF","22","0x0021c4f4","Transport: Any (BR 1Mbps), RF Channel: 63 (SP:  -79), Packet Type: Unknown"
"665","235.130854300","","","BT BR/EDR RF","22","0x0021c4f4","Transport: Any (BR 1Mbps), RF Channel: 67 (SP:  -79), Packet Type: Unknown"
"666","235.238444700","","","BT BR/EDR RF","22","0x0021c4f4","Transport: Any (BR 1Mbps), RF Channel:  5 (SP:  -79), Packet Type: Unknown"
"667","235.239242400","","","BT BR/EDR RF","22","0x0021c4f4","Transport: Any (BR 1Mbps), RF Channel:  5 (SP:  -73), Packet Type: Unknown"
"668","235.479568900","","","BT BR/EDR RF","22","0x002ff7a8","Transport: Any (BR 1Mbps), RF Channel: 39 (SP:    0, NP:  -55), Packet Type: Unknown"
"669","235.649659700","","","BT BR/EDR RF","22","0x0021c4f4","Transport: Any (BR 1Mbps), RF Channel:  9 (SP:  -77), Packet Type: Unknown"
"670","235.946906000","","","BT BR/EDR RF","22","0x002ff7a8","Transport: Any (BR 1Mbps), RF Channel: 75 (SP:    0, NP:  -55), Packet Type: Unknown"
"671","237.096059200","","","BT BR/EDR RF","22","0x0021c4f4","Transport: Any (BR 1Mbps), RF Channel: 55 (SP:  -69), Packet Type: Unknown"
"672","237.096459100","","","BT BR/EDR RF","22","0x0021c4f4","Transport: Any (BR 1Mbps), RF Channel: 55 (SP:  -69), Packet Type: Unknown"
"673","237.224830100","","","BT BR/EDR RF","22","0x0021c4f4","Transport: Any (BR 1Mbps), RF Channel: 72 (SP:  -71), Packet Type: Unknown"
"674","237.489699500","","","BT BR/EDR RF","22","0x0021c4f4","Transport: Any (BR 1Mbps), RF Channel: 59 (SP:  -72), Packet Type: Unknown"
"675","238.146049000","","","BT BR/EDR RF","22","0x0021c4f4","Transport: Any (BR 1Mbps), RF Channel: 18 (SP:  -79), Packet Type: Unknown"
"676","238.146449000","","","BT BR/EDR RF","22","0x0021c4f4","Transport: Any (BR 1Mbps), RF Channel: 18 (SP:  -73), Packet Type: Unknown"
"677","238.379609500","","","BT BR/EDR RF","22","0x002ff7a8","Transport: Any (BR 1Mbps), RF Channel: 52 (SP:  -74), Packet Type: Unknown"
"678","238.418942800","","","BT BR/EDR RF","22","0x0021c4f4","Transport: Any (BR 1Mbps), RF Channel:  5 (SP:  -73), Packet Type: Unknown"
"679","238.451865400","","","BT BR/EDR RF","22","0x002ff7a8","Transport: Any (BR 1Mbps), RF Channel: 37 (SP:  -76), Packet Type: Unknown"
"680","238.561850500","","","BT BR/EDR RF","22","0x002ff7a8","Transport: Any (BR 1Mbps), RF Channel: 54 (SP:  -63), Packet Type: Unknown"
"681","238.563851200","","","BT BR/EDR RF","22","0x002ff7a8","Transport: Any (BR 1Mbps), RF Channel: 54 (SP:  -72), Packet Type: Unknown"
"682","239.768299000","","","BT BR/EDR RF","22","0x002ff7a8","Transport: Any (BR 1Mbps), RF Channel: 66 (SP:    0, NP:  -55), Packet Type: Unknown"
"683","239.855342100","","","BT BR/EDR RF","22","0x0021c4f4","Transport: Any (BR 1Mbps), RF Channel: 51 (SP:  -70), Packet Type: Unknown"
"684","239.968485100","","","BT BR/EDR RF","22","0x0021c4f4","Transport: Any (BR 1Mbps), RF Channel: 68 (SP:  -76), Packet Type: Unknown"
"685","239.987685500","","","BT BR/EDR RF","22","0x002ff7a8","Transport: Any (BR 1Mbps), RF Channel: 68 (SP:    0, NP:  -55), Packet Type: Unknown"
"686","240.104031600","","","BT BR/EDR RF","22","0x0021c4f4","Transport: Any (BR 1Mbps), RF Channel:  6 (SP:  -72), Packet Type: Unknown"
"687","240.170277700","","","BT BR/EDR RF","22","0x002ff7a8","Transport: Any (BR 1Mbps), RF Channel: 70 (SP:    0, NP:  -55), Packet Type: Unknown"
"688","241.276559800","","","BT BR/EDR RF","22","0x0021c4f4","Transport: Any (BR 1Mbps), RF Channel: 18 (SP:  -63), Packet Type: Unknown"
"689","241.512175200","","","BT BR/EDR RF","22","0x0021c4f4","Transport: Any (BR 1Mbps), RF Channel: 52 (SP:  -73), Packet Type: Unknown"
"690","241.924588500","","","BT BR/EDR RF","22","0x0021c4f4","Transport: Any (BR 1Mbps), RF Channel: 56 (SP:  -72), Packet Type: Unknown"
"691","241.925387300","","","BT BR/EDR RF","22","0x0021c4f4","Transport: Any (BR 1Mbps), RF Channel: 56 (SP:  -72), Packet Type: Unknown"
"692","242.458997800","","","BT BR/EDR RF","22","0x0021c4f4","Transport: Any (BR 1Mbps), RF Channel: 77 (SP:  -73), Packet Type: Unknown"
"693","242.491924500","","","BT BR/EDR RF","22","0x002ff7a8","Transport: Any (BR 1Mbps), RF Channel: 30 (SP:  -74), Packet Type: Unknown"
"694","243.251472400","","","BT BR/EDR RF","22","0x0021c4f4","Transport: Any (BR 1Mbps), RF Channel:  6 (SP:  -73), Packet Type: Unknown"
"695","244.138226300","","","BT BR/EDR RF","22","0x002ff7a8","Transport: Any (BR 1Mbps), RF Channel: 78 (SP:  -66), Packet Type: Unknown"
"696","244.274759600","","","BT BR/EDR RF","22","0x0021c4f4","Transport: Any (BR 1Mbps), RF Channel: 48 (SP:  -75), Packet Type: Unknown"
"697","244.275159100","","","BT BR/EDR RF","22","0x0021c4f4","Transport: Any (BR 1Mbps), RF Channel: 48 (SP:  -72), Packet Type: Unknown"
"698","244.279560600","","","BT BR/EDR RF","22","0x002ff7a8","Transport: Any (BR 1Mbps), RF Channel: 48 (SP:    0, NP:  -55), Packet Type: Unknown"
"699","244.279962300","","","BT BR/EDR RF","22","0x002ff7a8","Transport: Any (BR 1Mbps), RF Channel: 48 (SP:    0, NP:  -55), Packet Type: Unknown"
"700","244.481817600","","","BT BR/EDR RF","22","0x002ff7a8","Transport: Any (BR 1Mbps), RF Channel: 50 (SP:  -74), Packet Type: Unknown"
"701","244.911538000","","","BT BR/EDR RF","22","0x0021c4f4","Transport: Any (BR 1Mbps), RF Channel:  7 (SP:  -71), Packet Type: Unknown"
"702","245.207237200","","","BT BR/EDR RF","22","0x0021c4f4","Transport: Any (BR 1Mbps), RF Channel: 73 (SP:  -71), Packet Type: Unknown"
"703","245.763684200","","","BT BR/EDR RF","22","0x002ff7a8","Transport: Any (BR 1Mbps), RF Channel: 47 (SP:  -70), Packet Type: Unknown"
"704","245.813817600","","","BT BR/EDR RF","22","0x0029cfc6","Transport: Any (BR 1Mbps), RF Channel:  0 (SP:  -80), Packet Type: Unknown"
"705","246.087433000","","","BT BR/EDR RF","22","0x002ff7a8","Transport: Any (BR 1Mbps), RF Channel: 66 (SP:    0, NP:  -55), Packet Type: Unknown"
"706","246.122751700","","","BT BR/EDR RF","22","0x0021c4f4","Transport: Any (BR 1Mbps), RF Channel: 19 (SP:  -74), Packet Type: Unknown"
"707","246.367089200","","","BT BR/EDR RF","22","0x002ff7a8","Transport: Any (BR 1Mbps), RF Channel: 53 (SP:  -72), Packet Type: Unknown"
"708","247.179563600","","","BT BR/EDR RF","22","0x0021c4f4","Transport: Any (BR 1Mbps), RF Channel: 61 (SP:  -38, NP:  -55), Packet Type: Unknown"
"709","247.639429200","","","BT BR/EDR RF","22","0x002ff7a8","Transport: Any (BR 1Mbps), RF Channel: 50 (SP:  -73), Packet Type: Unknown"
"710","248.077613400","","","BT BR/EDR RF","22","0x0021c4f4","Transport: Any (BR 1Mbps), RF Channel:  7 (SP:  -71), Packet Type: Unknown"
"711","248.178274800","","","BT BR/EDR RF","22","0x002ff7a8","Transport: Any (BR 1Mbps), RF Channel: 71 (SP:    0, NP:  -55), Packet Type: Unknown"
"712","248.178675400","","","BT BR/EDR RF","22","0x002ff7a8","Transport: Any (BR 1Mbps), RF Channel: 71 (SP:    0, NP:  -55), Packet Type: Unknown"
"713","248.840289600","","","BT BR/EDR RF","22","0x0021c4f4","Transport: Any (BR 1Mbps), RF Channel: 62 (SP:  -63), Packet Type: Unknown"
"714","249.540352300","","","BT BR/EDR RF","22","0x0021c4f4","Transport: Any (BR 1Mbps), RF Channel: 53 (SP:  -70), Packet Type: Unknown"
"715","249.623008300","","","BT BR/EDR RF","22","0x002ff7a8","Transport: Any (BR 1Mbps), RF Channel: 38 (SP:    0, NP:  -55), Packet Type: Unknown"
"716","249.761474200","","","BT BR/EDR RF","22","0x0021c4f4","Transport: Any (BR 1Mbps), RF Channel:  8 (SP:  -70), Packet Type: Unknown"
"717","250.982865100","","","BT BR/EDR RF","22","0x0021c4f4","Transport: Any (BR 1Mbps), RF Channel: 20 (SP:  -73), Packet Type: Unknown"
"718","251.087633300","","","BT BR/EDR RF","22","0x002ff7a8","Transport: Any (BR 1Mbps), RF Channel: 37 (SP:    0, NP:  -55), Packet Type: Unknown"
"719","251.725970400","","","BT BR/EDR RF","22","0x0021c4f4","Transport: Any (BR 1Mbps), RF Channel: 75 (SP:  -72), Packet Type: Unknown"
"720","252.656770300","","","BT BR/EDR RF","22","0x002ff7a8","Transport: Any (BR 1Mbps), RF Channel: 21 (SP:  -78), Packet Type: Unknown"
"721","253.972070200","","","BT BR/EDR RF","22","0x0021c4f4","Transport: Any (BR 1Mbps), RF Channel: 50 (SP:  -73), Packet Type: Unknown"
"722","253.972868700","","","BT BR/EDR RF","22","0x0021c4f4","Transport: Any (BR 1Mbps), RF Channel: 50 (SP:  -71), Packet Type: Unknown"
"723","254.171913600","","","BT BR/EDR RF","22","0x002ff7a8","Transport: Any (BR 1Mbps), RF Channel: 52 (SP:  -67), Packet Type: Unknown"
"724","254.492081800","","","BT BR/EDR RF","22","0x0021c4f4","Transport: Any (BR 1Mbps), RF Channel: 71 (SP:  -74), Packet Type: Unknown"
"725","254.606449700","","","BT BR/EDR RF","22","0x0021c4f4","Transport: Any (BR 1Mbps), RF Channel:  9 (SP:  -73), Packet Type: Unknown"
"726","255.919228500","","","BT BR/EDR RF","22","0x002ff7a8","Transport: Any (BR 1Mbps), RF Channel: 38 (SP:    0, NP:  -55), Packet Type: Unknown"
"727","255.921227700","","","BT BR/EDR RF","22","0x002ff7a8","Transport: Any (BR 1Mbps), RF Channel: 38 (SP:    0, NP:  -55), Packet Type: Unknown"
"728","256.042004600","","","BT BR/EDR RF","22","0x0021c4f4","Transport: Any (BR 1Mbps), RF Channel: 55 (SP:  -71), Packet Type: Unknown"
"729","256.042805900","","","BT BR/EDR RF","22","0x0021c4f4","Transport: Any (BR 1Mbps), RF Channel: 55 (SP:  -71), Packet Type: Unknown"
"730","256.333654600","","","BT BR/EDR RF","22","0x002ff7a8","Transport: Any (BR 1Mbps), RF Channel: 42 (SP:    0, NP:  -55), Packet Type: Unknown"
"731","256.399495600","","","BT BR/EDR RF","22","0x002ff7a8","Transport: Any (BR 1Mbps), RF Channel: 27 (SP:  -76), Packet Type: Unknown"
"732","256.399895000","","","BT BR/EDR RF","22","0x002ff7a8","Transport: Any (BR 1Mbps), RF Channel: 27 (SP:  -76), Packet Type: Unknown"
"733","256.447618400","","","BT BR/EDR RF","22","0x0021c4f4","Transport: Any (BR 1Mbps), RF Channel: 59 (SP:  -73), Packet Type: Unknown"
"734","257.758388500","","","BT BR/EDR RF","22","0x0021c4f4","Transport: Any (BR 1Mbps), RF Channel:  9 (SP:  -77), Packet Type: Unknown"
"735","257.758789800","","","BT BR/EDR RF","22","0x0021c4f4","Transport: Any (BR 1Mbps), RF Channel:  9 (SP:  -72), Packet Type: Unknown"
"736","257.828135300","","","BT BR/EDR RF","22","0x002ff7a8","Transport: Any (BR 1Mbps), RF Channel: 41 (SP:    0, NP:  -55), Packet Type: Unknown"
"737","257.843048300","","","BT BR/EDR RF","22","0x002ff7a8","Transport: Any (BR 1Mbps), RF Channel: 73 (SP:    0, NP:  -55), Packet Type: Unknown"
"738","257.843848100","","","BT BR/EDR RF","22","0x002ff7a8","Transport: Any (BR 1Mbps), RF Channel: 73 (SP:    0, NP:  -55), Packet Type: Unknown"
"739","257.903193300","","","BT BR/EDR RF","22","0x002ff7a8","Transport: Any (BR 1Mbps), RF Channel: 26 (SP:  -77), Packet Type: Unknown"
"740","257.903594400","","","BT BR/EDR RF","22","0x002ff7a8","Transport: Any (BR 1Mbps), RF Channel: 26 (SP:  -77), Packet Type: Unknown"
"741","258.818316600","","","BT BR/EDR RF","22","0x0021c4f4","Transport: Any (BR 1Mbps), RF Channel: 51 (SP:  -73), Packet Type: Unknown"
"742","258.923476700","","","BT BR/EDR RF","22","0x0021c4f4","Transport: Any (BR 1Mbps), RF Channel: 68 (SP:  -78), Packet Type: Unknown"
"743","259.143679800","","","BT BR/EDR RF","22","0x002ff7a8","Transport: Any (BR 1Mbps), RF Channel: 70 (SP:  -79), Packet Type: Unknown"
"744","259.279389100","","","BT BR/EDR RF","22","0x002ff7a8","Transport: Any (BR 1Mbps), RF Channel: 40 (SP:    0, NP:  -55), Packet Type: Unknown"
"745","259.533681500","","","BT BR/EDR RF","22","0x002ff7a8","Transport: Any (BR 1Mbps), RF Channel: 74 (SP:    0, NP:  -55), Packet Type: Unknown"
"746","259.861510500","","","BT BR/EDR RF","22","0x0021c4f4","Transport: Any (BR 1Mbps), RF Channel: 14 (SP:  -71), Packet Type: Unknown"
"747","261.568835700","","","BT BR/EDR RF","22","0x002ff7a8","Transport: Any (BR 1Mbps), RF Channel: 47 (SP:    0, NP:  -55), Packet Type: Unknown"
"748","261.571236000","","","BT BR/EDR RF","22","0x002ff7a8","Transport: Any (BR 1Mbps), RF Channel: 47 (SP:    0, NP:  -55), Packet Type: Unknown"
"749","261.761870100","","","BT BR/EDR RF","22","0x002ff7a8","Transport: Any (BR 1Mbps), RF Channel: 49 (SP:  -74), Packet Type: Unknown"
"750","261.818413100","","","BT BR/EDR RF","22","0x0021c4f4","Transport: Any (BR 1Mbps), RF Channel:  2 (SP:  -79), Packet Type: Unknown"
"751","262.079650200","","","BT BR/EDR RF","22","0x0021c4f4","Transport: Any (BR 1Mbps), RF Channel: 68 (SP:  -79), Packet Type: Unknown"
"752","262.196411200","","","BT BR/EDR RF","22","0x0021c4f4","Transport: Any (BR 1Mbps), RF Channel:  6 (SP:  -71), Packet Type: Unknown"
"753","262.606890400","","","BT BR/EDR RF","22","0x0021c4f4","Transport: Any (BR 1Mbps), RF Channel: 10 (SP:  -77), Packet Type: Unknown"
"754","262.607692600","","","BT BR/EDR RF","22","0x0021c4f4","Transport: Any (BR 1Mbps), RF Channel: 10 (SP:  -72), Packet Type: Unknown"
"755","263.247608000","","","BT BR/EDR RF","22","0x0021c4f4","Transport: Any (BR 1Mbps), RF Channel: 48 (SP:  -45, NP:  -55), Packet Type: Unknown"
"756","263.948102500","","","BT BR/EDR RF","22","0x002ff7a8","Transport: Any (BR 1Mbps), RF Channel: 39 (SP:    0, NP:  -55), Packet Type: Unknown"
"757","264.974021000","","","BT BR/EDR RF","22","0x0021c4f4","Transport: Any (BR 1Mbps), RF Channel:  2 (SP:  -72), Packet Type: Unknown"
"758","265.479312300","","","BT BR/EDR RF","22","0x002ff7a8","Transport: Any (BR 1Mbps), RF Channel: 23 (SP:    0, NP:  -55), Packet Type: Unknown"
"759","265.640585600","","","BT BR/EDR RF","22","0x002ff7a8","Transport: Any (BR 1Mbps), RF Channel: 72 (SP:    0, NP:  -55), Packet Type: Unknown"
"760","265.640986000","","","BT BR/EDR RF","22","0x002ff7a8","Transport: Any (BR 1Mbps), RF Channel: 72 (SP:    0, NP:  -55), Packet Type: Unknown"
"761","266.018090000","","","BT BR/EDR RF","22","0x002ff7a8","Transport: Any (BR 1Mbps), RF Channel: 44 (SP:    0, NP:  -55), Packet Type: Unknown"
"762","266.126865100","","","BT BR/EDR RF","22","0x0021c4f4","Transport: Any (BR 1Mbps), RF Channel: 61 (SP:  -74), Packet Type: Unknown"
"763","266.127665800","","","BT BR/EDR RF","22","0x0021c4f4","Transport: Any (BR 1Mbps), RF Channel: 61 (SP:  -72), Packet Type: Unknown"
"764","266.662510600","","","BT BR/EDR RF","22","0x0021c4f4","Transport: Any (BR 1Mbps), RF Channel:  3 (SP:  -45, NP:  -55), Packet Type: Unknown"
"765","267.121601700","","","BT BR/EDR RF","22","0x002ff7a8","Transport: Any (BR 1Mbps), RF Channel: 71 (SP:  -81), Packet Type: Unknown"
"766","267.334237100","","","BT BR/EDR RF","22","0x002ff7a8","Transport: Any (BR 1Mbps), RF Channel: 73 (SP:    0, NP:  -55), Packet Type: Unknown"
"767","267.445818200","","","BT BR/EDR RF","22","0x0021c4f4","Transport: Any (BR 1Mbps), RF Channel: 11 (SP:  -58), Packet Type: Unknown"
"768","267.446218700","","","BT BR/EDR RF","22","0x0021c4f4","Transport: Any (BR 1Mbps), RF Channel: 11 (SP:  -58), Packet Type: Unknown"
"769","267.862652000","","","BT BR/EDR RF","22","0x0021c4f4","Transport: Any (BR 1Mbps), RF Channel: 15 (SP:  -69), Packet Type: Unknown"
"770","267.868762000","","","BT BR/EDR RF","22","0x002ff7a8","Transport: Any (BR 1Mbps), RF Channel: 47 (SP:  -21, NP:  -55), Packet Type: Unknown"
"771","268.074591200","","","BT BR/EDR RF","22","0x0021c4f4","Transport: Any (BR 1Mbps), RF Channel: 49 (SP:  -73), Packet Type: Unknown"
"772","269.551494200","","","BT BR/EDR RF","22","0x0021c4f4","Transport: Any (BR 1Mbps), RF Channel: 48 (SP:  -70), Packet Type: Unknown"
"773","269.817508200","","","BT BR/EDR RF","22","0x0021c4f4","Transport: Any (BR 1Mbps), RF Channel:  3 (SP:  -71), Packet Type: Unknown"
"774","269.925878500","","","BT BR/EDR RF","22","0x0021c4f4","Transport: Any (BR 1Mbps), RF Channel: 20 (SP:  -77), Packet Type: Unknown"
"775","269.926278700","","","BT BR/EDR RF","22","0x0021c4f4","Transport: Any (BR 1Mbps), RF Channel: 20 (SP:  -76), Packet Type: Unknown"
"776","270.168601800","","","BT BR/EDR RF","22","0x002ff7a8","Transport: Any (BR 1Mbps), RF Channel: 54 (SP:  -73), Packet Type: Unknown"
"777","270.239262200","","","BT BR/EDR RF","22","0x002ff7a8","Transport: Any (BR 1Mbps), RF Channel: 39 (SP:    0, NP:  -55), Packet Type: Unknown"
"778","270.679831900","","","BT BR/EDR RF","22","0x002ff7a8","Transport: Any (BR 1Mbps), RF Channel: 75 (SP:    0, NP:  -55), Packet Type: Unknown"
"779","270.839109500","","","BT BR/EDR RF","22","0x002ff7a8","Transport: Any (BR 1Mbps), RF Channel: 45 (SP:    0, NP:  -55), Packet Type: Unknown"
"780","270.957474000","","","BT BR/EDR RF","22","0x0021c4f4","Transport: Any (BR 1Mbps), RF Channel: 62 (SP:  -62), Packet Type: Unknown"
"781","271.247175600","","","BT BR/EDR RF","22","0x002ff7a8","Transport: Any (BR 1Mbps), RF Channel: 49 (SP:  -69), Packet Type: Unknown"
"782","271.254377500","","","BT BR/EDR RF","22","0x0021c4f4","Transport: Any (BR 1Mbps), RF Channel: 49 (SP:  -73), Packet Type: Unknown"
"783","271.255178600","","","BT BR/EDR RF","22","0x0021c4f4","Transport: Any (BR 1Mbps), RF Channel: 49 (SP:  -69), Packet Type: Unknown"
"784","271.761884600","","","BT BR/EDR RF","22","0x0021c4f4","Transport: Any (BR 1Mbps), RF Channel: 70 (SP:  -73), Packet Type: Unknown"
"785","272.297468700","","","BT BR/EDR RF","22","0x0021c4f4","Transport: Any (BR 1Mbps), RF Channel: 12 (SP:  -65), Packet Type: Unknown"
"786","272.707475300","","","BT BR/EDR RF","22","0x0021c4f4","Transport: Any (BR 1Mbps), RF Channel: 16 (SP:  -73), Packet Type: Unknown"
"787","273.075592700","","","BT BR/EDR RF","22","0x002ff7a8","Transport: Any (BR 1Mbps), RF Channel: 20 (SP:  -76), Packet Type: Unknown"
"788","273.077193700","","","BT BR/EDR RF","22","0x002ff7a8","Transport: Any (BR 1Mbps), RF Channel: 20 (SP:  -74), Packet Type: Unknown"
"789","273.332756000","","","BT BR/EDR RF","22","0x0021c4f4","Transport: Any (BR 1Mbps), RF Channel: 54 (SP:  -69), Packet Type: Unknown"
"790","273.439139700","","","BT BR/EDR RF","22","0x002ff7a8","Transport: Any (BR 1Mbps), RF Channel: 71 (SP:    0, NP:  -55), Packet Type: Unknown"
"791","273.439939200","","","BT BR/EDR RF","22","0x002ff7a8","Transport: Any (BR 1Mbps), RF Channel: 71 (SP:    0, NP:  -55), Packet Type: Unknown"
"792","273.701519200","","","BT BR/EDR RF","22","0x002ff7a8","Transport: Any (BR 1Mbps), RF Channel: 26 (SP:  -63), Packet Type: Unknown"
"793","273.843162100","","","BT BR/EDR RF","22","0x0021c4f4","Transport: Any (BR 1Mbps), RF Channel: 75 (SP:  -72), Packet Type: Unknown"
"794","274.129996500","","","BT BR/EDR RF","22","0x0021c4f4","Transport: Any (BR 1Mbps), RF Channel: 62 (SP:  -62), Packet Type: Unknown"
"795","274.238763200","","","BT BR/EDR RF","22","0x0021c4f4","Transport: Any (BR 1Mbps), RF Channel:  0 (SP:  -74), Packet Type: Unknown"
"796","274.390457800","","","BT BR/EDR RF","22","0x002ff7a8","Transport: Any (BR 1Mbps), RF Channel: 49 (SP:  -63), Packet Type: Unknown"
"797","275.324076700","","","BT BR/EDR RF","22","0x002ff7a8","Transport: Any (BR 1Mbps), RF Channel: 74 (SP:  -73), Packet Type: Unknown"
"798","275.581585300","","","BT BR/EDR RF","22","0x002ff7a8","Transport: Any (BR 1Mbps), RF Channel: 29 (SP:  -76), Packet Type: Unknown"
"799","275.806295500","","","BT BR/EDR RF","22","0x0021c4f4","Transport: Any (BR 1Mbps), RF Channel: 63 (SP:  -75), Packet Type: Unknown"
"800","276.227970200","","","BT BR/EDR RF","22","0x002ff7a8","Transport: Any (BR 1Mbps), RF Channel: 67 (SP:    0, NP:  -55), Packet Type: Unknown"
"801","276.599670500","","","BT BR/EDR RF","22","0x002ff7a8","Transport: Any (BR 1Mbps), RF Channel: 71 (SP:    0, NP:  -55), Packet Type: Unknown"
"802","276.615671700","","","BT BR/EDR RF","22","0x0021c4f4","Transport: Any (BR 1Mbps), RF Channel: 71 (SP:  -72), Packet Type: Unknown"
"803","277.361645700","","","BT BR/EDR RF","22","0x002ff7a8","Transport: Any (BR 1Mbps), RF Channel: 47 (SP:  -73), Packet Type: Unknown"
"804","277.363646500","","","BT BR/EDR RF","22","0x002ff7a8","Transport: Any (BR 1Mbps), RF Channel: 47 (SP:  -73), Packet Type: Unknown"
"805","277.522492300","","","BT BR/EDR RF","22","0x0021c4f4","Transport: Any (BR 1Mbps), RF Channel: 17 (SP:  -71), Packet Type: Unknown"
"806","277.752067100","","","BT BR/EDR RF","22","0x0021c4f4","Transport: Any (BR 1Mbps), RF Channel: 51 (SP:  -74), Packet Type: Unknown"
"807","277.752467200","","","BT BR/EDR RF","22","0x0021c4f4","Transport: Any (BR 1Mbps), RF Channel: 51 (SP:  -70), Packet Type: Unknown"
"808","278.042112100","","","BT BR/EDR RF","22","0x002ff7a8","Transport: Any (BR 1Mbps), RF Channel: 38 (SP:    0, NP:  -55), Packet Type: Unknown"
"809","278.169314200","","","BT BR/EDR RF","22","0x0021c4f4","Transport: Any (BR 1Mbps), RF Channel: 55 (SP:  -73), Packet Type: Unknown"
"810","278.288100300","","","BT BR/EDR RF","22","0x0021c4f4","Transport: Any (BR 1Mbps), RF Channel: 72 (SP:  -73), Packet Type: Unknown"
"811","278.501496300","","","BT BR/EDR RF","22","0x002ff7a8","Transport: Any (BR 1Mbps), RF Channel: 74 (SP:  -72), Packet Type: Unknown"
"812","278.551719500","","","BT BR/EDR RF","22","0x002ff7a8","Transport: Any (BR 1Mbps), RF Channel: 59 (SP:  -73), Packet Type: Unknown"
"813","278.579316800","","","BT BR/EDR RF","22","0x0021c4f4","Transport: Any (BR 1Mbps), RF Channel: 59 (SP:  -74), Packet Type: Unknown"
"814","278.580116100","","","BT BR/EDR RF","22","0x0021c4f4","Transport: Any (BR 1Mbps), RF Channel: 59 (SP:  -74), Packet Type: Unknown"
"815","278.702077700","","","BT BR/EDR RF","22","0x0021c4f4","Transport: Any (BR 1Mbps), RF Channel: 76 (SP:  -72), Packet Type: Unknown"
"816","278.921548500","","","BT BR/EDR RF","22","0x002ff7a8","Transport: Any (BR 1Mbps), RF Channel: 31 (SP:  -64), Packet Type: Unknown"
"817","278.923547500","","","BT BR/EDR RF","22","0x002ff7a8","Transport: Any (BR 1Mbps), RF Channel: 31 (SP:  -63), Packet Type: Unknown"
"818","278.967651100","","","BT BR/EDR RF","22","0x0021c4f4","Transport: Any (BR 1Mbps), RF Channel: 63 (SP:  -78), Packet Type: Unknown"
"819","279.083647600","","","BT BR/EDR RF","22","0x0021c4f4","Transport: Any (BR 1Mbps), RF Channel:  1 (SP:  -52, NP:  -55), Packet Type: Unknown"
"820","279.477662200","","","BT BR/EDR RF","22","0x0021c4f4","Transport: Any (BR 1Mbps), RF Channel:  5 (SP:  -72), Packet Type: Unknown"
"821","279.781742300","","","BT BR/EDR RF","22","0x002ff7a8","Transport: Any (BR 1Mbps), RF Channel: 71 (SP:    0, NP:  -55), Packet Type: Unknown"
"822","279.783342400","","","BT BR/EDR RF","22","0x002ff7a8","Transport: Any (BR 1Mbps), RF Channel: 71 (SP:    0, NP:  -55), Packet Type: Unknown"
"823","279.987971100","","","BT BR/EDR RF","22","0x002ff7a8","Transport: Any (BR 1Mbps), RF Channel: 73 (SP:  -54, NP:  -55), Packet Type: Unknown"
"824","281.176442600","","","BT BR/EDR RF","22","0x0021c4f4","Transport: Any (BR 1Mbps), RF Channel:  6 (SP:  -67), Packet Type: Unknown"
"825","281.239084500","","","BT BR/EDR RF","22","0x002ff7a8","Transport: Any (BR 1Mbps), RF Channel: 70 (SP:    0, NP:  -55), Packet Type: Unknown"
"826","281.241085800","","","BT BR/EDR RF","22","0x002ff7a8","Transport: Any (BR 1Mbps), RF Channel: 70 (SP:    0, NP:  -55), Packet Type: Unknown"
"827","281.333745500","","","BT BR/EDR RF","22","0x0021c4f4","Transport: Any (BR 1Mbps), RF Channel: 55 (SP:  -70), Packet Type: Unknown"
"828","281.404826200","","","BT BR/EDR RF","22","0x002ff7a8","Transport: Any (BR 1Mbps), RF Channel: 40 (SP:    0, NP:  -55), Packet Type: Unknown"
"829","281.448148800","","","BT BR/EDR RF","22","0x0021c4f4","Transport: Any (BR 1Mbps), RF Channel: 72 (SP:  -71), Packet Type: Unknown"
"830","282.596913800","","","BT BR/EDR RF","22","0x0021c4f4","Transport: Any (BR 1Mbps), RF Channel: 52 (SP:  -72), Packet Type: Unknown"
"831","283.081611500","","","BT BR/EDR RF","22","0x002ff7a8","Transport: Any (BR 1Mbps), RF Channel: 41 (SP:    0, NP:  -55), Packet Type: Unknown"
"832","283.083609200","","","BT BR/EDR RF","22","0x002ff7a8","Transport: Any (BR 1Mbps), RF Channel: 41 (SP:    0, NP:  -55), Packet Type: Unknown"
"833","283.333582400","","","BT BR/EDR RF","22","0x002ff7a8","Transport: Any (BR 1Mbps), RF Channel: 75 (SP:  -69), Packet Type: Unknown"
"834","283.377732600","","","BT BR/EDR RF","22","0x002ff7a8","Transport: Any (BR 1Mbps), RF Channel: 28 (SP:  -79), Packet Type: Unknown"
"835","283.401855100","","","BT BR/EDR RF","22","0x0021c4f4","Transport: Any (BR 1Mbps), RF Channel: 60 (SP:  -75), Packet Type: Unknown"
"836","283.521404700","","","BT BR/EDR RF","22","0x0021c4f4","Transport: Any (BR 1Mbps), RF Channel: 77 (SP:  -61), Packet Type: Unknown"
"837","284.337491300","","","BT BR/EDR RF","22","0x0021c4f4","Transport: Any (BR 1Mbps), RF Channel:  6 (SP:  -72), Packet Type: Unknown"
"838","284.351615200","","","BT BR/EDR RF","22","0x002ff7a8","Transport: Any (BR 1Mbps), RF Channel: 38 (SP:    0, NP:  -55), Packet Type: Unknown"
"839","284.353615100","","","BT BR/EDR RF","22","0x002ff7a8","Transport: Any (BR 1Mbps), RF Channel: 38 (SP:    0, NP:  -55), Packet Type: Unknown"
"840","284.716748800","","","BT BR/EDR RF","22","0x0021c4f4","Transport: Any (BR 1Mbps), RF Channel: 10 (SP:  -81), Packet Type: Unknown"
"841","284.717550100","","","BT BR/EDR RF","22","0x0021c4f4","Transport: Any (BR 1Mbps), RF Channel: 10 (SP:  -73), Packet Type: Unknown"
"842","285.371536000","","","BT BR/EDR RF","22","0x002ff7a8","Transport: Any (BR 1Mbps), RF Channel: 48 (SP:  -63), Packet Type: Unknown"
"843","285.498295300","","","BT BR/EDR RF","22","0x0021c4f4","Transport: Any (BR 1Mbps), RF Channel: 65 (SP:  -69), Packet Type: Unknown"
"844","285.498694500","","","BT BR/EDR RF","22","0x0021c4f4","Transport: Any (BR 1Mbps), RF Channel: 65 (SP:  -69), Packet Type: Unknown"
"845","285.651605500","","","BT BR/EDR RF","22","0x002ff7a8","Transport: Any (BR 1Mbps), RF Channel: 35 (SP:  -78), Packet Type: Unknown"
"846","285.771155800","","","BT BR/EDR RF","22","0x0021c4f4","Transport: Any (BR 1Mbps), RF Channel: 52 (SP:  -71), Packet Type: Unknown"
"847","285.995493200","","","BT BR/EDR RF","22","0x0021c4f4","Transport: Any (BR 1Mbps), RF Channel:  7 (SP:  -67), Packet Type: Unknown"
"848","285.996292200","","","BT BR/EDR RF","22","0x0021c4f4","Transport: Any (BR 1Mbps), RF Channel:  7 (SP:  -67), Packet Type: Unknown"
"849","286.173169000","","","BT BR/EDR RF","22","0x0021c4f4","Transport: Any (BR 1Mbps), RF Channel: 56 (SP:  -73), Packet Type: Unknown"
"850","286.286342500","","","BT BR/EDR RF","22","0x0021c4f4","Transport: Any (BR 1Mbps), RF Channel: 73 (SP:  -72), Packet Type: Unknown"
"851","286.359794700","","","BT BR/EDR RF","22","0x002ff7a8","Transport: Any (BR 1Mbps), RF Channel: 58 (SP:  -75), Packet Type: Unknown"
"852","286.663860200","","","BT BR/EDR RF","22","0x000860cd","Transport: Any (BR 1Mbps), RF Channel: 45 (SP:  -72), Packet Type: Unknown"
"853","286.701960600","","","BT BR/EDR RF","22","0x0021c4f4","Transport: Any (BR 1Mbps), RF Channel: 77 (SP:  -73), Packet Type: Unknown"
"854","287.394188700","","","BT BR/EDR RF","22","0x002ff7a8","Transport: Any (BR 1Mbps), RF Channel: 21 (SP:  -75), Packet Type: Unknown"
"855","287.465121500","","","BT BR/EDR RF","22","0x0021c4f4","Transport: Any (BR 1Mbps), RF Channel: 53 (SP:  -70), Packet Type: Unknown"
"856","287.863141700","","","BT BR/EDR RF","22","0x0021c4f4","Transport: Any (BR 1Mbps), RF Channel: 57 (SP:  -72), Packet Type: Unknown"
"857","288.159683800","","","BT BR/EDR RF","22","0x002ff7a8","Transport: Any (BR 1Mbps), RF Channel: 76 (SP:    0, NP:  -55), Packet Type: Unknown"
"858","288.351111000","","","BT BR/EDR RF","22","0x0021c4f4","Transport: Any (BR 1Mbps), RF Channel: 78 (SP:  -73), Packet Type: Unknown"
"859","288.639984700","","","BT BR/EDR RF","22","0x0021c4f4","Transport: Any (BR 1Mbps), RF Channel: 65 (SP:  -74), Packet Type: Unknown"
"860","288.756750800","","","BT BR/EDR RF","22","0x0021c4f4","Transport: Any (BR 1Mbps), RF Channel:  3 (SP:  -79), Packet Type: Unknown"
"861","289.044385800","","","BT BR/EDR RF","22","0x0021c4f4","Transport: Any (BR 1Mbps), RF Channel: 69 (SP:  -77), Packet Type: Unknown"
"862","289.200870100","","","BT BR/EDR RF","22","0x002ff7a8","Transport: Any (BR 1Mbps), RF Channel: 39 (SP:    0, NP:  -55), Packet Type: Unknown"
"863","289.797889800","","","BT BR/EDR RF","22","0x002ff7a8","Transport: Any (BR 1Mbps), RF Channel: 45 (SP:  -70), Packet Type: Unknown"
"864","291.229897000","","","BT BR/EDR RF","22","0x0021c4f4","Transport: Any (BR 1Mbps), RF Channel: 12 (SP:  -67), Packet Type: Unknown"
"865","291.279623500","","","BT BR/EDR RF","22","0x002ff7a8","Transport: Any (BR 1Mbps), RF Channel: 44 (SP:    0, NP:  -55), Packet Type: Unknown"
"866","291.540734600","","","BT BR/EDR RF","22","0x0021c4f4","Transport: Any (BR 1Mbps), RF Channel: 78 (SP:  -75), Packet Type: Unknown"
"867","291.648719600","","","BT BR/EDR RF","22","0x0021c4f4","Transport: Any (BR 1Mbps), RF Channel: 16 (SP:  -44, NP:  -55), Packet Type: Unknown"
"868","291.669235100","","","BT BR/EDR RF","22","0x0021c4f4","Transport: Any (BR 1Mbps), RF Channel: 48 (SP:  -73), Packet Type: Unknown"
"869","292.036335600","","","BT BR/EDR RF","22","0x0021c4f4","Transport: Any (BR 1Mbps), RF Channel: 20 (SP:  -75), Packet Type: Unknown"
"870","292.191619700","","","BT BR/EDR RF","22","0x002ff7a8","Transport: Any (BR 1Mbps), RF Channel: 69 (SP:    0, NP:  -55), Packet Type: Unknown"
"871","292.197617000","","","BT BR/EDR RF","22","0x002ff7a8","Transport: Any (BR 1Mbps), RF Channel: 69 (SP:  -75), Packet Type: Unknown"
"872","292.277451700","","","BT BR/EDR RF","22","0x0021c4f4","Transport: Any (BR 1Mbps), RF Channel: 54 (SP:  -69), Packet Type: Unknown"
"873","292.587858500","","","BT BR/EDR RF","22","0x002ff7a8","Transport: Any (BR 1Mbps), RF Channel: 41 (SP:    0, NP:  -55), Packet Type: Unknown"
"874","293.274039000","","","BT BR/EDR RF","22","0x002ff7a8","Transport: Any (BR 1Mbps), RF Channel: 64 (SP:  -71), Packet Type: Unknown"
"875","293.498698700","","","BT BR/EDR RF","22","0x0021c4f4","Transport: Any (BR 1Mbps), RF Channel: 66 (SP:  -75), Packet Type: Unknown"
"876","293.621033200","","","BT BR/EDR RF","22","0x0021c4f4","Transport: Any (BR 1Mbps), RF Channel:  4 (SP:  -78), Packet Type: Unknown"
"877","294.274019200","","","BT BR/EDR RF","22","0x002ff7a8","Transport: Any (BR 1Mbps), RF Channel: 74 (SP:  -72), Packet Type: Unknown"
"878","294.423607300","","","BT BR/EDR RF","22","0x0021c4f4","Transport: Any (BR 1Mbps), RF Channel: 12 (SP:  -74), Packet Type: Unknown"
"879","294.510357600","","","BT BR/EDR RF","22","0x002ff7a8","Transport: Any (BR 1Mbps), RF Channel: 29 (SP:  -75), Packet Type: Unknown"
"880","294.678459500","","","BT BR/EDR RF","22","0x002ff7a8","Transport: Any (BR 1Mbps), RF Channel: 78 (SP:  -49, NP:  -55), Packet Type: Unknown"
"881","295.043228000","","","BT BR/EDR RF","22","0x0021c4f4","Transport: Any (BR 1Mbps), RF Channel: 50 (SP:  -73), Packet Type: Unknown"
"882","295.043626500","","","BT BR/EDR RF","22","0x0021c4f4","Transport: Any (BR 1Mbps), RF Channel: 50 (SP:  -72), Packet Type: Unknown"
"883","295.456896600","","","BT BR/EDR RF","22","0x0021c4f4","Transport: Any (BR 1Mbps), RF Channel: 54 (SP:  -72), Packet Type: Unknown"
"884","295.457298500","","","BT BR/EDR RF","22","0x0021c4f4","Transport: Any (BR 1Mbps), RF Channel: 54 (SP:  -69), Packet Type: Unknown"
"885","295.576825000","","","BT BR/EDR RF","22","0x0021c4f4","Transport: Any (BR 1Mbps), RF Channel: 71 (SP:  -73), Packet Type: Unknown"
"886","295.852896000","","","BT BR/EDR RF","22","0x0021c4f4","Transport: Any (BR 1Mbps), RF Channel: 58 (SP:  -72), Packet Type: Unknown"
"887","295.853697000","","","BT BR/EDR RF","22","0x0021c4f4","Transport: Any (BR 1Mbps), RF Channel: 58 (SP:  -72), Packet Type: Unknown"
"888","296.372499500","","","BT BR/EDR RF","22","0x0021c4f4","Transport: Any (BR 1Mbps), RF Channel:  0 (SP:  -74), Packet Type: Unknown"
"889","296.380103100","","","BT BR/EDR RF","22","0x002ff7a8","Transport: Any (BR 1Mbps), RF Channel:  0 (SP:  -75), Packet Type: Unknown"
"890","296.780589300","","","BT BR/EDR RF","22","0x0021c4f4","Transport: Any (BR 1Mbps), RF Channel:  4 (SP:  -76), Packet Type: Unknown"
"891","296.888562100","","","BT BR/EDR RF","22","0x0021c4f4","Transport: Any (BR 1Mbps), RF Channel: 21 (SP:  -75), Packet Type: Unknown"
"892","297.516966600","","","BT BR/EDR RF","22","0x0021c4f4","Transport: Any (BR 1Mbps), RF Channel: 59 (SP:  -75), Packet Type: Unknown"
"893","297.923790500","","","BT BR/EDR RF","22","0x0021c4f4","Transport: Any (BR 1Mbps), RF Channel: 63 (SP:  -77), Packet Type: Unknown"
"894","298.431834600","","","BT BR/EDR RF","22","0x0021c4f4","Transport: Any (BR 1Mbps), RF Channel:  5 (SP:  -77), Packet Type: Unknown"
"895","299.094566900","","","BT BR/EDR RF","22","0x002ff7a8","Transport: Any (BR 1Mbps), RF Channel: 43 (SP:  -63), Packet Type: Unknown"
"896","299.896184700","","","BT BR/EDR RF","22","0x0021c4f4","Transport: Any (BR 1Mbps), RF Channel: 51 (SP:  -70), Packet Type: Unknown"
"897","300.279380100","","","BT BR/EDR RF","22","0x0021c4f4","Transport: Any (BR 1Mbps), RF Channel: 55 (SP:  -71), Packet Type: Unknown"
"898","300.422940400","","","BT BR/EDR RF","22","0x0021c4f4","Transport: Any (BR 1Mbps), RF Channel: 72 (SP:  -69), Packet Type: Unknown"
"899","300.682985500","","","BT BR/EDR RF","22","0x0021c4f4","Transport: Any (BR 1Mbps), RF Channel: 59 (SP:  -76), Packet Type: Unknown"
"900","300.683785800","","","BT BR/EDR RF","22","0x0021c4f4","Transport: Any (BR 1Mbps), RF Channel: 59 (SP:  -73), Packet Type: Unknown"
"901","301.316252300","","","BT BR/EDR RF","22","0x0021c4f4","Transport: Any (BR 1Mbps), RF Channel: 18 (SP:  -73), Packet Type: Unknown"
"902","301.613571500","","","BT BR/EDR RF","22","0x0021c4f4","Transport: Any (BR 1Mbps), RF Channel:  5 (SP:  -72), Packet Type: Unknown"
