No.,Time,Source,Destination,Protocol,Length,Lower Address Part,Info,ExperimentTrial
1,0.0,,,BT BR/EDR RF,22,0x0021c4f4,"Transport: Any (BR 1Mbps), RF Channel: 70 (SP:  -73), Packet Type: Unknown",2
2,0.1319817,,,BT BR/EDR RF,22,0x0021c4f4,"Transport: Any (BR 1Mbps), RF Channel:  8 (SP:  -72), Packet Type: Unknown",2
3,0.5120157,,,BT BR/EDR RF,22,0x0021c4f4,"Transport: Any (BR 1Mbps), RF Channel: 12 (SP:  -55), Packet Type: Unknown",2
4,0.929226,,,BT BR/EDR RF,22,0x0021c4f4,"Transport: Any (BR 1Mbps), RF Channel: 16 (SP:  -73), Packet Type: Unknown",2
5,1.5607501,,,BT BR/EDR RF,22,0x0021c4f4,"Transport: Any (BR 1Mbps), RF Channel: 54 (SP:  -70), Packet Type: Unknown",2
6,1.5871667,,,BT BR/EDR RF,22,0x0029cfc6,"Transport: Any (BR 1Mbps), RF Channel: 54 (SP:  -70), Packet Type: Unknown",2
7,1.6839112,,,BT BR/EDR RF,22,0x0021c4f4,"Transport: Any (BR 1Mbps), RF Channel: 71 (SP:  -69), Packet Type: Unknown",2
8,1.9711931,,,BT BR/EDR RF,22,0x0021c4f4,"Transport: Any (BR 1Mbps), RF Channel: 58 (SP:  -71), Packet Type: Unknown",2
9,2.0887805,,,BT BR/EDR RF,22,0x0021c4f4,"Transport: Any (BR 1Mbps), RF Channel: 75 (SP:  -75), Packet Type: Unknown",2
10,3.0294061,,,BT BR/EDR RF,22,0x0021c4f4,"Transport: Any (BR 1Mbps), RF Channel: 53 (SP:  -66), Packet Type: Unknown",2
11,4.3361672,,,BT BR/EDR RF,22,0x0021c4f4,"Transport: Any (BR 1Mbps), RF Channel: 50 (SP:  -73), Packet Type: Unknown",2
12,4.5605366,,,BT BR/EDR RF,22,0x0021c4f4,"Transport: Any (BR 1Mbps), RF Channel:  5 (SP:  -75), Packet Type: Unknown",2
13,4.8413686,,,BT BR/EDR RF,22,0x0021c4f4,"Transport: Any (BR 1Mbps), RF Channel: 71 (SP:  -72), Packet Type: Unknown",2
14,5.2385745,,,BT BR/EDR RF,22,0x0021c4f4,"Transport: Any (BR 1Mbps), RF Channel: 75 (SP:  -70), Packet Type: Unknown",2
15,5.3649318,,,BT BR/EDR RF,22,0x0021c4f4,"Transport: Any (BR 1Mbps), RF Channel: 13 (SP:  -76), Packet Type: Unknown",2
16,5.3657312,,,BT BR/EDR RF,22,0x0021c4f4,"Transport: Any (BR 1Mbps), RF Channel: 13 (SP:  -73), Packet Type: Unknown",2
17,5.4307688,,,BT BR/EDR RF,22,0x0029cfc6,"Transport: Any (BR 1Mbps), RF Channel: 77 (SP:  -79), Packet Type: Unknown",2
18,5.9937465,,,BT BR/EDR RF,22,0x0021c4f4,"Transport: Any (BR 1Mbps), RF Channel: 51 (SP:  -72), Packet Type: Unknown",2
19,6.4213997,,,BT BR/EDR RF,22,0x0021c4f4,"Transport: Any (BR 1Mbps), RF Channel: 55 (SP:  -70), Packet Type: Unknown",2
20,7.2018377,,,BT BR/EDR RF,22,0x0021c4f4,"Transport: Any (BR 1Mbps), RF Channel: 63 (SP:  -74), Packet Type: Unknown",2
21,7.3442231,,,BT BR/EDR RF,22,0x0021c4f4,"Transport: Any (BR 1Mbps), RF Channel:  1 (SP:  -74), Packet Type: Unknown",2
22,7.6259558,,,BT BR/EDR RF,22,0x0029cfc6,"Transport: Any (BR 1Mbps), RF Channel: 67 (SP:  -78), Packet Type: Unknown",2
23,9.0797237,,,BT BR/EDR RF,22,0x0029cfc6,"Transport: Any (BR 1Mbps), RF Channel: 66 (SP:  -61), Packet Type: Unknown",2
24,9.8023471,,,BT BR/EDR RF,22,0x0021c4f4,"Transport: Any (BR 1Mbps), RF Channel: 10 (SP:  -76), Packet Type: Unknown",2
25,10.0923884,,,BT BR/EDR RF,22,0x0021c4f4,"Transport: Any (BR 1Mbps), RF Channel: 76 (SP:  -70), Packet Type: Unknown",2
26,10.8512641,,,BT BR/EDR RF,22,0x0021c4f4,"Transport: Any (BR 1Mbps), RF Channel: 52 (SP:  -70), Packet Type: Unknown",2
27,11.2336741,,,BT BR/EDR RF,22,0x0021c4f4,"Transport: Any (BR 1Mbps), RF Channel: 56 (SP:  -70), Packet Type: Unknown",2
28,11.2344743,,,BT BR/EDR RF,22,0x0021c4f4,"Transport: Any (BR 1Mbps), RF Channel: 56 (SP:  -70), Packet Type: Unknown",2
29,11.7700042,,,BT BR/EDR RF,22,0x0021c4f4,"Transport: Any (BR 1Mbps), RF Channel: 77 (SP:  -72), Packet Type: Unknown",2
30,12.0492664,,,BT BR/EDR RF,22,0x0021c4f4,"Transport: Any (BR 1Mbps), RF Channel: 64 (SP:  -59), Packet Type: Unknown",2
31,12.0660644,,,BT BR/EDR RF,22,0x0029cfc6,"Transport: Any (BR 1Mbps), RF Channel: 64 (SP:  -43, NP:  -55), Packet Type: Unknown",2
32,12.1800475,,,BT BR/EDR RF,22,0x0021c4f4,"Transport: Any (BR 1Mbps), RF Channel:  2 (SP:  -79), Packet Type: Unknown",2
33,12.1804482,,,BT BR/EDR RF,22,0x0021c4f4,"Transport: Any (BR 1Mbps), RF Channel:  2 (SP:  -75), Packet Type: Unknown",2
34,12.5560747,,,BT BR/EDR RF,22,0x0029cfc6,"Transport: Any (BR 1Mbps), RF Channel:  6 (SP:  -75), Packet Type: Unknown",2
35,12.7093265,,,BT BR/EDR RF,22,0x0021c4f4,"Transport: Any (BR 1Mbps), RF Channel: 55 (SP:  -69), Packet Type: Unknown",2
36,13.3608248,,,BT BR/EDR RF,22,0x0029cfc6,"Transport: Any (BR 1Mbps), RF Channel: 14 (SP:  -75), Packet Type: Unknown",2
37,13.6204493,,,BT BR/EDR RF,22,0x0021c4f4,"Transport: Any (BR 1Mbps), RF Channel: 48 (SP:  -72), Packet Type: Unknown",2
38,14.142957,,,BT BR/EDR RF,22,0x0021c4f4,"Transport: Any (BR 1Mbps), RF Channel: 69 (SP:  -68), Packet Type: Unknown",2
39,14.2493117,,,BT BR/EDR RF,22,0x0021c4f4,"Transport: Any (BR 1Mbps), RF Channel:  7 (SP:  -75), Packet Type: Unknown",2
40,14.5306048,,,BT BR/EDR RF,22,0x0021c4f4,"Transport: Any (BR 1Mbps), RF Channel: 73 (SP:  -69), Packet Type: Unknown",2
41,14.9438195,,,BT BR/EDR RF,22,0x0021c4f4,"Transport: Any (BR 1Mbps), RF Channel: 77 (SP:  -72), Packet Type: Unknown",2
42,15.0649748,,,BT BR/EDR RF,22,0x0021c4f4,"Transport: Any (BR 1Mbps), RF Channel: 15 (SP:  -51, NP:  -55), Packet Type: Unknown",2
43,16.2073497,,,BT BR/EDR RF,22,0x0021c4f4,"Transport: Any (BR 1Mbps), RF Channel: 74 (SP:  -70), Packet Type: Unknown",2
44,16.6105701,,,BT BR/EDR RF,22,0x0021c4f4,"Transport: Any (BR 1Mbps), RF Channel: 78 (SP:  -66), Packet Type: Unknown",2
45,16.9993492,,,BT BR/EDR RF,22,0x0021c4f4,"Transport: Any (BR 1Mbps), RF Channel:  3 (SP:  -75), Packet Type: Unknown",2
46,17.3949644,,,BT BR/EDR RF,22,0x0021c4f4,"Transport: Any (BR 1Mbps), RF Channel:  7 (SP:  -75), Packet Type: Unknown",2
47,17.6139691,,,BT BR/EDR RF,22,0x0029cfc6,"Transport: Any (BR 1Mbps), RF Channel:  9 (SP:  -79), Packet Type: Unknown",2
48,18.1054156,,,BT BR/EDR RF,22,0x0029cfc6,"Transport: Any (BR 1Mbps), RF Channel: 77 (SP:  -72), Packet Type: Unknown",2
49,18.5556558,,,BT BR/EDR RF,22,0x0021c4f4,"Transport: Any (BR 1Mbps), RF Channel: 66 (SP:  -77), Packet Type: Unknown",2
50,18.9736534,,,BT BR/EDR RF,22,0x0021c4f4,"Transport: Any (BR 1Mbps), RF Channel: 70 (SP:  -72), Packet Type: Unknown",2
51,19.0880266,,,BT BR/EDR RF,22,0x0021c4f4,"Transport: Any (BR 1Mbps), RF Channel:  8 (SP:  -75), Packet Type: Unknown",2
52,19.7684813,,,BT BR/EDR RF,22,0x0021c4f4,"Transport: Any (BR 1Mbps), RF Channel: 78 (SP:  -70), Packet Type: Unknown",2
53,19.9024445,,,BT BR/EDR RF,22,0x0021c4f4,"Transport: Any (BR 1Mbps), RF Channel: 16 (SP:  -80), Packet Type: Unknown",2
54,20.2800562,,,BT BR/EDR RF,22,0x0021c4f4,"Transport: Any (BR 1Mbps), RF Channel: 20 (SP:  -77), Packet Type: Unknown",2
55,20.2804573,,,BT BR/EDR RF,22,0x0021c4f4,"Transport: Any (BR 1Mbps), RF Channel: 20 (SP:  -74), Packet Type: Unknown",2
56,20.53924,,,BT BR/EDR RF,22,0x0021c4f4,"Transport: Any (BR 1Mbps), RF Channel: 54 (SP:  -69), Packet Type: Unknown",2
57,21.3148196,,,BT BR/EDR RF,22,0x0021c4f4,"Transport: Any (BR 1Mbps), RF Channel: 62 (SP:  -75), Packet Type: Unknown",2
58,21.3156185,,,BT BR/EDR RF,22,0x0021c4f4,"Transport: Any (BR 1Mbps), RF Channel: 62 (SP:  -72), Packet Type: Unknown",2
59,21.4380297,,,BT BR/EDR RF,22,0x0021c4f4,"Transport: Any (BR 1Mbps), RF Channel:  0 (SP:  -75), Packet Type: Unknown",2
60,21.5607542,,,BT BR/EDR RF,22,0x0029cfc6,"Transport: Any (BR 1Mbps), RF Channel: 17 (SP:  -77), Packet Type: Unknown",2
61,21.840872,,,BT BR/EDR RF,22,0x0029cfc6,"Transport: Any (BR 1Mbps), RF Channel:  4 (SP:  -75), Packet Type: Unknown",2
62,22.6518081,,,BT BR/EDR RF,22,0x0021c4f4,"Transport: Any (BR 1Mbps), RF Channel: 12 (SP:  -73), Packet Type: Unknown",2
63,23.2854455,,,BT BR/EDR RF,22,0x0021c4f4,"Transport: Any (BR 1Mbps), RF Channel: 50 (SP:  -70), Packet Type: Unknown",2
64,23.411856,,,BT BR/EDR RF,22,0x0021c4f4,"Transport: Any (BR 1Mbps), RF Channel: 67 (SP:  -75), Packet Type: Unknown",2
65,23.8198599,,,BT BR/EDR RF,22,0x0021c4f4,"Transport: Any (BR 1Mbps), RF Channel: 71 (SP:  -69), Packet Type: Unknown",2
66,23.8206593,,,BT BR/EDR RF,22,0x0021c4f4,"Transport: Any (BR 1Mbps), RF Channel: 71 (SP:  -69), Packet Type: Unknown",2
67,24.5284681,,,BT BR/EDR RF,22,0x0029cfc6,"Transport: Any (BR 1Mbps), RF Channel: 15 (SP:  -75), Packet Type: Unknown",2
68,25.0260392,,,BT BR/EDR RF,22,0x0029cfc6,"Transport: Any (BR 1Mbps), RF Channel:  4 (SP:  -75), Packet Type: Unknown",2
69,25.8257395,,,BT BR/EDR RF,22,0x0029cfc6,"Transport: Any (BR 1Mbps), RF Channel: 12 (SP:  -72), Packet Type: Unknown",2
70,26.5869037,,,BT BR/EDR RF,22,0x0021c4f4,"Transport: Any (BR 1Mbps), RF Channel: 67 (SP:  -67), Packet Type: Unknown",2
71,26.7025046,,,BT BR/EDR RF,22,0x0021c4f4,"Transport: Any (BR 1Mbps), RF Channel:  5 (SP:  -77), Packet Type: Unknown",2
72,26.9071094,,,BT BR/EDR RF,22,0x0029cfc6,"Transport: Any (BR 1Mbps), RF Channel:  7 (SP:  -73), Packet Type: Unknown",2
73,26.9653385,,,BT BR/EDR RF,22,0x0021c4f4,"Transport: Any (BR 1Mbps), RF Channel: 71 (SP:  -69), Packet Type: Unknown",2
74,27.089301,,,BT BR/EDR RF,22,0x0021c4f4,"Transport: Any (BR 1Mbps), RF Channel:  9 (SP:  -76), Packet Type: Unknown",2
75,28.2636571,,,BT BR/EDR RF,22,0x0021c4f4,"Transport: Any (BR 1Mbps), RF Channel: 68 (SP:  -75), Packet Type: Unknown",2
76,28.2640562,,,BT BR/EDR RF,22,0x0021c4f4,"Transport: Any (BR 1Mbps), RF Channel: 68 (SP:  -75), Packet Type: Unknown",2
77,28.5141883,,,BT BR/EDR RF,22,0x0021c4f4,"Transport: Any (BR 1Mbps), RF Channel: 55 (SP:  -69), Packet Type: Unknown",2
78,29.4554125,,,BT BR/EDR RF,22,0x0021c4f4,"Transport: Any (BR 1Mbps), RF Channel:  1 (SP:  -75), Packet Type: Unknown",2
79,29.4658236,,,BT BR/EDR RF,22,0x0029cfc6,"Transport: Any (BR 1Mbps), RF Channel:  1 (SP:  -77), Packet Type: Unknown",2
80,29.5677989,,,BT BR/EDR RF,22,0x0021c4f4,"Transport: Any (BR 1Mbps), RF Channel: 18 (SP:  -52, NP:  -55), Packet Type: Unknown",2
81,30.2254206,,,BT BR/EDR RF,22,0x0021c4f4,"Transport: Any (BR 1Mbps), RF Channel: 56 (SP:  -70), Packet Type: Unknown",2
82,30.6085942,,,BT BR/EDR RF,22,0x0021c4f4,"Transport: Any (BR 1Mbps), RF Channel: 60 (SP:  -73), Packet Type: Unknown",2
83,31.119052,,,BT BR/EDR RF,22,0x0021c4f4,"Transport: Any (BR 1Mbps), RF Channel:  2 (SP:  -75), Packet Type: Unknown",2
84,31.3160585,,,BT BR/EDR RF,22,0x0029cfc6,"Transport: Any (BR 1Mbps), RF Channel:  4 (SP:  -76), Packet Type: Unknown",2
85,31.3982866,,,BT BR/EDR RF,22,0x0029cfc6,"Transport: Any (BR 1Mbps), RF Channel: 68 (SP:  -78), Packet Type: Unknown",2
86,32.9598902,,,BT BR/EDR RF,22,0x0021c4f4,"Transport: Any (BR 1Mbps), RF Channel: 52 (SP:  -54, NP:  -55), Packet Type: Unknown",2
87,32.9602891,,,BT BR/EDR RF,22,0x0021c4f4,"Transport: Any (BR 1Mbps), RF Channel: 52 (SP:  -54, NP:  -55), Packet Type: Unknown",2
88,33.0746657,,,BT BR/EDR RF,22,0x0021c4f4,"Transport: Any (BR 1Mbps), RF Channel: 69 (SP:  -74), Packet Type: Unknown",2
89,33.9585363,,,BT BR/EDR RF,22,0x0029cfc6,"Transport: Any (BR 1Mbps), RF Channel: 62 (SP:  -74), Packet Type: Unknown",2
90,34.027863,,,BT BR/EDR RF,22,0x0021c4f4,"Transport: Any (BR 1Mbps), RF Channel: 15 (SP:  -73), Packet Type: Unknown",2
91,34.292771,,,BT BR/EDR RF,22,0x0021c4f4,"Transport: Any (BR 1Mbps), RF Channel:  2 (SP:  -75), Packet Type: Unknown",2
92,34.4293153,,,BT BR/EDR RF,22,0x0021c4f4,"Transport: Any (BR 1Mbps), RF Channel: 51 (SP:  -72), Packet Type: Unknown",2
93,34.4758424,,,BT BR/EDR RF,22,0x0029cfc6,"Transport: Any (BR 1Mbps), RF Channel:  4 (SP:  -73), Packet Type: Unknown",2
94,35.43598,,,BT BR/EDR RF,22,0x0029cfc6,"Transport: Any (BR 1Mbps), RF Channel: 61 (SP:  -67), Packet Type: Unknown",2
95,35.7368182,,,BT BR/EDR RF,22,0x0021c4f4,"Transport: Any (BR 1Mbps), RF Channel: 48 (SP:  -73), Packet Type: Unknown",2
96,36.6648711,,,BT BR/EDR RF,22,0x0021c4f4,"Transport: Any (BR 1Mbps), RF Channel: 73 (SP:  -70), Packet Type: Unknown",2
97,37.8136715,,,BT BR/EDR RF,22,0x0021c4f4,"Transport: Any (BR 1Mbps), RF Channel: 53 (SP:  -72), Packet Type: Unknown",2
98,38.0360326,,,BT BR/EDR RF,22,0x0029cfc6,"Transport: Any (BR 1Mbps), RF Channel:  8 (SP:  -75), Packet Type: Unknown",2
99,38.5948652,,,BT BR/EDR RF,22,0x0021c4f4,"Transport: Any (BR 1Mbps), RF Channel: 61 (SP:  -77), Packet Type: Unknown",2
100,38.7296152,,,BT BR/EDR RF,22,0x0021c4f4,"Transport: Any (BR 1Mbps), RF Channel: 78 (SP:  -75), Packet Type: Unknown",2
101,38.730417,,,BT BR/EDR RF,22,0x0021c4f4,"Transport: Any (BR 1Mbps), RF Channel: 78 (SP:  -75), Packet Type: Unknown",2
102,38.8471908,,,BT BR/EDR RF,22,0x0029cfc6,"Transport: Any (BR 1Mbps), RF Channel: 16 (SP:  -74), Packet Type: Unknown",2
103,39.2304048,,,BT BR/EDR RF,22,0x0021c4f4,"Transport: Any (BR 1Mbps), RF Channel: 20 (SP:  -56), Packet Type: Unknown",2
104,39.2680006,,,BT BR/EDR RF,22,0x0021c4f4,"Transport: Any (BR 1Mbps), RF Channel: 20 (SP:  -78), Packet Type: Unknown",2
105,39.3158552,,,BT BR/EDR RF,22,0x0029cfc6,"Transport: Any (BR 1Mbps), RF Channel:  5 (SP:  -73), Packet Type: Unknown",2
106,40.3028436,,,BT BR/EDR RF,22,0x0021c4f4,"Transport: Any (BR 1Mbps), RF Channel: 62 (SP:  -74), Packet Type: Unknown",2
107,40.6892906,,,BT BR/EDR RF,22,0x0021c4f4,"Transport: Any (BR 1Mbps), RF Channel: 66 (SP:  -78), Packet Type: Unknown",2
108,40.9765607,,,BT BR/EDR RF,22,0x0021c4f4,"Transport: Any (BR 1Mbps), RF Channel: 53 (SP:  -70), Packet Type: Unknown",2
109,40.9865613,,,BT BR/EDR RF,22,0x00390ee3,"Transport: Any (BR 1Mbps), RF Channel: 53 (SP:  -75), Packet Type: Unknown",2
110,41.2209115,,,BT BR/EDR RF,22,0x0029cfc6,"Transport: Any (BR 1Mbps), RF Channel:  8 (SP:  -75), Packet Type: Unknown",2
111,41.4985386,,,BT BR/EDR RF,22,0x0021c4f4,"Transport: Any (BR 1Mbps), RF Channel: 74 (SP:  -73), Packet Type: Unknown",2
112,41.6028891,,,BT BR/EDR RF,22,0x0021c4f4,"Transport: Any (BR 1Mbps), RF Channel: 12 (SP:  -72), Packet Type: Unknown",2
113,42.2528596,,,BT BR/EDR RF,22,0x00390ee3,"Transport: Any (BR 1Mbps), RF Channel: 50 (SP:  -78), Packet Type: Unknown",2
114,42.2584593,,,BT BR/EDR RF,22,0x0021c4f4,"Transport: Any (BR 1Mbps), RF Channel: 50 (SP:  -73), Packet Type: Unknown",2
115,42.2592601,,,BT BR/EDR RF,22,0x0021c4f4,"Transport: Any (BR 1Mbps), RF Channel: 50 (SP:  -70), Packet Type: Unknown",2
116,42.2821844,,,BT BR/EDR RF,22,0x0029cfc6,"Transport: Any (BR 1Mbps), RF Channel:  3 (SP:  -74), Packet Type: Unknown",2
117,42.305792,,,BT BR/EDR RF,22,0x0029cfc6,"Transport: Any (BR 1Mbps), RF Channel:  3 (SP:  -45, NP:  -55), Packet Type: Unknown",2
118,42.3973602,,,BT BR/EDR RF,22,0x0021c4f4,"Transport: Any (BR 1Mbps), RF Channel: 20 (SP:  -80), Packet Type: Unknown",2
119,42.3977592,,,BT BR/EDR RF,22,0x0021c4f4,"Transport: Any (BR 1Mbps), RF Channel: 20 (SP:  -77), Packet Type: Unknown",2
120,42.5277338,,,BT BR/EDR RF,22,0x00390ee3,"Transport: Any (BR 1Mbps), RF Channel: 37 (SP:  -72), Packet Type: Unknown",2
121,42.6802305,,,BT BR/EDR RF,22,0x0029cfc6,"Transport: Any (BR 1Mbps), RF Channel:  7 (SP:  -81), Packet Type: Unknown",2
122,42.6810316,,,BT BR/EDR RF,22,0x0029cfc6,"Transport: Any (BR 1Mbps), RF Channel:  7 (SP:  -73), Packet Type: Unknown",2
123,43.0553626,,,BT BR/EDR RF,22,0x0021c4f4,"Transport: Any (BR 1Mbps), RF Channel: 58 (SP:  -73), Packet Type: Unknown",2
124,43.1428212,,,BT BR/EDR RF,22,0x00390ee3,"Transport: Any (BR 1Mbps), RF Channel: 43 (SP:  -75), Packet Type: Unknown",2
125,43.1585393,,,BT BR/EDR RF,22,0x0021c4f4,"Transport: Any (BR 1Mbps), RF Channel: 75 (SP:  -73), Packet Type: Unknown",2
126,43.2709252,,,BT BR/EDR RF,22,0x0029cfc6,"Transport: Any (BR 1Mbps), RF Channel: 13 (SP:  -33, NP:  -55), Packet Type: Unknown",2
127,43.9690415,,,BT BR/EDR RF,22,0x0021c4f4,"Transport: Any (BR 1Mbps), RF Channel:  4 (SP:  -75), Packet Type: Unknown",2
128,44.353445,,,BT BR/EDR RF,22,0x0021c4f4,"Transport: Any (BR 1Mbps), RF Channel:  8 (SP:  -33, NP:  -55), Packet Type: Unknown",2
129,44.7554009,,,BT BR/EDR RF,22,0x0029cfc6,"Transport: Any (BR 1Mbps), RF Channel: 12 (SP:  -82), Packet Type: Unknown",2
130,45.1857695,,,BT BR/EDR RF,22,0x0029cfc6,"Transport: Any (BR 1Mbps), RF Channel: 16 (SP:  -77), Packet Type: Unknown",2
131,45.4646752,,,BT BR/EDR RF,22,0x0029cfc6,"Transport: Any (BR 1Mbps), RF Channel:  3 (SP:  -77), Packet Type: Unknown",2
132,45.542096,,,BT BR/EDR RF,22,0x0021c4f4,"Transport: Any (BR 1Mbps), RF Channel: 67 (SP:  -81), Packet Type: Unknown",2
133,45.815324,,,BT BR/EDR RF,22,0x0021c4f4,"Transport: Any (BR 1Mbps), RF Channel: 54 (SP:  -70), Packet Type: Unknown",2
134,45.9448681,,,BT BR/EDR RF,22,0x0021c4f4,"Transport: Any (BR 1Mbps), RF Channel: 71 (SP:  -74), Packet Type: Unknown",2
135,46.0480228,,,BT BR/EDR RF,22,0x0021c4f4,"Transport: Any (BR 1Mbps), RF Channel:  9 (SP:  -73), Packet Type: Unknown",2
136,46.3372881,,,BT BR/EDR RF,22,0x0021c4f4,"Transport: Any (BR 1Mbps), RF Channel: 75 (SP:  -73), Packet Type: Unknown",2
137,46.86488,,,BT BR/EDR RF,22,0x0021c4f4,"Transport: Any (BR 1Mbps), RF Channel: 17 (SP:  -79), Packet Type: Unknown",2
138,46.8652801,,,BT BR/EDR RF,22,0x0021c4f4,"Transport: Any (BR 1Mbps), RF Channel: 17 (SP:  -74), Packet Type: Unknown",2
139,47.4928366,,,BT BR/EDR RF,22,0x0021c4f4,"Transport: Any (BR 1Mbps), RF Channel: 55 (SP:  -69), Packet Type: Unknown",2
140,47.8809277,,,BT BR/EDR RF,22,0x0021c4f4,"Transport: Any (BR 1Mbps), RF Channel: 59 (SP:  -76), Packet Type: Unknown",2
141,47.8817266,,,BT BR/EDR RF,22,0x0021c4f4,"Transport: Any (BR 1Mbps), RF Channel: 59 (SP:  -72), Packet Type: Unknown",2
142,48.2954011,,,BT BR/EDR RF,22,0x0021c4f4,"Transport: Any (BR 1Mbps), RF Channel: 63 (SP:  -74), Packet Type: Unknown",2
143,48.4029861,,,BT BR/EDR RF,22,0x0021c4f4,"Transport: Any (BR 1Mbps), RF Channel:  1 (SP:  -74), Packet Type: Unknown",2
144,48.6898272,,,BT BR/EDR RF,22,0x0021c4f4,"Transport: Any (BR 1Mbps), RF Channel: 67 (SP:  -77), Packet Type: Unknown",2
145,50.2602155,,,BT BR/EDR RF,22,0x0021c4f4,"Transport: Any (BR 1Mbps), RF Channel: 51 (SP:  -57), Packet Type: Unknown",2
146,50.381006,,,BT BR/EDR RF,22,0x0021c4f4,"Transport: Any (BR 1Mbps), RF Channel: 68 (SP:  -63), Packet Type: Unknown",2
147,50.6554511,,,BT BR/EDR RF,22,0x0021c4f4,"Transport: Any (BR 1Mbps), RF Channel: 55 (SP:  -60), Packet Type: Unknown",2
148,50.8789678,,,BT BR/EDR RF,22,0x0021c4f4,"Transport: Any (BR 1Mbps), RF Channel: 10 (SP:  -75), Packet Type: Unknown",2
149,51.9133929,,,BT BR/EDR RF,22,0x0021c4f4,"Transport: Any (BR 1Mbps), RF Channel: 52 (SP:  -73), Packet Type: Unknown",2
150,53.1242091,,,BT BR/EDR RF,22,0x0021c4f4,"Transport: Any (BR 1Mbps), RF Channel: 64 (SP:  -76), Packet Type: Unknown",2
151,53.2490203,,,BT BR/EDR RF,22,0x0021c4f4,"Transport: Any (BR 1Mbps), RF Channel:  2 (SP:  -74), Packet Type: Unknown",2
152,53.6634446,,,BT BR/EDR RF,22,0x0021c4f4,"Transport: Any (BR 1Mbps), RF Channel:  6 (SP:  -77), Packet Type: Unknown",2
153,54.0335207,,,BT BR/EDR RF,22,0x0021c4f4,"Transport: Any (BR 1Mbps), RF Channel: 10 (SP:  -79), Packet Type: Unknown",2
154,54.0339211,,,BT BR/EDR RF,22,0x0021c4f4,"Transport: Any (BR 1Mbps), RF Channel: 10 (SP:  -78), Packet Type: Unknown",2
155,54.1630871,,,BT BR/EDR RF,22,0x0092e101,"Transport: Any (BR 1Mbps), RF Channel: 27 (SP:  -75), Packet Type: Unknown",2
156,54.1892025,,,BT BR/EDR RF,22,0x0021c4f4,"Transport: Any (BR 1Mbps), RF Channel: 59 (SP:  -70), Packet Type: Unknown",2
157,54.6854686,,,BT BR/EDR RF,22,0x0021c4f4,"Transport: Any (BR 1Mbps), RF Channel: 48 (SP:  -72), Packet Type: Unknown",2
158,55.0935892,,,BT BR/EDR RF,22,0x0021c4f4,"Transport: Any (BR 1Mbps), RF Channel: 52 (SP:  -69), Packet Type: Unknown",2
159,55.0939889,,,BT BR/EDR RF,22,0x0021c4f4,"Transport: Any (BR 1Mbps), RF Channel: 52 (SP:  -69), Packet Type: Unknown",2
160,55.2183596,,,BT BR/EDR RF,22,0x0021c4f4,"Transport: Any (BR 1Mbps), RF Channel: 69 (SP:  -49, NP:  -55), Packet Type: Unknown",2
161,55.2191594,,,BT BR/EDR RF,22,0x0021c4f4,"Transport: Any (BR 1Mbps), RF Channel: 69 (SP:  -49, NP:  -55), Packet Type: Unknown",2
162,55.3187105,,,BT BR/EDR RF,22,0x002ff7a8,"Transport: Any (BR 1Mbps), RF Channel:  7 (SP:  -10, NP:  -55), Packet Type: Unknown",2
163,55.3287116,,,BT BR/EDR RF,22,0x002ff7a8,"Transport: Any (BR 1Mbps), RF Channel:  7 (SP:  -10, NP:  -55), Packet Type: Unknown",2
164,55.3335165,,,BT BR/EDR RF,22,0x0029cfc6,"Transport: Any (BR 1Mbps), RF Channel:  7 (SP:  -73), Packet Type: Unknown",2
165,55.4370952,,,BT BR/EDR RF,22,0x002ff7a8,"Transport: Any (BR 1Mbps), RF Channel: 24 (SP:  -77), Packet Type: Unknown",2
166,55.457104,,,BT BR/EDR RF,22,0x002ff7a8,"Transport: Any (BR 1Mbps), RF Channel: 24 (SP:  -78), Packet Type: Unknown",2
167,55.4671105,,,BT BR/EDR RF,22,0x002ff7a8,"Transport: Any (BR 1Mbps), RF Channel: 24 (SP:  -77), Packet Type: Unknown",2
168,55.5185505,,,BT BR/EDR RF,22,0x002ff7a8,"Transport: Any (BR 1Mbps), RF Channel:  9 (SP:   -5, NP:  -55), Packet Type: Unknown",2
169,55.5285496,,,BT BR/EDR RF,22,0x002ff7a8,"Transport: Any (BR 1Mbps), RF Channel:  9 (SP:    0, NP:  -55), Packet Type: Unknown",2
170,55.5409518,,,BT BR/EDR RF,22,0x002ff7a8,"Transport: Any (BR 1Mbps), RF Channel:  9 (SP:   -5, NP:  -55), Packet Type: Unknown",2
171,55.6525451,,,BT BR/EDR RF,22,0x002ff7a8,"Transport: Any (BR 1Mbps), RF Channel: 26 (SP:  -77), Packet Type: Unknown",2
172,55.6649466,,,BT BR/EDR RF,22,0x002ff7a8,"Transport: Any (BR 1Mbps), RF Channel: 26 (SP:  -77), Packet Type: Unknown",2
173,55.6762688,,,BT BR/EDR RF,22,0x002ff7a8,"Transport: Any (BR 1Mbps), RF Channel: 58 (SP:  -74), Packet Type: Unknown",2
174,55.6862676,,,BT BR/EDR RF,22,0x002ff7a8,"Transport: Any (BR 1Mbps), RF Channel: 58 (SP:  -72), Packet Type: Unknown",2
175,55.7062743,,,BT BR/EDR RF,22,0x002ff7a8,"Transport: Any (BR 1Mbps), RF Channel: 58 (SP:  -67), Packet Type: Unknown",2
176,55.9134219,,,BT BR/EDR RF,22,0x002ff7a8,"Transport: Any (BR 1Mbps), RF Channel: 13 (SP:    0, NP:  -55), Packet Type: Unknown",2
177,55.9334295,,,BT BR/EDR RF,22,0x002ff7a8,"Transport: Any (BR 1Mbps), RF Channel: 13 (SP:    0, NP:  -55), Packet Type: Unknown",2
178,55.9434295,,,BT BR/EDR RF,22,0x002ff7a8,"Transport: Any (BR 1Mbps), RF Channel: 13 (SP:    0, NP:  -55), Packet Type: Unknown",2
179,56.0698716,,,BT BR/EDR RF,22,0x002ff7a8,"Transport: Any (BR 1Mbps), RF Channel: 62 (SP:    0, NP:  -55), Packet Type: Unknown",2
180,56.077474,,,BT BR/EDR RF,22,0x002ff7a8,"Transport: Any (BR 1Mbps), RF Channel: 62 (SP:  -75), Packet Type: Unknown",2
181,56.0798724,,,BT BR/EDR RF,22,0x002ff7a8,"Transport: Any (BR 1Mbps), RF Channel: 62 (SP:    0, NP:  -55), Packet Type: Unknown",2
182,56.0898725,,,BT BR/EDR RF,22,0x002ff7a8,"Transport: Any (BR 1Mbps), RF Channel: 62 (SP:    0, NP:  -55), Packet Type: Unknown",2
183,56.1387923,,,BT BR/EDR RF,22,0x002ff7a8,"Transport: Any (BR 1Mbps), RF Channel: 15 (SP:  -75), Packet Type: Unknown",2
184,56.1451887,,,BT BR/EDR RF,22,0x0021c4f4,"Transport: Any (BR 1Mbps), RF Channel: 15 (SP:  -65), Packet Type: Unknown",2
185,56.2495873,,,BT BR/EDR RF,22,0x00347a8c,"Transport: Any (BR 1Mbps), RF Channel: 32 (SP:    0, NP:  -55), Packet Type: Unknown",2
186,56.314646,,,BT BR/EDR RF,22,0x00347a8c,"Transport: Any (BR 1Mbps), RF Channel: 17 (SP:    0, NP:  -55), Packet Type: Unknown",2
187,56.3478303,,,BT BR/EDR RF,22,0x00347a8c,"Transport: Any (BR 1Mbps), RF Channel: 17 (SP:  -75), Packet Type: Unknown",2
188,56.3607675,,,BT BR/EDR RF,22,0x00347a8c,"Transport: Any (BR 1Mbps), RF Channel: 49 (SP:    0, NP:  -55), Packet Type: Unknown",2
189,56.4096901,,,BT BR/EDR RF,22,0x00347a8c,"Transport: Any (BR 1Mbps), RF Channel:  2 (SP:    0, NP:  -55), Packet Type: Unknown",2
190,56.4703027,,,BT BR/EDR RF,22,0x002ff7a8,"Transport: Any (BR 1Mbps), RF Channel: 66 (SP:    0, NP:  -55), Packet Type: Unknown",2
191,56.5248125,,,BT BR/EDR RF,22,0x002ff7a8,"Transport: Any (BR 1Mbps), RF Channel: 19 (SP:  -71), Packet Type: Unknown",2
192,56.5272122,,,BT BR/EDR RF,22,0x0021c4f4,"Transport: Any (BR 1Mbps), RF Channel: 19 (SP:  -71), Packet Type: Unknown",2
193,56.6820755,,,BT BR/EDR RF,22,0x002ff7a8,"Transport: Any (BR 1Mbps), RF Channel: 68 (SP:  -73), Packet Type: Unknown",2
194,56.6828775,,,BT BR/EDR RF,22,0x002ff7a8,"Transport: Any (BR 1Mbps), RF Channel: 68 (SP:  -73), Packet Type: Unknown",2
195,56.705278,,,BT BR/EDR RF,22,0x002ff7a8,"Transport: Any (BR 1Mbps), RF Channel: 68 (SP:    0, NP:  -55), Packet Type: Unknown",2
196,56.7185914,,,BT BR/EDR RF,22,0x002ff7a8,"Transport: Any (BR 1Mbps), RF Channel: 21 (SP:    0, NP:  -55), Packet Type: Unknown",2
197,56.7221915,,,BT BR/EDR RF,22,0x002ff7a8,"Transport: Any (BR 1Mbps), RF Channel: 21 (SP:    0, NP:  -55), Packet Type: Unknown",2
198,56.7523065,,,BT BR/EDR RF,22,0x002ff7a8,"Transport: Any (BR 1Mbps), RF Channel: 53 (SP:  -67), Packet Type: Unknown",2
199,56.7871053,,,BT BR/EDR RF,22,0x002ff7a8,"Transport: Any (BR 1Mbps), RF Channel: 53 (SP:  -72), Packet Type: Unknown",2
200,56.8890575,,,BT BR/EDR RF,22,0x002ff7a8,"Transport: Any (BR 1Mbps), RF Channel: 70 (SP:  -73), Packet Type: Unknown",2
201,57.1727655,,,BT BR/EDR RF,22,0x002ff7a8,"Transport: Any (BR 1Mbps), RF Channel: 57 (SP:  -73), Packet Type: Unknown",2
202,57.1984793,,,BT BR/EDR RF,22,0x0029cfc6,"Transport: Any (BR 1Mbps), RF Channel: 10 (SP:  -75), Packet Type: Unknown",2
203,57.3621882,,,BT BR/EDR RF,22,0x002ff7a8,"Transport: Any (BR 1Mbps), RF Channel: 59 (SP:  -72), Packet Type: Unknown",2
204,58.0795905,,,BT BR/EDR RF,22,0x002ff7a8,"Transport: Any (BR 1Mbps), RF Channel:  3 (SP:    0, NP:  -55), Packet Type: Unknown",2
205,58.1702245,,,BT BR/EDR RF,22,0x002ff7a8,"Transport: Any (BR 1Mbps), RF Channel: 67 (SP:    0, NP:  -55), Packet Type: Unknown",2
206,58.2320969,,,BT BR/EDR RF,22,0x002ff7a8,"Transport: Any (BR 1Mbps), RF Channel: 52 (SP:  -71), Packet Type: Unknown",2
207,58.3435427,,,BT BR/EDR RF,22,0x002ff7a8,"Transport: Any (BR 1Mbps), RF Channel: 37 (SP:  -49, NP:  -55), Packet Type: Unknown",2
208,58.4097896,,,BT BR/EDR RF,22,0x002ff7a8,"Transport: Any (BR 1Mbps), RF Channel: 22 (SP:    0, NP:  -55), Packet Type: Unknown",2
209,58.4101893,,,BT BR/EDR RF,22,0x002ff7a8,"Transport: Any (BR 1Mbps), RF Channel: 22 (SP:    0, NP:  -55), Packet Type: Unknown",2
210,58.7283916,,,BT BR/EDR RF,22,0x002ff7a8,"Transport: Any (BR 1Mbps), RF Channel: 41 (SP:  -72), Packet Type: Unknown",2
211,58.88729,,,BT BR/EDR RF,22,0x0029cfc6,"Transport: Any (BR 1Mbps), RF Channel: 11 (SP:  -75), Packet Type: Unknown",2
212,59.1601573,,,BT BR/EDR RF,22,0x002ff7a8,"Transport: Any (BR 1Mbps), RF Channel: 77 (SP:    0, NP:  -55), Packet Type: Unknown",2
213,59.2796997,,,BT BR/EDR RF,22,0x002ff7a8,"Transport: Any (BR 1Mbps), RF Channel: 15 (SP:    0, NP:  -55), Packet Type: Unknown",2
214,59.4441562,,,BT BR/EDR RF,22,0x0029cfc6,"Transport: Any (BR 1Mbps), RF Channel: 64 (SP:  -81), Packet Type: Unknown",2
215,59.546018,,,BT BR/EDR RF,22,0x0021c4f4,"Transport: Any (BR 1Mbps), RF Channel: 49 (SP:  -72), Packet Type: Unknown",2
216,59.5464181,,,BT BR/EDR RF,22,0x0021c4f4,"Transport: Any (BR 1Mbps), RF Channel: 49 (SP:  -71), Packet Type: Unknown",2
217,60.3265021,,,BT BR/EDR RF,22,0x0021c4f4,"Transport: Any (BR 1Mbps), RF Channel: 57 (SP:  -65), Packet Type: Unknown",2
218,60.4247421,,,BT BR/EDR RF,22,0x002ff7a8,"Transport: Any (BR 1Mbps), RF Channel: 42 (SP:    0, NP:  -55), Packet Type: Unknown",2
219,60.4432577,,,BT BR/EDR RF,22,0x0021c4f4,"Transport: Any (BR 1Mbps), RF Channel: 74 (SP:  -70), Packet Type: Unknown",2
220,60.544691,,,BT BR/EDR RF,22,0x002ff7a8,"Transport: Any (BR 1Mbps), RF Channel: 59 (SP:    0, NP:  -55), Packet Type: Unknown",2
221,60.7172743,,,BT BR/EDR RF,22,0x0029cfc6,"Transport: Any (BR 1Mbps), RF Channel: 61 (SP:  -75), Packet Type: Unknown",2
222,61.3852846,,,BT BR/EDR RF,22,0x0021c4f4,"Transport: Any (BR 1Mbps), RF Channel: 20 (SP:  -77), Packet Type: Unknown",2
223,61.970367,,,BT BR/EDR RF,22,0x002ff7a8,"Transport: Any (BR 1Mbps), RF Channel: 26 (SP:    0, NP:  -55), Packet Type: Unknown",2
224,62.754478,,,BT BR/EDR RF,22,0x002ff7a8,"Transport: Any (BR 1Mbps), RF Channel: 34 (SP:  -63), Packet Type: Unknown",2
225,62.8234257,,,BT BR/EDR RF,22,0x002ff7a8,"Transport: Any (BR 1Mbps), RF Channel: 66 (SP:  -74), Packet Type: Unknown",2
226,62.9390036,,,BT BR/EDR RF,22,0x0021c4f4,"Transport: Any (BR 1Mbps), RF Channel:  4 (SP:  -75), Packet Type: Unknown",2
227,63.1934215,,,BT BR/EDR RF,22,0x0021c4f4,"Transport: Any (BR 1Mbps), RF Channel: 70 (SP:  -69), Packet Type: Unknown",2
228,63.3270229,,,BT BR/EDR RF,22,0x0021c4f4,"Transport: Any (BR 1Mbps), RF Channel:  8 (SP:  -79), Packet Type: Unknown",2
229,63.3278227,,,BT BR/EDR RF,22,0x0021c4f4,"Transport: Any (BR 1Mbps), RF Channel:  8 (SP:  -77), Packet Type: Unknown",2
230,63.6809357,,,BT BR/EDR RF,22,0x0029cfc6,"Transport: Any (BR 1Mbps), RF Channel: 59 (SP:  -38, NP:  -55), Packet Type: Unknown",2
231,63.8887108,,,BT BR/EDR RF,22,0x0024f6b6,"Transport: Any (BR 1Mbps), RF Channel: 61 (SP:  -75), Packet Type: Unknown",2
232,64.0901612,,,BT BR/EDR RF,22,0x002ff7a8,"Transport: Any (BR 1Mbps), RF Channel: 63 (SP:    0, NP:  -55), Packet Type: Unknown",2
233,64.369464,,,BT BR/EDR RF,22,0x0021c4f4,"Transport: Any (BR 1Mbps), RF Channel: 50 (SP:  -73), Packet Type: Unknown",2
234,65.283889,,,BT BR/EDR RF,22,0x0021c4f4,"Transport: Any (BR 1Mbps), RF Channel: 75 (SP:  -69), Packet Type: Unknown",2
235,65.3902362,,,BT BR/EDR RF,22,0x0021c4f4,"Transport: Any (BR 1Mbps), RF Channel: 13 (SP:  -35, NP:  -55), Packet Type: Unknown",2
236,65.4278408,,,BT BR/EDR RF,22,0x0021c4f4,"Transport: Any (BR 1Mbps), RF Channel: 13 (SP:  -68), Packet Type: Unknown",2
237,65.4347571,,,BT BR/EDR RF,22,0x002ff7a8,"Transport: Any (BR 1Mbps), RF Channel: 45 (SP:  -71), Packet Type: Unknown",2
238,65.4351565,,,BT BR/EDR RF,22,0x002ff7a8,"Transport: Any (BR 1Mbps), RF Channel: 45 (SP:  -71), Packet Type: Unknown",2
239,65.4639561,,,BT BR/EDR RF,22,0x002ff7a8,"Transport: Any (BR 1Mbps), RF Channel: 45 (SP:  -70), Packet Type: Unknown",2
240,65.6814715,,,BT BR/EDR RF,22,0x0021c4f4,"Transport: Any (BR 1Mbps), RF Channel:  0 (SP:  -75), Packet Type: Unknown",2
241,66.0870925,,,BT BR/EDR RF,22,0x0029cfc6,"Transport: Any (BR 1Mbps), RF Channel:  4 (SP:  -74), Packet Type: Unknown",2
242,66.0950955,,,BT BR/EDR RF,22,0x0021c4f4,"Transport: Any (BR 1Mbps), RF Channel:  4 (SP:  -77), Packet Type: Unknown",2
243,67.2395165,,,BT BR/EDR RF,22,0x0021c4f4,"Transport: Any (BR 1Mbps), RF Channel: 63 (SP:  -80), Packet Type: Unknown",2
244,67.3694657,,,BT BR/EDR RF,22,0x0029cfc6,"Transport: Any (BR 1Mbps), RF Channel:  1 (SP:  -80), Packet Type: Unknown",2
245,67.6415381,,,BT BR/EDR RF,22,0x0021c4f4,"Transport: Any (BR 1Mbps), RF Channel: 67 (SP:  -68), Packet Type: Unknown",2
246,67.7374072,,,BT BR/EDR RF,22,0x008df7e7,"Transport: Any (BR 1Mbps), RF Channel: 52 (SP:  -79), Packet Type: Unknown",2
247,67.7683326,,,BT BR/EDR RF,22,0x0021c4f4,"Transport: Any (BR 1Mbps), RF Channel:  5 (SP:  -74), Packet Type: Unknown",2
248,67.8991365,,,BT BR/EDR RF,22,0x0029cfc6,"Transport: Any (BR 1Mbps), RF Channel: 22 (SP:  -77), Packet Type: Unknown",2
249,68.5676571,,,BT BR/EDR RF,22,0x0021c4f4,"Transport: Any (BR 1Mbps), RF Channel: 13 (SP:  -75), Packet Type: Unknown",2
250,69.1964283,,,BT BR/EDR RF,22,0x0021c4f4,"Transport: Any (BR 1Mbps), RF Channel: 51 (SP:  -71), Packet Type: Unknown",2
251,69.3460041,,,BT BR/EDR RF,22,0x0029cfc6,"Transport: Any (BR 1Mbps), RF Channel: 68 (SP:  -75), Packet Type: Unknown",2
252,69.738454,,,BT BR/EDR RF,22,0x0021c4f4,"Transport: Any (BR 1Mbps), RF Channel: 72 (SP:  -72), Packet Type: Unknown",2
253,70.0189094,,,BT BR/EDR RF,22,0x0021c4f4,"Transport: Any (BR 1Mbps), RF Channel: 59 (SP:  -73), Packet Type: Unknown",2
254,70.4189085,,,BT BR/EDR RF,22,0x0021c4f4,"Transport: Any (BR 1Mbps), RF Channel: 63 (SP:  -54, NP:  -55), Packet Type: Unknown",2
255,70.667608,,,BT BR/EDR RF,22,0x0021c4f4,"Transport: Any (BR 1Mbps), RF Channel: 18 (SP:  -53, NP:  -55), Packet Type: Unknown",2
256,71.0259472,,,BT BR/EDR RF,22,0x0029cfc6,"Transport: Any (BR 1Mbps), RF Channel: 69 (SP:  -75), Packet Type: Unknown",2
257,71.7457189,,,BT BR/EDR RF,22,0x0029cfc6,"Transport: Any (BR 1Mbps), RF Channel: 13 (SP:  -76), Packet Type: Unknown",2
258,71.9459445,,,BT BR/EDR RF,22,0x0029cfc6,"Transport: Any (BR 1Mbps), RF Channel: 15 (SP:  -77), Packet Type: Unknown",2
259,72.3757591,,,BT BR/EDR RF,22,0x0021c4f4,"Transport: Any (BR 1Mbps), RF Channel: 51 (SP:  -73), Packet Type: Unknown",2
260,72.6244692,,,BT BR/EDR RF,22,0x0021c4f4,"Transport: Any (BR 1Mbps), RF Channel:  6 (SP:  -79), Packet Type: Unknown",2
261,72.6252687,,,BT BR/EDR RF,22,0x0021c4f4,"Transport: Any (BR 1Mbps), RF Channel:  6 (SP:  -73), Packet Type: Unknown",2
262,72.8809483,,,BT BR/EDR RF,22,0x0021c4f4,"Transport: Any (BR 1Mbps), RF Channel: 72 (SP:  -72), Packet Type: Unknown",2
263,73.8226132,,,BT BR/EDR RF,22,0x0021c4f4,"Transport: Any (BR 1Mbps), RF Channel: 18 (SP:  -73), Packet Type: Unknown",2
264,74.4609502,,,BT BR/EDR RF,22,0x0021c4f4,"Transport: Any (BR 1Mbps), RF Channel: 56 (SP:  -71), Packet Type: Unknown",2
265,74.461348,,,BT BR/EDR RF,22,0x0021c4f4,"Transport: Any (BR 1Mbps), RF Channel: 56 (SP:  -71), Packet Type: Unknown",2
266,74.583271,,,BT BR/EDR RF,22,0x0021c4f4,"Transport: Any (BR 1Mbps), RF Channel: 73 (SP:  -71), Packet Type: Unknown",2
267,74.8488938,,,BT BR/EDR RF,22,0x0021c4f4,"Transport: Any (BR 1Mbps), RF Channel: 60 (SP:  -60), Packet Type: Unknown",2
268,74.9544683,,,BT BR/EDR RF,22,0x0021c4f4,"Transport: Any (BR 1Mbps), RF Channel: 77 (SP:  -77), Packet Type: Unknown",2
269,75.3589232,,,BT BR/EDR RF,22,0x0021c4f4,"Transport: Any (BR 1Mbps), RF Channel:  2 (SP:  -76), Packet Type: Unknown",2
270,75.7801108,,,BT BR/EDR RF,22,0x0021c4f4,"Transport: Any (BR 1Mbps), RF Channel:  6 (SP:  -74), Packet Type: Unknown",2
271,76.5412701,,,BT BR/EDR RF,22,0x0021c4f4,"Transport: Any (BR 1Mbps), RF Channel: 61 (SP:  -75), Packet Type: Unknown",2
272,76.5645831,,,BT BR/EDR RF,22,0x0029cfc6,"Transport: Any (BR 1Mbps), RF Channel: 14 (SP:  -75), Packet Type: Unknown",2
273,77.4321189,,,BT BR/EDR RF,22,0x0021c4f4,"Transport: Any (BR 1Mbps), RF Channel:  7 (SP:  -78), Packet Type: Unknown",2
274,77.4325178,,,BT BR/EDR RF,22,0x0021c4f4,"Transport: Any (BR 1Mbps), RF Channel:  7 (SP:  -74), Packet Type: Unknown",2
275,77.6655131,,,BT BR/EDR RF,22,0x0029cfc6,"Transport: Any (BR 1Mbps), RF Channel:  9 (SP:  -75), Packet Type: Unknown",2
276,77.865751,,,BT BR/EDR RF,22,0x0029cfc6,"Transport: Any (BR 1Mbps), RF Channel: 11 (SP:  -74), Packet Type: Unknown",2
277,78.1393908,,,BT BR/EDR RF,22,0x0021c4f4,"Transport: Any (BR 1Mbps), RF Channel: 77 (SP:  -73), Packet Type: Unknown",2
278,78.6665431,,,BT BR/EDR RF,22,0x0021c4f4,"Transport: Any (BR 1Mbps), RF Channel: 19 (SP:  -74), Packet Type: Unknown",2
279,78.8852721,,,BT BR/EDR RF,22,0x0021c4f4,"Transport: Any (BR 1Mbps), RF Channel: 53 (SP:  -69), Packet Type: Unknown",2
280,79.1456348,,,BT BR/EDR RF,22,0x0029cfc6,"Transport: Any (BR 1Mbps), RF Channel:  8 (SP:  -65), Packet Type: Unknown",2
281,79.3057293,,,BT BR/EDR RF,22,0x0021c4f4,"Transport: Any (BR 1Mbps), RF Channel: 57 (SP:  -72), Packet Type: Unknown",2
282,79.3065298,,,BT BR/EDR RF,22,0x0021c4f4,"Transport: Any (BR 1Mbps), RF Channel: 57 (SP:  -72), Packet Type: Unknown",2
283,79.5245147,,,BT BR/EDR RF,22,0x0029cfc6,"Transport: Any (BR 1Mbps), RF Channel: 12 (SP:  -77), Packet Type: Unknown",2
284,79.8234063,,,BT BR/EDR RF,22,0x0021c4f4,"Transport: Any (BR 1Mbps), RF Channel: 78 (SP:  -65), Packet Type: Unknown",2
285,81.0254832,,,BT BR/EDR RF,22,0x0029cfc6,"Transport: Any (BR 1Mbps), RF Channel: 11 (SP:  -75), Packet Type: Unknown",2
286,81.3613672,,,BT BR/EDR RF,22,0x0021c4f4,"Transport: Any (BR 1Mbps), RF Channel: 62 (SP:  -75), Packet Type: Unknown",2
287,81.9054655,,,BT BR/EDR RF,22,0x0029cfc6,"Transport: Any (BR 1Mbps), RF Channel:  4 (SP:  -78), Packet Type: Unknown",2
288,82.2970541,,,BT BR/EDR RF,22,0x0021c4f4,"Transport: Any (BR 1Mbps), RF Channel:  8 (SP:  -77), Packet Type: Unknown",2
289,82.5056847,,,BT BR/EDR RF,22,0x0029cfc6,"Transport: Any (BR 1Mbps), RF Channel: 10 (SP:  -76), Packet Type: Unknown",2
290,82.6870938,,,BT BR/EDR RF,22,0x0021c4f4,"Transport: Any (BR 1Mbps), RF Channel: 12 (SP:  -86), Packet Type: Unknown",2
291,83.4800405,,,BT BR/EDR RF,22,0x0021c4f4,"Transport: Any (BR 1Mbps), RF Channel: 20 (SP:  -74), Packet Type: Unknown",2
292,83.7195688,,,BT BR/EDR RF,22,0x0021c4f4,"Transport: Any (BR 1Mbps), RF Channel: 54 (SP:  -72), Packet Type: Unknown",2
293,83.719969,,,BT BR/EDR RF,22,0x0021c4f4,"Transport: Any (BR 1Mbps), RF Channel: 54 (SP:  -71), Packet Type: Unknown",2
294,84.0341206,,,BT BR/EDR RF,22,0x002ff7a8,"Transport: Any (BR 1Mbps), RF Channel: 73 (SP:  -81), Packet Type: Unknown",2
295,84.1307662,,,BT BR/EDR RF,22,0x0021c4f4,"Transport: Any (BR 1Mbps), RF Channel: 58 (SP:  -72), Packet Type: Unknown",2
296,84.5151942,,,BT BR/EDR RF,22,0x0021c4f4,"Transport: Any (BR 1Mbps), RF Channel: 62 (SP:  -76), Packet Type: Unknown",2
297,85.1155107,,,BT BR/EDR RF,22,0x0029cfc6,"Transport: Any (BR 1Mbps), RF Channel: 68 (SP:  -75), Packet Type: Unknown",2
298,85.4734202,,,BT BR/EDR RF,22,0x002ff7a8,"Transport: Any (BR 1Mbps), RF Channel: 40 (SP:    0, NP:  -55), Packet Type: Unknown",2
299,85.8649367,,,BT BR/EDR RF,22,0x0021c4f4,"Transport: Any (BR 1Mbps), RF Channel: 12 (SP:  -65), Packet Type: Unknown",2
300,85.9548888,,,BT BR/EDR RF,22,0x002ff7a8,"Transport: Any (BR 1Mbps), RF Channel: 29 (SP:  -72), Packet Type: Unknown",2
301,86.5008776,,,BT BR/EDR RF,22,0x0021c4f4,"Transport: Any (BR 1Mbps), RF Channel: 50 (SP:  -75), Packet Type: Unknown",2
302,86.5012755,,,BT BR/EDR RF,22,0x0021c4f4,"Transport: Any (BR 1Mbps), RF Channel: 50 (SP:  -70), Packet Type: Unknown",2
303,86.8737312,,,BT BR/EDR RF,22,0x0021c4f4,"Transport: Any (BR 1Mbps), RF Channel: 54 (SP:  -72), Packet Type: Unknown",2
304,87.1168681,,,BT BR/EDR RF,22,0x0021c4f4,"Transport: Any (BR 1Mbps), RF Channel:  9 (SP:  -76), Packet Type: Unknown",2
305,87.8249487,,,BT BR/EDR RF,22,0x0021c4f4,"Transport: Any (BR 1Mbps), RF Channel:  0 (SP:  -73), Packet Type: Unknown",2
306,87.9176947,,,BT BR/EDR RF,22,0x0021c4f4,"Transport: Any (BR 1Mbps), RF Channel: 17 (SP:  -70), Packet Type: Unknown",2
307,88.9600737,,,BT BR/EDR RF,22,0x0021c4f4,"Transport: Any (BR 1Mbps), RF Channel: 59 (SP:  -74), Packet Type: Unknown",2
308,89.0908451,,,BT BR/EDR RF,22,0x0021c4f4,"Transport: Any (BR 1Mbps), RF Channel: 76 (SP:  -72), Packet Type: Unknown",2
309,89.3537858,,,BT BR/EDR RF,22,0x0021c4f4,"Transport: Any (BR 1Mbps), RF Channel: 63 (SP:  -77), Packet Type: Unknown",2
310,89.8882916,,,BT BR/EDR RF,22,0x0021c4f4,"Transport: Any (BR 1Mbps), RF Channel:  5 (SP:  -75), Packet Type: Unknown",2
311,90.691463,,,BT BR/EDR RF,22,0x0021c4f4,"Transport: Any (BR 1Mbps), RF Channel: 13 (SP:  -69), Packet Type: Unknown",2
312,91.7162049,,,BT BR/EDR RF,22,0x0021c4f4,"Transport: Any (BR 1Mbps), RF Channel: 55 (SP:  -60), Packet Type: Unknown",2
313,91.859358,,,BT BR/EDR RF,22,0x0021c4f4,"Transport: Any (BR 1Mbps), RF Channel: 72 (SP:  -72), Packet Type: Unknown",2
314,91.8601557,,,BT BR/EDR RF,22,0x0021c4f4,"Transport: Any (BR 1Mbps), RF Channel: 72 (SP:  -72), Packet Type: Unknown",2
315,92.3513431,,,BT BR/EDR RF,22,0x0021c4f4,"Transport: Any (BR 1Mbps), RF Channel: 14 (SP:  -69), Packet Type: Unknown",2
316,93.8194127,,,BT BR/EDR RF,22,0x0021c4f4,"Transport: Any (BR 1Mbps), RF Channel: 60 (SP:  -73), Packet Type: Unknown",2
317,93.8202137,,,BT BR/EDR RF,22,0x0021c4f4,"Transport: Any (BR 1Mbps), RF Channel: 60 (SP:  -73), Packet Type: Unknown",2
318,94.3142546,,,BT BR/EDR RF,22,0x0021c4f4,"Transport: Any (BR 1Mbps), RF Channel:  2 (SP:  -77), Packet Type: Unknown",2
319,94.6255305,,,BT BR/EDR RF,22,0x0021c4f4,"Transport: Any (BR 1Mbps), RF Channel: 68 (SP:  -79), Packet Type: Unknown",2
320,94.6263327,,,BT BR/EDR RF,22,0x0021c4f4,"Transport: Any (BR 1Mbps), RF Channel: 68 (SP:  -68), Packet Type: Unknown",2
321,95.1195382,,,BT BR/EDR RF,22,0x0021c4f4,"Transport: Any (BR 1Mbps), RF Channel: 10 (SP:  -70), Packet Type: Unknown",2
322,95.1199366,,,BT BR/EDR RF,22,0x0021c4f4,"Transport: Any (BR 1Mbps), RF Channel: 10 (SP:  -70), Packet Type: Unknown",2
323,95.5376077,,,BT BR/EDR RF,22,0x0021c4f4,"Transport: Any (BR 1Mbps), RF Channel: 14 (SP:  -72), Packet Type: Unknown",2
324,95.7580051,,,BT BR/EDR RF,22,0x0021c4f4,"Transport: Any (BR 1Mbps), RF Channel: 48 (SP:  -62), Packet Type: Unknown",2
325,95.7588047,,,BT BR/EDR RF,22,0x0021c4f4,"Transport: Any (BR 1Mbps), RF Channel: 48 (SP:  -63), Packet Type: Unknown",2
326,96.2792345,,,BT BR/EDR RF,22,0x0021c4f4,"Transport: Any (BR 1Mbps), RF Channel: 69 (SP:  -68), Packet Type: Unknown",2
327,97.207657,,,BT BR/EDR RF,22,0x0021c4f4,"Transport: Any (BR 1Mbps), RF Channel: 15 (SP:  -71), Packet Type: Unknown",2
328,97.6225285,,,BT BR/EDR RF,22,0x0021c4f4,"Transport: Any (BR 1Mbps), RF Channel: 19 (SP:  -74), Packet Type: Unknown",2
329,98.6492637,,,BT BR/EDR RF,22,0x0021c4f4,"Transport: Any (BR 1Mbps), RF Channel: 61 (SP:  -74), Packet Type: Unknown",2
330,99.5648431,,,BT BR/EDR RF,22,0x0021c4f4,"Transport: Any (BR 1Mbps), RF Channel:  7 (SP:  -74), Packet Type: Unknown",2
331,99.8656913,,,BT BR/EDR RF,22,0x0021c4f4,"Transport: Any (BR 1Mbps), RF Channel: 73 (SP:  -73), Packet Type: Unknown",2
332,99.9512845,,,BT BR/EDR RF,22,0x0021c4f4,"Transport: Any (BR 1Mbps), RF Channel: 11 (SP:  -32, NP:  -55), Packet Type: Unknown",2
333,100.3848766,,,BT BR/EDR RF,22,0x0021c4f4,"Transport: Any (BR 1Mbps), RF Channel: 15 (SP:  -71), Packet Type: Unknown",2
334,101.8188122,,,BT BR/EDR RF,22,0x0021c4f4,"Transport: Any (BR 1Mbps), RF Channel: 61 (SP:  -75), Packet Type: Unknown",2
335,101.9319915,,,BT BR/EDR RF,22,0x0021c4f4,"Transport: Any (BR 1Mbps), RF Channel: 78 (SP:  -75), Packet Type: Unknown",2
336,102.0299481,,,BT BR/EDR RF,22,0x0021c4f4,"Transport: Any (BR 1Mbps), RF Channel: 16 (SP:  -72), Packet Type: Unknown",2
337,102.0675517,,,BT BR/EDR RF,22,0x0021c4f4,"Transport: Any (BR 1Mbps), RF Channel: 16 (SP:  -70), Packet Type: Unknown",2
338,102.0724949,,,BT BR/EDR RF,22,0x0021c4f4,"Transport: Any (BR 1Mbps), RF Channel: 48 (SP:  -70), Packet Type: Unknown",2
339,102.4698205,,,BT BR/EDR RF,22,0x0021c4f4,"Transport: Any (BR 1Mbps), RF Channel: 52 (SP:  -70), Packet Type: Unknown",2
340,103.4793115,,,BT BR/EDR RF,22,0x0021c4f4,"Transport: Any (BR 1Mbps), RF Channel: 62 (SP:  -75), Packet Type: Unknown",2
341,103.4801113,,,BT BR/EDR RF,22,0x0021c4f4,"Transport: Any (BR 1Mbps), RF Channel: 62 (SP:  -75), Packet Type: Unknown",2
342,103.7761855,,,BT BR/EDR RF,22,0x0021c4f4,"Transport: Any (BR 1Mbps), RF Channel: 49 (SP:  -71), Packet Type: Unknown",2
343,104.2918231,,,BT BR/EDR RF,22,0x0021c4f4,"Transport: Any (BR 1Mbps), RF Channel: 70 (SP:  -75), Packet Type: Unknown",2
344,104.7042136,,,BT BR/EDR RF,22,0x0021c4f4,"Transport: Any (BR 1Mbps), RF Channel: 74 (SP:  -73), Packet Type: Unknown",2
345,105.4516867,,,BT BR/EDR RF,22,0x0021c4f4,"Transport: Any (BR 1Mbps), RF Channel: 50 (SP:  -72), Packet Type: Unknown",2
346,105.452488,,,BT BR/EDR RF,22,0x0021c4f4,"Transport: Any (BR 1Mbps), RF Channel: 50 (SP:  -70), Packet Type: Unknown",2
347,105.958134,,,BT BR/EDR RF,22,0x0021c4f4,"Transport: Any (BR 1Mbps), RF Channel: 71 (SP:  -71), Packet Type: Unknown",2
348,106.6594498,,,BT BR/EDR RF,22,0x0021c4f4,"Transport: Any (BR 1Mbps), RF Channel: 62 (SP:  -75), Packet Type: Unknown",2
349,106.6598495,,,BT BR/EDR RF,22,0x0021c4f4,"Transport: Any (BR 1Mbps), RF Channel: 62 (SP:  -75), Packet Type: Unknown",2
350,107.1651098,,,BT BR/EDR RF,22,0x0021c4f4,"Transport: Any (BR 1Mbps), RF Channel:  4 (SP:  -72), Packet Type: Unknown",2
351,107.5794807,,,BT BR/EDR RF,22,0x0021c4f4,"Transport: Any (BR 1Mbps), RF Channel:  8 (SP:  -77), Packet Type: Unknown",2
352,107.5798821,,,BT BR/EDR RF,22,0x0021c4f4,"Transport: Any (BR 1Mbps), RF Channel:  8 (SP:  -72), Packet Type: Unknown",2
353,109.1291571,,,BT BR/EDR RF,22,0x0021c4f4,"Transport: Any (BR 1Mbps), RF Channel: 71 (SP:  -75), Packet Type: Unknown",2
354,109.1299564,,,BT BR/EDR RF,22,0x0021c4f4,"Transport: Any (BR 1Mbps), RF Channel: 71 (SP:  -73), Packet Type: Unknown",2
355,109.2499454,,,BT BR/EDR RF,22,0x0021c4f4,"Transport: Any (BR 1Mbps), RF Channel:  9 (SP:  -72), Packet Type: Unknown",2
356,109.6636218,,,BT BR/EDR RF,22,0x0021c4f4,"Transport: Any (BR 1Mbps), RF Channel: 13 (SP:  -66), Packet Type: Unknown",2
357,110.2804015,,,BT BR/EDR RF,22,0x0021c4f4,"Transport: Any (BR 1Mbps), RF Channel: 51 (SP:  -72), Packet Type: Unknown",2
358,110.2812012,,,BT BR/EDR RF,22,0x0021c4f4,"Transport: Any (BR 1Mbps), RF Channel: 51 (SP:  -69), Packet Type: Unknown",2
359,110.7987645,,,BT BR/EDR RF,22,0x0021c4f4,"Transport: Any (BR 1Mbps), RF Channel: 72 (SP:  -72), Packet Type: Unknown",2
360,110.9681087,,,BT BR/EDR RF,22,0x004428a4,"Transport: Any (BR 1Mbps), RF Channel: 42 (SP:  -80), Packet Type: Unknown",2
361,111.0944637,,,BT BR/EDR RF,22,0x0021c4f4,"Transport: Any (BR 1Mbps), RF Channel: 59 (SP:  -71), Packet Type: Unknown",2
362,111.0948627,,,BT BR/EDR RF,22,0x0021c4f4,"Transport: Any (BR 1Mbps), RF Channel: 59 (SP:  -71), Packet Type: Unknown",2
363,111.6032028,,,BT BR/EDR RF,22,0x0021c4f4,"Transport: Any (BR 1Mbps), RF Channel:  1 (SP:  -78), Packet Type: Unknown",2
364,111.6036029,,,BT BR/EDR RF,22,0x0021c4f4,"Transport: Any (BR 1Mbps), RF Channel:  1 (SP:  -73), Packet Type: Unknown",2
365,112.5514036,,,BT BR/EDR RF,22,0x0033c420,"Transport: Any (BR 1Mbps), RF Channel: 58 (SP:  -62), Packet Type: Unknown",2
366,112.7913714,,,BT BR/EDR RF,22,0x0033c420,"Transport: Any (BR 1Mbps), RF Channel: 13 (SP:  -74), Packet Type: Unknown",2
367,113.0714605,,,BT BR/EDR RF,22,0x004428a4,"Transport: Any (BR 1Mbps), RF Channel:  0 (SP:  -75), Packet Type: Unknown",2
368,113.1812946,,,BT BR/EDR RF,22,0x0021c4f4,"Transport: Any (BR 1Mbps), RF Channel: 64 (SP:  -78), Packet Type: Unknown",2
369,113.454165,,,BT BR/EDR RF,22,0x0021c4f4,"Transport: Any (BR 1Mbps), RF Channel: 51 (SP:  -77), Packet Type: Unknown",2
370,113.8212602,,,BT BR/EDR RF,22,0x004428a4,"Transport: Any (BR 1Mbps), RF Channel: 23 (SP:  -73), Packet Type: Unknown",2
371,113.8605738,,,BT BR/EDR RF,22,0x0021c4f4,"Transport: Any (BR 1Mbps), RF Channel: 55 (SP:  -73), Packet Type: Unknown",2
372,114.0869351,,,BT BR/EDR RF,22,0x0021c4f4,"Transport: Any (BR 1Mbps), RF Channel: 10 (SP:  -33, NP:  -55), Packet Type: Unknown",2
373,114.0873347,,,BT BR/EDR RF,22,0x0021c4f4,"Transport: Any (BR 1Mbps), RF Channel: 10 (SP:  -35, NP:  -55), Packet Type: Unknown",2
374,114.2089086,,,BT BR/EDR RF,22,0x004428a4,"Transport: Any (BR 1Mbps), RF Channel: 27 (SP:  -70), Packet Type: Unknown",2
375,114.5107322,,,BT BR/EDR RF,22,0x004428a4,"Transport: Any (BR 1Mbps), RF Channel: 46 (SP:  -76), Packet Type: Unknown",2
376,114.9124066,,,BT BR/EDR RF,22,0x0021c4f4,"Transport: Any (BR 1Mbps), RF Channel: 50 (SP:  -69), Packet Type: Unknown",2
377,115.5462482,,,BT BR/EDR RF,22,0x0021c4f4,"Transport: Any (BR 1Mbps), RF Channel: 56 (SP:  -72), Packet Type: Unknown",2
378,116.1939127,,,BT BR/EDR RF,22,0x002ff7a8,"Transport: Any (BR 1Mbps), RF Channel: 47 (SP:    0, NP:  -55), Packet Type: Unknown",2
379,117.2976233,,,BT BR/EDR RF,22,0x004428a4,"Transport: Any (BR 1Mbps), RF Channel: 42 (SP:  -74), Packet Type: Unknown",2
380,117.3887734,,,BT BR/EDR RF,22,0x0021c4f4,"Transport: Any (BR 1Mbps), RF Channel: 59 (SP:  -41, NP:  -55), Packet Type: Unknown",2
381,117.8862222,,,BT BR/EDR RF,22,0x0021c4f4,"Transport: Any (BR 1Mbps), RF Channel: 48 (SP:  -71), Packet Type: Unknown",2
382,118.4061996,,,BT BR/EDR RF,22,0x0021c4f4,"Transport: Any (BR 1Mbps), RF Channel: 69 (SP:  -77), Packet Type: Unknown",2
383,118.6762887,,,BT BR/EDR RF,22,0x0021c4f4,"Transport: Any (BR 1Mbps), RF Channel: 56 (SP:  -68), Packet Type: Unknown",2
384,118.8278795,,,BT BR/EDR RF,22,0x0021c4f4,"Transport: Any (BR 1Mbps), RF Channel: 73 (SP:  -73), Packet Type: Unknown",2
385,120.7793506,,,BT BR/EDR RF,22,0x0021c4f4,"Transport: Any (BR 1Mbps), RF Channel: 61 (SP:  -75), Packet Type: Unknown",2
386,121.304994,,,BT BR/EDR RF,22,0x0021c4f4,"Transport: Any (BR 1Mbps), RF Channel:  3 (SP:  -71), Packet Type: Unknown",2
387,121.5742477,,,BT BR/EDR RF,22,0x0021c4f4,"Transport: Any (BR 1Mbps), RF Channel: 69 (SP:  -77), Packet Type: Unknown",2
388,121.6974462,,,BT BR/EDR RF,22,0x0021c4f4,"Transport: Any (BR 1Mbps), RF Channel:  7 (SP:  -70), Packet Type: Unknown",2
389,122.0830737,,,BT BR/EDR RF,22,0x0021c4f4,"Transport: Any (BR 1Mbps), RF Channel: 11 (SP:  -79), Packet Type: Unknown",2
390,123.2653847,,,BT BR/EDR RF,22,0x0021c4f4,"Transport: Any (BR 1Mbps), RF Channel: 70 (SP:  -73), Packet Type: Unknown",2
391,123.6541721,,,BT BR/EDR RF,22,0x0021c4f4,"Transport: Any (BR 1Mbps), RF Channel: 74 (SP:  -76), Packet Type: Unknown",2
392,123.7673613,,,BT BR/EDR RF,22,0x0021c4f4,"Transport: Any (BR 1Mbps), RF Channel: 12 (SP:  -71), Packet Type: Unknown",2
393,124.159721,,,BT BR/EDR RF,22,0x0021c4f4,"Transport: Any (BR 1Mbps), RF Channel: 16 (SP:  -70), Packet Type: Unknown",2
394,124.799363,,,BT BR/EDR RF,22,0x0021c4f4,"Transport: Any (BR 1Mbps), RF Channel: 54 (SP:  -72), Packet Type: Unknown",2
395,125.2041731,,,BT BR/EDR RF,22,0x0021c4f4,"Transport: Any (BR 1Mbps), RF Channel: 58 (SP:  -56), Packet Type: Unknown",2
396,125.2049733,,,BT BR/EDR RF,22,0x0021c4f4,"Transport: Any (BR 1Mbps), RF Channel: 58 (SP:  -72), Packet Type: Unknown",2
397,125.7205254,,,BT BR/EDR RF,22,0x0021c4f4,"Transport: Any (BR 1Mbps), RF Channel:  0 (SP:  -80), Packet Type: Unknown",2
398,126.01103,,,BT BR/EDR RF,22,0x0021c4f4,"Transport: Any (BR 1Mbps), RF Channel: 66 (SP:  -76), Packet Type: Unknown",2
399,126.1422128,,,BT BR/EDR RF,22,0x0021c4f4,"Transport: Any (BR 1Mbps), RF Channel:  4 (SP:  -72), Packet Type: Unknown",2
400,126.41185,,,BT BR/EDR RF,22,0x0021c4f4,"Transport: Any (BR 1Mbps), RF Channel: 70 (SP:  -75), Packet Type: Unknown",2
401,126.9198723,,,BT BR/EDR RF,22,0x0021c4f4,"Transport: Any (BR 1Mbps), RF Channel: 12 (SP:  -72), Packet Type: Unknown",2
402,127.3675835,,,BT BR/EDR RF,22,0x0033c420,"Transport: Any (BR 1Mbps), RF Channel: 48 (SP:  -75), Packet Type: Unknown",2
403,127.6897662,,,BT BR/EDR RF,22,0x0021c4f4,"Transport: Any (BR 1Mbps), RF Channel: 67 (SP:  -55), Packet Type: Unknown",2
404,127.9854218,,,BT BR/EDR RF,22,0x0021c4f4,"Transport: Any (BR 1Mbps), RF Channel: 54 (SP:  -45, NP:  -55), Packet Type: Unknown",2
405,127.9862215,,,BT BR/EDR RF,22,0x0021c4f4,"Transport: Any (BR 1Mbps), RF Channel: 54 (SP:  -45, NP:  -55), Packet Type: Unknown",2
406,128.0841672,,,BT BR/EDR RF,22,0x0021c4f4,"Transport: Any (BR 1Mbps), RF Channel: 71 (SP:  -72), Packet Type: Unknown",2
407,128.4842092,,,BT BR/EDR RF,22,0x0021c4f4,"Transport: Any (BR 1Mbps), RF Channel: 75 (SP:  -73), Packet Type: Unknown",2
408,129.3476089,,,BT BR/EDR RF,22,0x00ce1319,"Transport: Any (BR 1Mbps), RF Channel: 36 (SP:  -79), Packet Type: Unknown",2
409,130.0629607,,,BT BR/EDR RF,22,0x0021c4f4,"Transport: Any (BR 1Mbps), RF Channel: 59 (SP:  -65), Packet Type: Unknown",2
410,130.8421915,,,BT BR/EDR RF,22,0x0021c4f4,"Transport: Any (BR 1Mbps), RF Channel: 67 (SP:  -79), Packet Type: Unknown",2
411,130.9605853,,,BT BR/EDR RF,22,0x0021c4f4,"Transport: Any (BR 1Mbps), RF Channel:  5 (SP:  -73), Packet Type: Unknown",2
412,130.9609855,,,BT BR/EDR RF,22,0x0021c4f4,"Transport: Any (BR 1Mbps), RF Channel:  5 (SP:  -73), Packet Type: Unknown",2
413,131.2590593,,,BT BR/EDR RF,22,0x0021c4f4,"Transport: Any (BR 1Mbps), RF Channel: 71 (SP:  -73), Packet Type: Unknown",2
414,131.2598606,,,BT BR/EDR RF,22,0x0021c4f4,"Transport: Any (BR 1Mbps), RF Channel: 71 (SP:  -73), Packet Type: Unknown",2
415,131.7598866,,,BT BR/EDR RF,22,0x0021c4f4,"Transport: Any (BR 1Mbps), RF Channel: 13 (SP:  -70), Packet Type: Unknown",2
416,132.3990756,,,BT BR/EDR RF,22,0x0021c4f4,"Transport: Any (BR 1Mbps), RF Channel: 51 (SP:  -72), Packet Type: Unknown",2
417,132.3998771,,,BT BR/EDR RF,22,0x0021c4f4,"Transport: Any (BR 1Mbps), RF Channel: 51 (SP:  -70), Packet Type: Unknown",2
418,133.7235181,,,BT BR/EDR RF,22,0x0021c4f4,"Transport: Any (BR 1Mbps), RF Channel:  1 (SP:  -32, NP:  -55), Packet Type: Unknown",2
419,133.9538904,,,BT BR/EDR RF,22,0x002ff7a8,"Transport: Any (BR 1Mbps), RF Channel: 35 (SP:  -60), Packet Type: Unknown",2
420,134.1152329,,,BT BR/EDR RF,22,0x0021c4f4,"Transport: Any (BR 1Mbps), RF Channel:  5 (SP:  -75), Packet Type: Unknown",2
421,134.1160321,,,BT BR/EDR RF,22,0x0021c4f4,"Transport: Any (BR 1Mbps), RF Channel:  5 (SP:  -72), Packet Type: Unknown",2
422,135.6740087,,,BT BR/EDR RF,22,0x0021c4f4,"Transport: Any (BR 1Mbps), RF Channel: 68 (SP:  -72), Packet Type: Unknown",2
423,135.7991581,,,BT BR/EDR RF,22,0x0021c4f4,"Transport: Any (BR 1Mbps), RF Channel:  6 (SP:  -76), Packet Type: Unknown",2
424,137.2360932,,,BT BR/EDR RF,22,0x0021c4f4,"Transport: Any (BR 1Mbps), RF Channel: 52 (SP:  -69), Packet Type: Unknown",2
425,137.770433,,,BT BR/EDR RF,22,0x0021c4f4,"Transport: Any (BR 1Mbps), RF Channel: 73 (SP:  -73), Packet Type: Unknown",2
426,138.0585021,,,BT BR/EDR RF,22,0x0021c4f4,"Transport: Any (BR 1Mbps), RF Channel: 60 (SP:  -72), Packet Type: Unknown",2
427,138.570516,,,BT BR/EDR RF,22,0x0021c4f4,"Transport: Any (BR 1Mbps), RF Channel:  2 (SP:  -77), Packet Type: Unknown",2
428,138.5709158,,,BT BR/EDR RF,22,0x0021c4f4,"Transport: Any (BR 1Mbps), RF Channel:  2 (SP:  -73), Packet Type: Unknown",2
429,139.9953376,,,BT BR/EDR RF,22,0x0021c4f4,"Transport: Any (BR 1Mbps), RF Channel: 48 (SP:  -75), Packet Type: Unknown",2
430,140.1448976,,,BT BR/EDR RF,22,0x0021c4f4,"Transport: Any (BR 1Mbps), RF Channel: 65 (SP:  -75), Packet Type: Unknown",2
431,140.4153534,,,BT BR/EDR RF,22,0x0021c4f4,"Transport: Any (BR 1Mbps), RF Channel: 52 (SP:  -73), Packet Type: Unknown",2
432,140.4161546,,,BT BR/EDR RF,22,0x0021c4f4,"Transport: Any (BR 1Mbps), RF Channel: 52 (SP:  -71), Packet Type: Unknown",2
433,140.5365241,,,BT BR/EDR RF,22,0x0021c4f4,"Transport: Any (BR 1Mbps), RF Channel: 69 (SP:  -75), Packet Type: Unknown",2
434,141.4521952,,,BT BR/EDR RF,22,0x0021c4f4,"Transport: Any (BR 1Mbps), RF Channel: 15 (SP:  -70), Packet Type: Unknown",2
435,142.091744,,,BT BR/EDR RF,22,0x0021c4f4,"Transport: Any (BR 1Mbps), RF Channel: 53 (SP:  -72), Packet Type: Unknown",2
436,142.1142622,,,BT BR/EDR RF,22,0x002ff7a8,"Transport: Any (BR 1Mbps), RF Channel:  6 (SP:  -75), Packet Type: Unknown",2
437,142.8601381,,,BT BR/EDR RF,22,0x00fc41c3,"Transport: Any (BR 1Mbps), RF Channel: 29 (SP:  -61), Packet Type: Unknown",2
438,143.407909,,,BT BR/EDR RF,22,0x0021c4f4,"Transport: Any (BR 1Mbps), RF Channel:  3 (SP:  -76), Packet Type: Unknown",2
439,143.408309,,,BT BR/EDR RF,22,0x0021c4f4,"Transport: Any (BR 1Mbps), RF Channel:  3 (SP:  -73), Packet Type: Unknown",2
440,143.8110787,,,BT BR/EDR RF,22,0x0021c4f4,"Transport: Any (BR 1Mbps), RF Channel:  7 (SP:  -72), Packet Type: Unknown",2
441,144.8603722,,,BT BR/EDR RF,22,0x0021c4f4,"Transport: Any (BR 1Mbps), RF Channel: 49 (SP:  -75), Packet Type: Unknown",2
442,145.7584227,,,BT BR/EDR RF,22,0x0021c4f4,"Transport: Any (BR 1Mbps), RF Channel: 74 (SP:  -72), Packet Type: Unknown",2
443,147.4639962,,,BT BR/EDR RF,22,0x0021c4f4,"Transport: Any (BR 1Mbps), RF Channel: 75 (SP:  -73), Packet Type: Unknown",2
444,147.4647965,,,BT BR/EDR RF,22,0x0021c4f4,"Transport: Any (BR 1Mbps), RF Channel: 75 (SP:  -73), Packet Type: Unknown",2
445,147.7404167,,,BT BR/EDR RF,22,0x0021c4f4,"Transport: Any (BR 1Mbps), RF Channel: 62 (SP:  -56), Packet Type: Unknown",2
446,148.2428216,,,BT BR/EDR RF,22,0x0021c4f4,"Transport: Any (BR 1Mbps), RF Channel:  4 (SP:  -76), Packet Type: Unknown",2
447,148.6632776,,,BT BR/EDR RF,22,0x0021c4f4,"Transport: Any (BR 1Mbps), RF Channel:  8 (SP:  -72), Packet Type: Unknown",2
448,149.3141663,,,BT BR/EDR RF,22,0x002ff7a8,"Transport: Any (BR 1Mbps), RF Channel: 78 (SP:  -63), Packet Type: Unknown",2
449,150.0928736,,,BT BR/EDR RF,22,0x0021c4f4,"Transport: Any (BR 1Mbps), RF Channel: 54 (SP:  -63), Packet Type: Unknown",2
450,150.0932741,,,BT BR/EDR RF,22,0x0021c4f4,"Transport: Any (BR 1Mbps), RF Channel: 54 (SP:  -63), Packet Type: Unknown",2
451,150.2216087,,,BT BR/EDR RF,22,0x0021c4f4,"Transport: Any (BR 1Mbps), RF Channel: 71 (SP:  -74), Packet Type: Unknown",2
452,150.3283658,,,BT BR/EDR RF,22,0x0021c4f4,"Transport: Any (BR 1Mbps), RF Channel:  9 (SP:  -71), Packet Type: Unknown",2
453,150.616415,,,BT BR/EDR RF,22,0x0021c4f4,"Transport: Any (BR 1Mbps), RF Channel: 75 (SP:  -28, NP:  -55), Packet Type: Unknown",2
454,151.542836,,,BT BR/EDR RF,22,0x0021c4f4,"Transport: Any (BR 1Mbps), RF Channel: 21 (SP:  -81), Packet Type: Unknown",2
455,152.2715733,,,BT BR/EDR RF,22,0x0021c4f4,"Transport: Any (BR 1Mbps), RF Channel: 76 (SP:  -72), Packet Type: Unknown",2
456,153.4840185,,,BT BR/EDR RF,22,0x0021c4f4,"Transport: Any (BR 1Mbps), RF Channel:  9 (SP:  -79), Packet Type: Unknown",2
457,154.2582538,,,BT BR/EDR RF,22,0x0021c4f4,"Transport: Any (BR 1Mbps), RF Channel: 64 (SP:  -74), Packet Type: Unknown",2
458,154.6659561,,,BT BR/EDR RF,22,0x0021c4f4,"Transport: Any (BR 1Mbps), RF Channel: 68 (SP:  -77), Packet Type: Unknown",2
459,155.18155,,,BT BR/EDR RF,22,0x0021c4f4,"Transport: Any (BR 1Mbps), RF Channel: 10 (SP:  -78), Packet Type: Unknown",2
460,155.4615724,,,BT BR/EDR RF,22,0x0021c4f4,"Transport: Any (BR 1Mbps), RF Channel: 76 (SP:  -73), Packet Type: Unknown",2
461,155.4619738,,,BT BR/EDR RF,22,0x0021c4f4,"Transport: Any (BR 1Mbps), RF Channel: 76 (SP:  -73), Packet Type: Unknown",2
462,155.5595217,,,BT BR/EDR RF,22,0x0021c4f4,"Transport: Any (BR 1Mbps), RF Channel: 14 (SP:  -37, NP:  -55), Packet Type: Unknown",2
463,156.6104052,,,BT BR/EDR RF,22,0x0021c4f4,"Transport: Any (BR 1Mbps), RF Channel: 56 (SP:  -72), Packet Type: Unknown",2
464,156.6108053,,,BT BR/EDR RF,22,0x0021c4f4,"Transport: Any (BR 1Mbps), RF Channel: 56 (SP:  -72), Packet Type: Unknown",2
465,157.0016125,,,BT BR/EDR RF,22,0x0021c4f4,"Transport: Any (BR 1Mbps), RF Channel: 60 (SP:  -73), Packet Type: Unknown",2
466,157.1203464,,,BT BR/EDR RF,22,0x0021c4f4,"Transport: Any (BR 1Mbps), RF Channel: 77 (SP:  -75), Packet Type: Unknown",2
467,157.5107447,,,BT BR/EDR RF,22,0x0021c4f4,"Transport: Any (BR 1Mbps), RF Channel:  2 (SP:  -73), Packet Type: Unknown",2
468,158.7384244,,,BT BR/EDR RF,22,0x0021c4f4,"Transport: Any (BR 1Mbps), RF Channel: 14 (SP:  -69), Packet Type: Unknown",2
469,158.9783659,,,BT BR/EDR RF,22,0x0021c4f4,"Transport: Any (BR 1Mbps), RF Channel: 48 (SP:  -70), Packet Type: Unknown",2
470,159.3720737,,,BT BR/EDR RF,22,0x0021c4f4,"Transport: Any (BR 1Mbps), RF Channel: 52 (SP:  -70), Packet Type: Unknown",2
471,159.7657353,,,BT BR/EDR RF,22,0x0021c4f4,"Transport: Any (BR 1Mbps), RF Channel: 56 (SP:  -72), Packet Type: Unknown",2
472,160.39206,,,BT BR/EDR RF,22,0x0021c4f4,"Transport: Any (BR 1Mbps), RF Channel: 15 (SP:  -70), Packet Type: Unknown",2
473,160.8244605,,,BT BR/EDR RF,22,0x0021c4f4,"Transport: Any (BR 1Mbps), RF Channel: 19 (SP:  -74), Packet Type: Unknown",2
474,161.4627556,,,BT BR/EDR RF,22,0x0021c4f4,"Transport: Any (BR 1Mbps), RF Channel: 57 (SP:  -72), Packet Type: Unknown",2
475,162.2644533,,,BT BR/EDR RF,22,0x0021c4f4,"Transport: Any (BR 1Mbps), RF Channel: 65 (SP:  -74), Packet Type: Unknown",2
476,162.3788573,,,BT BR/EDR RF,22,0x0021c4f4,"Transport: Any (BR 1Mbps), RF Channel:  3 (SP:  -77), Packet Type: Unknown",2
477,162.6432638,,,BT BR/EDR RF,22,0x0021c4f4,"Transport: Any (BR 1Mbps), RF Channel: 69 (SP:  -78), Packet Type: Unknown",2
478,163.5833054,,,BT BR/EDR RF,22,0x0021c4f4,"Transport: Any (BR 1Mbps), RF Channel: 15 (SP:  -70), Packet Type: Unknown",2
479,164.5932997,,,BT BR/EDR RF,22,0x0021c4f4,"Transport: Any (BR 1Mbps), RF Channel: 57 (SP:  -72), Packet Type: Unknown",2
480,164.8672291,,,BT BR/EDR RF,22,0x0021c4f4,"Transport: Any (BR 1Mbps), RF Channel: 12 (SP:  -72), Packet Type: Unknown",2
481,165.5408876,,,BT BR/EDR RF,22,0x0021c4f4,"Transport: Any (BR 1Mbps), RF Channel:  3 (SP:  -73), Packet Type: Unknown",2
482,165.6320623,,,BT BR/EDR RF,22,0x0021c4f4,"Transport: Any (BR 1Mbps), RF Channel: 20 (SP:  -75), Packet Type: Unknown",2
483,166.3032383,,,BT BR/EDR RF,22,0x0021c4f4,"Transport: Any (BR 1Mbps), RF Channel: 58 (SP:  -61), Packet Type: Unknown",2
484,167.1977664,,,BT BR/EDR RF,22,0x0021c4f4,"Transport: Any (BR 1Mbps), RF Channel:  4 (SP:  -78), Packet Type: Unknown",2
485,168.4245945,,,BT BR/EDR RF,22,0x0021c4f4,"Transport: Any (BR 1Mbps), RF Channel: 16 (SP:  -71), Packet Type: Unknown",2
486,169.063782,,,BT BR/EDR RF,22,0x0021c4f4,"Transport: Any (BR 1Mbps), RF Channel: 54 (SP:  -71), Packet Type: Unknown",2
487,170.3713898,,,BT BR/EDR RF,22,0x0021c4f4,"Transport: Any (BR 1Mbps), RF Channel:  4 (SP:  -76), Packet Type: Unknown",2
488,170.3721906,,,BT BR/EDR RF,22,0x0021c4f4,"Transport: Any (BR 1Mbps), RF Channel:  4 (SP:  -73), Packet Type: Unknown",2
489,170.4769472,,,BT BR/EDR RF,22,0x0021c4f4,"Transport: Any (BR 1Mbps), RF Channel: 21 (SP:  -77), Packet Type: Unknown",2
490,171.1481712,,,BT BR/EDR RF,22,0x0021c4f4,"Transport: Any (BR 1Mbps), RF Channel: 59 (SP:  -72), Packet Type: Unknown",2
491,171.3942647,,,BT BR/EDR RF,22,0x002ff7a8,"Transport: Any (BR 1Mbps), RF Channel: 46 (SP:  -73), Packet Type: Unknown",2
492,172.3451195,,,BT BR/EDR RF,22,0x0021c4f4,"Transport: Any (BR 1Mbps), RF Channel: 71 (SP:  -73), Packet Type: Unknown",2
493,172.8594752,,,BT BR/EDR RF,22,0x0021c4f4,"Transport: Any (BR 1Mbps), RF Channel: 13 (SP:  -72), Packet Type: Unknown",2
494,173.261869,,,BT BR/EDR RF,22,0x0021c4f4,"Transport: Any (BR 1Mbps), RF Channel: 17 (SP:  -71), Packet Type: Unknown",2
495,173.4825901,,,BT BR/EDR RF,22,0x0021c4f4,"Transport: Any (BR 1Mbps), RF Channel: 51 (SP:  -72), Packet Type: Unknown",2
496,173.4833915,,,BT BR/EDR RF,22,0x0021c4f4,"Transport: Any (BR 1Mbps), RF Channel: 51 (SP:  -70), Packet Type: Unknown",2
497,174.6994184,,,BT BR/EDR RF,22,0x0021c4f4,"Transport: Any (BR 1Mbps), RF Channel: 63 (SP:  -63), Packet Type: Unknown",2
498,174.8245876,,,BT BR/EDR RF,22,0x0021c4f4,"Transport: Any (BR 1Mbps), RF Channel:  1 (SP:  -75), Packet Type: Unknown",2
499,176.7839366,,,BT BR/EDR RF,22,0x0021c4f4,"Transport: Any (BR 1Mbps), RF Channel: 68 (SP:  -77), Packet Type: Unknown",2
500,177.1687951,,,BT BR/EDR RF,22,0x0021c4f4,"Transport: Any (BR 1Mbps), RF Channel: 72 (SP:  -74), Packet Type: Unknown",2
501,177.2795907,,,BT BR/EDR RF,22,0x0021c4f4,"Transport: Any (BR 1Mbps), RF Channel: 10 (SP:  -74), Packet Type: Unknown",2
502,178.3243688,,,BT BR/EDR RF,22,0x0021c4f4,"Transport: Any (BR 1Mbps), RF Channel: 52 (SP:  -70), Packet Type: Unknown",2
503,178.7127363,,,BT BR/EDR RF,22,0x0021c4f4,"Transport: Any (BR 1Mbps), RF Channel: 56 (SP:  -73), Packet Type: Unknown",2
504,178.7131357,,,BT BR/EDR RF,22,0x0021c4f4,"Transport: Any (BR 1Mbps), RF Channel: 56 (SP:  -72), Packet Type: Unknown",2
505,179.2414987,,,BT BR/EDR RF,22,0x0021c4f4,"Transport: Any (BR 1Mbps), RF Channel: 77 (SP:  -73), Packet Type: Unknown",2
506,179.519516,,,BT BR/EDR RF,22,0x0021c4f4,"Transport: Any (BR 1Mbps), RF Channel: 64 (SP:  -67), Packet Type: Unknown",2
507,179.6339136,,,BT BR/EDR RF,22,0x0021c4f4,"Transport: Any (BR 1Mbps), RF Channel:  2 (SP:  -63), Packet Type: Unknown",2
508,179.6343146,,,BT BR/EDR RF,22,0x0021c4f4,"Transport: Any (BR 1Mbps), RF Channel:  2 (SP:  -63), Packet Type: Unknown",2
509,179.7896347,,,BT BR/EDR RF,22,0x0021c4f4,"Transport: Any (BR 1Mbps), RF Channel: 51 (SP:  -70), Packet Type: Unknown",2
510,180.047561,,,BT BR/EDR RF,22,0x0021c4f4,"Transport: Any (BR 1Mbps), RF Channel:  6 (SP:  -76), Packet Type: Unknown",2
511,180.4511762,,,BT BR/EDR RF,22,0x0021c4f4,"Transport: Any (BR 1Mbps), RF Channel: 10 (SP:  -77), Packet Type: Unknown",2
512,180.4519759,,,BT BR/EDR RF,22,0x0021c4f4,"Transport: Any (BR 1Mbps), RF Channel: 10 (SP:  -52, NP:  -55), Packet Type: Unknown",2
513,181.073219,,,BT BR/EDR RF,22,0x0021c4f4,"Transport: Any (BR 1Mbps), RF Channel: 48 (SP:  -76), Packet Type: Unknown",2
514,181.4933085,,,BT BR/EDR RF,22,0x0021c4f4,"Transport: Any (BR 1Mbps), RF Channel: 52 (SP:  -73), Packet Type: Unknown",2
515,182.1112587,,,BT BR/EDR RF,22,0x0021c4f4,"Transport: Any (BR 1Mbps), RF Channel: 11 (SP:  -78), Packet Type: Unknown",2
516,182.1120596,,,BT BR/EDR RF,22,0x0021c4f4,"Transport: Any (BR 1Mbps), RF Channel: 11 (SP:  -76), Packet Type: Unknown",2
517,182.4077143,,,BT BR/EDR RF,22,0x0021c4f4,"Transport: Any (BR 1Mbps), RF Channel: 77 (SP:  -69), Packet Type: Unknown",2
518,182.9212741,,,BT BR/EDR RF,22,0x0021c4f4,"Transport: Any (BR 1Mbps), RF Channel: 19 (SP:  -79), Packet Type: Unknown",2
519,182.9220752,,,BT BR/EDR RF,22,0x0021c4f4,"Transport: Any (BR 1Mbps), RF Channel: 19 (SP:  -77), Packet Type: Unknown",2
520,184.8989106,,,BT BR/EDR RF,22,0x0021c4f4,"Transport: Any (BR 1Mbps), RF Channel:  7 (SP:  -79), Packet Type: Unknown",2
521,184.899311,,,BT BR/EDR RF,22,0x0021c4f4,"Transport: Any (BR 1Mbps), RF Channel:  7 (SP:  -78), Packet Type: Unknown",2
522,185.9325083,,,BT BR/EDR RF,22,0x0021c4f4,"Transport: Any (BR 1Mbps), RF Channel: 49 (SP:  -75), Packet Type: Unknown",2
523,186.3456598,,,BT BR/EDR RF,22,0x0021c4f4,"Transport: Any (BR 1Mbps), RF Channel: 53 (SP:  -68), Packet Type: Unknown",2
524,186.4524136,,,BT BR/EDR RF,22,0x0021c4f4,"Transport: Any (BR 1Mbps), RF Channel: 70 (SP:  -77), Packet Type: Unknown",2
525,186.5663832,,,BT BR/EDR RF,22,0x0021c4f4,"Transport: Any (BR 1Mbps), RF Channel:  8 (SP:  -76), Packet Type: Unknown",2
526,186.740125,,,BT BR/EDR RF,22,0x0021c4f4,"Transport: Any (BR 1Mbps), RF Channel: 57 (SP:  -73), Packet Type: Unknown",2
527,186.9676398,,,BT BR/EDR RF,22,0x0021c4f4,"Transport: Any (BR 1Mbps), RF Channel: 12 (SP:  -79), Packet Type: Unknown",2
528,187.2488966,,,BT BR/EDR RF,22,0x0021c4f4,"Transport: Any (BR 1Mbps), RF Channel: 78 (SP:  -73), Packet Type: Unknown",2
529,187.3876864,,,BT BR/EDR RF,22,0x0021c4f4,"Transport: Any (BR 1Mbps), RF Channel: 16 (SP:  -79), Packet Type: Unknown",2
530,188.0113302,,,BT BR/EDR RF,22,0x0021c4f4,"Transport: Any (BR 1Mbps), RF Channel: 54 (SP:  -70), Packet Type: Unknown",2
531,188.4237087,,,BT BR/EDR RF,22,0x0021c4f4,"Transport: Any (BR 1Mbps), RF Channel: 58 (SP:  -62), Packet Type: Unknown",2
532,188.4245071,,,BT BR/EDR RF,22,0x0021c4f4,"Transport: Any (BR 1Mbps), RF Channel: 58 (SP:  -72), Packet Type: Unknown",2
533,189.7213265,,,BT BR/EDR RF,22,0x0021c4f4,"Transport: Any (BR 1Mbps), RF Channel:  8 (SP:  -79), Packet Type: Unknown",2
534,190.7530116,,,BT BR/EDR RF,22,0x0021c4f4,"Transport: Any (BR 1Mbps), RF Channel: 50 (SP:  -73), Packet Type: Unknown",2
535,191.1550842,,,BT BR/EDR RF,22,0x0021c4f4,"Transport: Any (BR 1Mbps), RF Channel: 54 (SP:  -69), Packet Type: Unknown",2
536,191.1554845,,,BT BR/EDR RF,22,0x0021c4f4,"Transport: Any (BR 1Mbps), RF Channel: 54 (SP:  -69), Packet Type: Unknown",2
537,191.2986491,,,BT BR/EDR RF,22,0x0021c4f4,"Transport: Any (BR 1Mbps), RF Channel: 71 (SP:  -73), Packet Type: Unknown",2
538,191.5774966,,,BT BR/EDR RF,22,0x0021c4f4,"Transport: Any (BR 1Mbps), RF Channel: 58 (SP:  -44, NP:  -55), Packet Type: Unknown",2
539,191.685065,,,BT BR/EDR RF,22,0x0021c4f4,"Transport: Any (BR 1Mbps), RF Channel: 75 (SP:    0, NP:  -55), Packet Type: Unknown",2
540,191.8274367,,,BT BR/EDR RF,22,0x0021c4f4,"Transport: Any (BR 1Mbps), RF Channel: 13 (SP:  -79), Packet Type: Unknown",2
541,192.1019292,,,BT BR/EDR RF,22,0x0021c4f4,"Transport: Any (BR 1Mbps), RF Channel:  0 (SP:  -72), Packet Type: Unknown",2
542,192.6212025,,,BT BR/EDR RF,22,0x0021c4f4,"Transport: Any (BR 1Mbps), RF Channel: 21 (SP:  -78), Packet Type: Unknown",2
543,192.6220018,,,BT BR/EDR RF,22,0x0021c4f4,"Transport: Any (BR 1Mbps), RF Channel: 21 (SP:  -78), Packet Type: Unknown",2
544,192.8387765,,,BT BR/EDR RF,22,0x0021c4f4,"Transport: Any (BR 1Mbps), RF Channel: 55 (SP:  -70), Packet Type: Unknown",2
545,193.2580292,,,BT BR/EDR RF,22,0x0021c4f4,"Transport: Any (BR 1Mbps), RF Channel: 59 (SP:  -72), Packet Type: Unknown",2
546,194.1880938,,,BT BR/EDR RF,22,0x0021c4f4,"Transport: Any (BR 1Mbps), RF Channel:  5 (SP:  -77), Packet Type: Unknown",2
547,194.4513104,,,BT BR/EDR RF,22,0x0021c4f4,"Transport: Any (BR 1Mbps), RF Channel: 71 (SP:  -72), Packet Type: Unknown",2
548,194.5617051,,,BT BR/EDR RF,22,0x0021c4f4,"Transport: Any (BR 1Mbps), RF Channel:  9 (SP:  -75), Packet Type: Unknown",2
549,195.9936946,,,BT BR/EDR RF,22,0x0021c4f4,"Transport: Any (BR 1Mbps), RF Channel: 55 (SP:  -71), Packet Type: Unknown",2
550,195.9944943,,,BT BR/EDR RF,22,0x0021c4f4,"Transport: Any (BR 1Mbps), RF Channel: 55 (SP:  -71), Packet Type: Unknown",2
551,196.1312575,,,BT BR/EDR RF,22,0x0021c4f4,"Transport: Any (BR 1Mbps), RF Channel: 72 (SP:  -69), Packet Type: Unknown",2
552,196.4204661,,,BT BR/EDR RF,22,0x0021c4f4,"Transport: Any (BR 1Mbps), RF Channel: 59 (SP:  -73), Packet Type: Unknown",2
553,197.6892966,,,BT BR/EDR RF,22,0x0021c4f4,"Transport: Any (BR 1Mbps), RF Channel: 56 (SP:  -72), Packet Type: Unknown",2
554,198.4985597,,,BT BR/EDR RF,22,0x0021c4f4,"Transport: Any (BR 1Mbps), RF Channel: 64 (SP:  -75), Packet Type: Unknown",2
555,198.6085831,,,BT BR/EDR RF,22,0x0021c4f4,"Transport: Any (BR 1Mbps), RF Channel:  2 (SP:  -79), Packet Type: Unknown",2
556,198.8786165,,,BT BR/EDR RF,22,0x0021c4f4,"Transport: Any (BR 1Mbps), RF Channel: 68 (SP:  -79), Packet Type: Unknown",2
557,199.0118054,,,BT BR/EDR RF,22,0x0021c4f4,"Transport: Any (BR 1Mbps), RF Channel:  6 (SP:  -73), Packet Type: Unknown",2
558,199.4217375,,,BT BR/EDR RF,22,0x0021c4f4,"Transport: Any (BR 1Mbps), RF Channel: 10 (SP:  -73), Packet Type: Unknown",2
559,199.8013435,,,BT BR/EDR RF,22,0x0021c4f4,"Transport: Any (BR 1Mbps), RF Channel: 14 (SP:  -79), Packet Type: Unknown",2
560,199.8017432,,,BT BR/EDR RF,22,0x0021c4f4,"Transport: Any (BR 1Mbps), RF Channel: 14 (SP:  -73), Packet Type: Unknown",2
561,200.0604419,,,BT BR/EDR RF,22,0x0021c4f4,"Transport: Any (BR 1Mbps), RF Channel: 48 (SP:  -74), Packet Type: Unknown",2
562,201.2517907,,,BT BR/EDR RF,22,0x0021c4f4,"Transport: Any (BR 1Mbps), RF Channel: 60 (SP:  -72), Packet Type: Unknown",2
563,201.3773407,,,BT BR/EDR RF,22,0x0021c4f4,"Transport: Any (BR 1Mbps), RF Channel: 77 (SP:  -72), Packet Type: Unknown",2
564,202.1549629,,,BT BR/EDR RF,22,0x0021c4f4,"Transport: Any (BR 1Mbps), RF Channel:  6 (SP:  -76), Packet Type: Unknown",2
565,202.3106477,,,BT BR/EDR RF,22,0x0021c4f4,"Transport: Any (BR 1Mbps), RF Channel: 55 (SP:  -60), Packet Type: Unknown",2
566,203.2149558,,,BT BR/EDR RF,22,0x0021c4f4,"Transport: Any (BR 1Mbps), RF Channel: 48 (SP:  -77), Packet Type: Unknown",2
567,203.4641491,,,BT BR/EDR RF,22,0x0021c4f4,"Transport: Any (BR 1Mbps), RF Channel:  3 (SP:  -77), Packet Type: Unknown",2
568,203.7237852,,,BT BR/EDR RF,22,0x0021c4f4,"Transport: Any (BR 1Mbps), RF Channel: 69 (SP:  -76), Packet Type: Unknown",2
569,203.8561798,,,BT BR/EDR RF,22,0x0021c4f4,"Transport: Any (BR 1Mbps), RF Channel:  7 (SP:  -75), Packet Type: Unknown",2
570,204.2581868,,,BT BR/EDR RF,22,0x0021c4f4,"Transport: Any (BR 1Mbps), RF Channel: 11 (SP:  -75), Packet Type: Unknown",2
571,204.8980823,,,BT BR/EDR RF,22,0x0021c4f4,"Transport: Any (BR 1Mbps), RF Channel: 49 (SP:  -72), Packet Type: Unknown",2
572,205.3005295,,,BT BR/EDR RF,22,0x0021c4f4,"Transport: Any (BR 1Mbps), RF Channel: 53 (SP:  -54, NP:  -55), Packet Type: Unknown",2
573,205.7037985,,,BT BR/EDR RF,22,0x0021c4f4,"Transport: Any (BR 1Mbps), RF Channel: 57 (SP:  -70), Packet Type: Unknown",2
574,206.0730141,,,BT BR/EDR RF,22,0x0021c4f4,"Transport: Any (BR 1Mbps), RF Channel: 61 (SP:  -73), Packet Type: Unknown",2
575,207.7661296,,,BT BR/EDR RF,22,0x0021c4f4,"Transport: Any (BR 1Mbps), RF Channel: 62 (SP:  -65), Packet Type: Unknown",2
576,208.0450672,,,BT BR/EDR RF,22,0x0021c4f4,"Transport: Any (BR 1Mbps), RF Channel: 49 (SP:  -72), Packet Type: Unknown",2
577,208.307386,,,BT BR/EDR RF,22,0x0021c4f4,"Transport: Any (BR 1Mbps), RF Channel:  4 (SP:  -81), Packet Type: Unknown",2
578,208.4555003,,,BT BR/EDR RF,22,0x0021c4f4,"Transport: Any (BR 1Mbps), RF Channel: 53 (SP:  -66), Packet Type: Unknown",2
579,208.5822711,,,BT BR/EDR RF,22,0x0021c4f4,"Transport: Any (BR 1Mbps), RF Channel: 70 (SP:  -72), Packet Type: Unknown",2
580,208.5830696,,,BT BR/EDR RF,22,0x0021c4f4,"Transport: Any (BR 1Mbps), RF Channel: 70 (SP:  -72), Packet Type: Unknown",2
581,208.696627,,,BT BR/EDR RF,22,0x0021c4f4,"Transport: Any (BR 1Mbps), RF Channel:  8 (SP:  -77), Packet Type: Unknown",2
582,209.4842737,,,BT BR/EDR RF,22,0x0021c4f4,"Transport: Any (BR 1Mbps), RF Channel: 16 (SP:  -75), Packet Type: Unknown",2
583,210.1450506,,,BT BR/EDR RF,22,0x0021c4f4,"Transport: Any (BR 1Mbps), RF Channel: 54 (SP:  -70), Packet Type: Unknown",2
584,211.1887484,,,BT BR/EDR RF,22,0x0021c4f4,"Transport: Any (BR 1Mbps), RF Channel: 49 (SP:  -75), Packet Type: Unknown",2
585,211.4635146,,,BT BR/EDR RF,22,0x0021c4f4,"Transport: Any (BR 1Mbps), RF Channel:  4 (SP:  -80), Packet Type: Unknown",2
586,211.4643134,,,BT BR/EDR RF,22,0x0021c4f4,"Transport: Any (BR 1Mbps), RF Channel:  4 (SP:  -75), Packet Type: Unknown",2
587,212.5817695,,,BT BR/EDR RF,22,0x002ff7a8,"Transport: Any (BR 1Mbps), RF Channel: 31 (SP:  -64), Packet Type: Unknown",2
588,212.6134847,,,BT BR/EDR RF,22,0x0021c4f4,"Transport: Any (BR 1Mbps), RF Channel: 63 (SP:  -75), Packet Type: Unknown",2
589,212.614284,,,BT BR/EDR RF,22,0x0021c4f4,"Transport: Any (BR 1Mbps), RF Channel: 63 (SP:  -75), Packet Type: Unknown",2
590,212.7110942,,,BT BR/EDR RF,22,0x002ff7a8,"Transport: Any (BR 1Mbps), RF Channel:  1 (SP:  -81), Packet Type: Unknown",2
591,213.4159903,,,BT BR/EDR RF,22,0x0021c4f4,"Transport: Any (BR 1Mbps), RF Channel: 71 (SP:  -62), Packet Type: Unknown",2
592,213.4441042,,,BT BR/EDR RF,22,0x002ff7a8,"Transport: Any (BR 1Mbps), RF Channel: 24 (SP:  -64), Packet Type: Unknown",2
593,214.0523734,,,BT BR/EDR RF,22,0x002ff7a8,"Transport: Any (BR 1Mbps), RF Channel: 30 (SP:  -77), Packet Type: Unknown",2
594,214.1385963,,,BT BR/EDR RF,22,0x002ff7a8,"Transport: Any (BR 1Mbps), RF Channel: 15 (SP:  -70), Packet Type: Unknown",2
595,214.1389958,,,BT BR/EDR RF,22,0x002ff7a8,"Transport: Any (BR 1Mbps), RF Channel: 15 (SP:  -70), Packet Type: Unknown",2
596,214.3721863,,,BT BR/EDR RF,22,0x002ff7a8,"Transport: Any (BR 1Mbps), RF Channel: 49 (SP:  -72), Packet Type: Unknown",2
597,214.7372648,,,BT BR/EDR RF,22,0x0021c4f4,"Transport: Any (BR 1Mbps), RF Channel: 21 (SP:  -76), Packet Type: Unknown",2
598,215.3223334,,,BT BR/EDR RF,22,0x002ff7a8,"Transport: Any (BR 1Mbps), RF Channel: 27 (SP:  -77), Packet Type: Unknown",2
599,215.780489,,,BT BR/EDR RF,22,0x0021c4f4,"Transport: Any (BR 1Mbps), RF Channel: 63 (SP:  -73), Packet Type: Unknown",2
600,216.1673143,,,BT BR/EDR RF,22,0x0021c4f4,"Transport: Any (BR 1Mbps), RF Channel: 67 (SP:  -77), Packet Type: Unknown",2
601,216.2496264,,,BT BR/EDR RF,22,0x002ff7a8,"Transport: Any (BR 1Mbps), RF Channel: 52 (SP:  -73), Packet Type: Unknown",2
602,216.3933197,,,BT BR/EDR RF,22,0x002ff7a8,"Transport: Any (BR 1Mbps), RF Channel: 22 (SP:  -78), Packet Type: Unknown",2
603,216.4598223,,,BT BR/EDR RF,22,0x002ff7a8,"Transport: Any (BR 1Mbps), RF Channel: 54 (SP:  -50, NP:  -55), Packet Type: Unknown",2
604,216.7029335,,,BT BR/EDR RF,22,0x0021c4f4,"Transport: Any (BR 1Mbps), RF Channel:  9 (SP:  -75), Packet Type: Unknown",2
605,217.1796011,,,BT BR/EDR RF,22,0x002ff7a8,"Transport: Any (BR 1Mbps), RF Channel: 77 (SP:  -72), Packet Type: Unknown",2
606,217.1804037,,,BT BR/EDR RF,22,0x002ff7a8,"Transport: Any (BR 1Mbps), RF Channel: 77 (SP:  -72), Packet Type: Unknown",2
607,217.4437006,,,BT BR/EDR RF,22,0x0021c4f4,"Transport: Any (BR 1Mbps), RF Channel: 64 (SP:  -78), Packet Type: Unknown",2
608,217.7453982,,,BT BR/EDR RF,22,0x0021c4f4,"Transport: Any (BR 1Mbps), RF Channel: 51 (SP:  -71), Packet Type: Unknown",2
609,217.8605605,,,BT BR/EDR RF,22,0x0021c4f4,"Transport: Any (BR 1Mbps), RF Channel: 68 (SP:  -79), Packet Type: Unknown",2
610,217.9022993,,,BT BR/EDR RF,22,0x002ff7a8,"Transport: Any (BR 1Mbps), RF Channel: 21 (SP:  -78), Packet Type: Unknown",2
611,218.6409254,,,BT BR/EDR RF,22,0x0021c4f4,"Transport: Any (BR 1Mbps), RF Channel: 76 (SP:  -71), Packet Type: Unknown",2
612,219.4037404,,,BT BR/EDR RF,22,0x0021c4f4,"Transport: Any (BR 1Mbps), RF Channel: 52 (SP:  -72), Packet Type: Unknown",2
613,220.2178,,,BT BR/EDR RF,22,0x0021c4f4,"Transport: Any (BR 1Mbps), RF Channel: 60 (SP:  -75), Packet Type: Unknown",2
614,220.3445827,,,BT BR/EDR RF,22,0x002ff7a8,"Transport: Any (BR 1Mbps), RF Channel: 77 (SP:    0, NP:  -55), Packet Type: Unknown",2
615,220.3795002,,,BT BR/EDR RF,22,0x002ff7a8,"Transport: Any (BR 1Mbps), RF Channel: 30 (SP:  -57), Packet Type: Unknown",2
616,220.5777548,,,BT BR/EDR RF,22,0x002ff7a8,"Transport: Any (BR 1Mbps), RF Channel: 32 (SP:  -76), Packet Type: Unknown",2
617,220.7290614,,,BT BR/EDR RF,22,0x0021c4f4,"Transport: Any (BR 1Mbps), RF Channel:  2 (SP:  -75), Packet Type: Unknown",2
618,221.8540365,,,BT BR/EDR RF,22,0x002ff7a8,"Transport: Any (BR 1Mbps), RF Channel: 29 (SP:  -71), Packet Type: Unknown",2
619,222.672284,,,BT BR/EDR RF,22,0x0021c4f4,"Transport: Any (BR 1Mbps), RF Channel: 69 (SP:  -74), Packet Type: Unknown",2
620,223.5015409,,,BT BR/EDR RF,22,0x0021c4f4,"Transport: Any (BR 1Mbps), RF Channel: 77 (SP:  -81), Packet Type: Unknown",2
621,223.5220586,,,BT BR/EDR RF,22,0x002ff7a8,"Transport: Any (BR 1Mbps), RF Channel: 30 (SP:  -64), Packet Type: Unknown",2
622,223.6166856,,,BT BR/EDR RF,22,0x0021c4f4,"Transport: Any (BR 1Mbps), RF Channel: 15 (SP:  -78), Packet Type: Unknown",2
623,223.7747636,,,BT BR/EDR RF,22,0x002ff7a8,"Transport: Any (BR 1Mbps), RF Channel: 64 (SP:  -74), Packet Type: Unknown",2
624,223.7859655,,,BT BR/EDR RF,22,0x002ff7a8,"Transport: Any (BR 1Mbps), RF Channel: 64 (SP:  -72), Packet Type: Unknown",2
625,224.4921835,,,BT BR/EDR RF,22,0x002ff7a8,"Transport: Any (BR 1Mbps), RF Channel:  8 (SP:  -78), Packet Type: Unknown",2
626,224.6402715,,,BT BR/EDR RF,22,0x0021c4f4,"Transport: Any (BR 1Mbps), RF Channel: 57 (SP:  -70), Packet Type: Unknown",2
627,225.1635012,,,BT BR/EDR RF,22,0x0021c4f4,"Transport: Any (BR 1Mbps), RF Channel: 78 (SP:  -72), Packet Type: Unknown",2
628,225.556812,,,BT BR/EDR RF,22,0x0021c4f4,"Transport: Any (BR 1Mbps), RF Channel:  3 (SP:  -52, NP:  -55), Packet Type: Unknown",2
629,225.8894445,,,BT BR/EDR RF,22,0x002ff7a8,"Transport: Any (BR 1Mbps), RF Channel: 22 (SP:  -34, NP:  -55), Packet Type: Unknown",2
630,225.8914453,,,BT BR/EDR RF,22,0x002ff7a8,"Transport: Any (BR 1Mbps), RF Channel: 22 (SP:  -33, NP:  -55), Packet Type: Unknown",2
631,225.9692878,,,BT BR/EDR RF,22,0x0021c4f4,"Transport: Any (BR 1Mbps), RF Channel:  7 (SP:  -73), Packet Type: Unknown",2
632,226.1940821,,,BT BR/EDR RF,22,0x002ff7a8,"Transport: Any (BR 1Mbps), RF Channel: 41 (SP:  -21, NP:  -55), Packet Type: Unknown",2
633,226.3829533,,,BT BR/EDR RF,22,0x0021c4f4,"Transport: Any (BR 1Mbps), RF Channel: 11 (SP:  -31, NP:  -55), Packet Type: Unknown",2
634,226.4395987,,,BT BR/EDR RF,22,0x002ff7a8,"Transport: Any (BR 1Mbps), RF Channel: 75 (SP:  -31, NP:  -55), Packet Type: Unknown",2
635,227.0028975,,,BT BR/EDR RF,22,0x0021c4f4,"Transport: Any (BR 1Mbps), RF Channel: 49 (SP:  -68), Packet Type: Unknown",2
636,227.1293133,,,BT BR/EDR RF,22,0x0021c4f4,"Transport: Any (BR 1Mbps), RF Channel: 66 (SP:  -73), Packet Type: Unknown",2
637,227.4185209,,,BT BR/EDR RF,22,0x0021c4f4,"Transport: Any (BR 1Mbps), RF Channel: 53 (SP:  -52, NP:  -55), Packet Type: Unknown",2
638,227.5634057,,,BT BR/EDR RF,22,0x002ff7a8,"Transport: Any (BR 1Mbps), RF Channel: 23 (SP:  -30, NP:  -55), Packet Type: Unknown",2
639,227.9794597,,,BT BR/EDR RF,22,0x002ff7a8,"Transport: Any (BR 1Mbps), RF Channel: 27 (SP:  -78), Packet Type: Unknown",2
640,228.4617255,,,BT BR/EDR RF,22,0x0021c4f4,"Transport: Any (BR 1Mbps), RF Channel: 16 (SP:  -71), Packet Type: Unknown",2
641,228.7001405,,,BT BR/EDR RF,22,0x002ff7a8,"Transport: Any (BR 1Mbps), RF Channel: 50 (SP:  -78), Packet Type: Unknown",2
642,228.7258505,,,BT BR/EDR RF,22,0x0021c4f4,"Transport: Any (BR 1Mbps), RF Channel:  3 (SP:  -82), Packet Type: Unknown",2
643,228.8630119,,,BT BR/EDR RF,22,0x0021c4f4,"Transport: Any (BR 1Mbps), RF Channel: 20 (SP:  -75), Packet Type: Unknown",2
644,229.3714189,,,BT BR/EDR RF,22,0x002ff7a8,"Transport: Any (BR 1Mbps), RF Channel: 41 (SP:  -21, NP:  -55), Packet Type: Unknown",2
645,229.5820531,,,BT BR/EDR RF,22,0x002ff7a8,"Transport: Any (BR 1Mbps), RF Channel: 43 (SP:  -36, NP:  -55), Packet Type: Unknown",2
646,230.0090047,,,BT BR/EDR RF,22,0x0021c4f4,"Transport: Any (BR 1Mbps), RF Channel:  0 (SP:  -73), Packet Type: Unknown",2
647,230.3420634,,,BT BR/EDR RF,22,0x002ff7a8,"Transport: Any (BR 1Mbps), RF Channel: 19 (SP:  -28, NP:  -55), Packet Type: Unknown",2
648,230.3440647,,,BT BR/EDR RF,22,0x002ff7a8,"Transport: Any (BR 1Mbps), RF Channel: 19 (SP:  -21, NP:  -55), Packet Type: Unknown",2
649,230.8058695,,,BT BR/EDR RF,22,0x0021c4f4,"Transport: Any (BR 1Mbps), RF Channel:  8 (SP:  -80), Packet Type: Unknown",2
650,230.8066708,,,BT BR/EDR RF,22,0x0021c4f4,"Transport: Any (BR 1Mbps), RF Channel:  8 (SP:  -72), Packet Type: Unknown",2
651,231.2019017,,,BT BR/EDR RF,22,0x002ff7a8,"Transport: Any (BR 1Mbps), RF Channel: 12 (SP:  -76), Packet Type: Unknown",2
652,231.2039044,,,BT BR/EDR RF,22,0x002ff7a8,"Transport: Any (BR 1Mbps), RF Channel: 12 (SP:  -72), Packet Type: Unknown",2
653,232.3194932,,,BT BR/EDR RF,22,0x002ff7a8,"Transport: Any (BR 1Mbps), RF Channel: 39 (SP:  -28, NP:  -55), Packet Type: Unknown",2
654,232.3760136,,,BT BR/EDR RF,22,0x0021c4f4,"Transport: Any (BR 1Mbps), RF Channel: 71 (SP:  -70), Packet Type: Unknown",2
655,232.7784016,,,BT BR/EDR RF,22,0x0021c4f4,"Transport: Any (BR 1Mbps), RF Channel: 75 (SP:  -51, NP:  -55), Packet Type: Unknown",2
656,232.9059364,,,BT BR/EDR RF,22,0x0021c4f4,"Transport: Any (BR 1Mbps), RF Channel: 13 (SP:  -75), Packet Type: Unknown",2
657,232.9689823,,,BT BR/EDR RF,22,0x002ff7a8,"Transport: Any (BR 1Mbps), RF Channel: 77 (SP:    0, NP:  -55), Packet Type: Unknown",2
658,233.7072237,,,BT BR/EDR RF,22,0x0021c4f4,"Transport: Any (BR 1Mbps), RF Channel: 21 (SP:  -77), Packet Type: Unknown",2
659,233.7080256,,,BT BR/EDR RF,22,0x0021c4f4,"Transport: Any (BR 1Mbps), RF Channel: 21 (SP:  -77), Packet Type: Unknown",2
660,234.2970672,,,BT BR/EDR RF,22,0x002ff7a8,"Transport: Any (BR 1Mbps), RF Channel: 27 (SP:  -72), Packet Type: Unknown",2
661,234.318387,,,BT BR/EDR RF,22,0x0021c4f4,"Transport: Any (BR 1Mbps), RF Channel: 59 (SP:  -81), Packet Type: Unknown",2
662,234.3191868,,,BT BR/EDR RF,22,0x0021c4f4,"Transport: Any (BR 1Mbps), RF Channel: 59 (SP:  -73), Packet Type: Unknown",2
663,234.6918913,,,BT BR/EDR RF,22,0x002ff7a8,"Transport: Any (BR 1Mbps), RF Channel: 31 (SP:  -49, NP:  -55), Packet Type: Unknown",2
664,234.7284217,,,BT BR/EDR RF,22,0x0021c4f4,"Transport: Any (BR 1Mbps), RF Channel: 63 (SP:  -79), Packet Type: Unknown",2
665,235.1308543,,,BT BR/EDR RF,22,0x0021c4f4,"Transport: Any (BR 1Mbps), RF Channel: 67 (SP:  -79), Packet Type: Unknown",2
666,235.2384447,,,BT BR/EDR RF,22,0x0021c4f4,"Transport: Any (BR 1Mbps), RF Channel:  5 (SP:  -79), Packet Type: Unknown",2
667,235.2392424,,,BT BR/EDR RF,22,0x0021c4f4,"Transport: Any (BR 1Mbps), RF Channel:  5 (SP:  -73), Packet Type: Unknown",2
668,235.4795689,,,BT BR/EDR RF,22,0x002ff7a8,"Transport: Any (BR 1Mbps), RF Channel: 39 (SP:    0, NP:  -55), Packet Type: Unknown",2
669,235.6496597,,,BT BR/EDR RF,22,0x0021c4f4,"Transport: Any (BR 1Mbps), RF Channel:  9 (SP:  -77), Packet Type: Unknown",2
670,235.946906,,,BT BR/EDR RF,22,0x002ff7a8,"Transport: Any (BR 1Mbps), RF Channel: 75 (SP:    0, NP:  -55), Packet Type: Unknown",2
671,237.0960592,,,BT BR/EDR RF,22,0x0021c4f4,"Transport: Any (BR 1Mbps), RF Channel: 55 (SP:  -69), Packet Type: Unknown",2
672,237.0964591,,,BT BR/EDR RF,22,0x0021c4f4,"Transport: Any (BR 1Mbps), RF Channel: 55 (SP:  -69), Packet Type: Unknown",2
673,237.2248301,,,BT BR/EDR RF,22,0x0021c4f4,"Transport: Any (BR 1Mbps), RF Channel: 72 (SP:  -71), Packet Type: Unknown",2
674,237.4896995,,,BT BR/EDR RF,22,0x0021c4f4,"Transport: Any (BR 1Mbps), RF Channel: 59 (SP:  -72), Packet Type: Unknown",2
675,238.146049,,,BT BR/EDR RF,22,0x0021c4f4,"Transport: Any (BR 1Mbps), RF Channel: 18 (SP:  -79), Packet Type: Unknown",2
676,238.146449,,,BT BR/EDR RF,22,0x0021c4f4,"Transport: Any (BR 1Mbps), RF Channel: 18 (SP:  -73), Packet Type: Unknown",2
677,238.3796095,,,BT BR/EDR RF,22,0x002ff7a8,"Transport: Any (BR 1Mbps), RF Channel: 52 (SP:  -74), Packet Type: Unknown",2
678,238.4189428,,,BT BR/EDR RF,22,0x0021c4f4,"Transport: Any (BR 1Mbps), RF Channel:  5 (SP:  -73), Packet Type: Unknown",2
679,238.4518654,,,BT BR/EDR RF,22,0x002ff7a8,"Transport: Any (BR 1Mbps), RF Channel: 37 (SP:  -76), Packet Type: Unknown",2
680,238.5618505,,,BT BR/EDR RF,22,0x002ff7a8,"Transport: Any (BR 1Mbps), RF Channel: 54 (SP:  -63), Packet Type: Unknown",2
681,238.5638512,,,BT BR/EDR RF,22,0x002ff7a8,"Transport: Any (BR 1Mbps), RF Channel: 54 (SP:  -72), Packet Type: Unknown",2
682,239.768299,,,BT BR/EDR RF,22,0x002ff7a8,"Transport: Any (BR 1Mbps), RF Channel: 66 (SP:    0, NP:  -55), Packet Type: Unknown",2
683,239.8553421,,,BT BR/EDR RF,22,0x0021c4f4,"Transport: Any (BR 1Mbps), RF Channel: 51 (SP:  -70), Packet Type: Unknown",2
684,239.9684851,,,BT BR/EDR RF,22,0x0021c4f4,"Transport: Any (BR 1Mbps), RF Channel: 68 (SP:  -76), Packet Type: Unknown",2
685,239.9876855,,,BT BR/EDR RF,22,0x002ff7a8,"Transport: Any (BR 1Mbps), RF Channel: 68 (SP:    0, NP:  -55), Packet Type: Unknown",2
686,240.1040316,,,BT BR/EDR RF,22,0x0021c4f4,"Transport: Any (BR 1Mbps), RF Channel:  6 (SP:  -72), Packet Type: Unknown",2
687,240.1702777,,,BT BR/EDR RF,22,0x002ff7a8,"Transport: Any (BR 1Mbps), RF Channel: 70 (SP:    0, NP:  -55), Packet Type: Unknown",2
688,241.2765598,,,BT BR/EDR RF,22,0x0021c4f4,"Transport: Any (BR 1Mbps), RF Channel: 18 (SP:  -63), Packet Type: Unknown",2
689,241.5121752,,,BT BR/EDR RF,22,0x0021c4f4,"Transport: Any (BR 1Mbps), RF Channel: 52 (SP:  -73), Packet Type: Unknown",2
690,241.9245885,,,BT BR/EDR RF,22,0x0021c4f4,"Transport: Any (BR 1Mbps), RF Channel: 56 (SP:  -72), Packet Type: Unknown",2
691,241.9253873,,,BT BR/EDR RF,22,0x0021c4f4,"Transport: Any (BR 1Mbps), RF Channel: 56 (SP:  -72), Packet Type: Unknown",2
692,242.4589978,,,BT BR/EDR RF,22,0x0021c4f4,"Transport: Any (BR 1Mbps), RF Channel: 77 (SP:  -73), Packet Type: Unknown",2
693,242.4919245,,,BT BR/EDR RF,22,0x002ff7a8,"Transport: Any (BR 1Mbps), RF Channel: 30 (SP:  -74), Packet Type: Unknown",2
694,243.2514724,,,BT BR/EDR RF,22,0x0021c4f4,"Transport: Any (BR 1Mbps), RF Channel:  6 (SP:  -73), Packet Type: Unknown",2
695,244.1382263,,,BT BR/EDR RF,22,0x002ff7a8,"Transport: Any (BR 1Mbps), RF Channel: 78 (SP:  -66), Packet Type: Unknown",2
696,244.2747596,,,BT BR/EDR RF,22,0x0021c4f4,"Transport: Any (BR 1Mbps), RF Channel: 48 (SP:  -75), Packet Type: Unknown",2
697,244.2751591,,,BT BR/EDR RF,22,0x0021c4f4,"Transport: Any (BR 1Mbps), RF Channel: 48 (SP:  -72), Packet Type: Unknown",2
698,244.2795606,,,BT BR/EDR RF,22,0x002ff7a8,"Transport: Any (BR 1Mbps), RF Channel: 48 (SP:    0, NP:  -55), Packet Type: Unknown",2
699,244.2799623,,,BT BR/EDR RF,22,0x002ff7a8,"Transport: Any (BR 1Mbps), RF Channel: 48 (SP:    0, NP:  -55), Packet Type: Unknown",2
700,244.4818176,,,BT BR/EDR RF,22,0x002ff7a8,"Transport: Any (BR 1Mbps), RF Channel: 50 (SP:  -74), Packet Type: Unknown",2
701,244.911538,,,BT BR/EDR RF,22,0x0021c4f4,"Transport: Any (BR 1Mbps), RF Channel:  7 (SP:  -71), Packet Type: Unknown",2
702,245.2072372,,,BT BR/EDR RF,22,0x0021c4f4,"Transport: Any (BR 1Mbps), RF Channel: 73 (SP:  -71), Packet Type: Unknown",2
703,245.7636842,,,BT BR/EDR RF,22,0x002ff7a8,"Transport: Any (BR 1Mbps), RF Channel: 47 (SP:  -70), Packet Type: Unknown",2
704,245.8138176,,,BT BR/EDR RF,22,0x0029cfc6,"Transport: Any (BR 1Mbps), RF Channel:  0 (SP:  -80), Packet Type: Unknown",2
705,246.087433,,,BT BR/EDR RF,22,0x002ff7a8,"Transport: Any (BR 1Mbps), RF Channel: 66 (SP:    0, NP:  -55), Packet Type: Unknown",2
706,246.1227517,,,BT BR/EDR RF,22,0x0021c4f4,"Transport: Any (BR 1Mbps), RF Channel: 19 (SP:  -74), Packet Type: Unknown",2
707,246.3670892,,,BT BR/EDR RF,22,0x002ff7a8,"Transport: Any (BR 1Mbps), RF Channel: 53 (SP:  -72), Packet Type: Unknown",2
708,247.1795636,,,BT BR/EDR RF,22,0x0021c4f4,"Transport: Any (BR 1Mbps), RF Channel: 61 (SP:  -38, NP:  -55), Packet Type: Unknown",2
709,247.6394292,,,BT BR/EDR RF,22,0x002ff7a8,"Transport: Any (BR 1Mbps), RF Channel: 50 (SP:  -73), Packet Type: Unknown",2
710,248.0776134,,,BT BR/EDR RF,22,0x0021c4f4,"Transport: Any (BR 1Mbps), RF Channel:  7 (SP:  -71), Packet Type: Unknown",2
711,248.1782748,,,BT BR/EDR RF,22,0x002ff7a8,"Transport: Any (BR 1Mbps), RF Channel: 71 (SP:    0, NP:  -55), Packet Type: Unknown",2
712,248.1786754,,,BT BR/EDR RF,22,0x002ff7a8,"Transport: Any (BR 1Mbps), RF Channel: 71 (SP:    0, NP:  -55), Packet Type: Unknown",2
713,248.8402896,,,BT BR/EDR RF,22,0x0021c4f4,"Transport: Any (BR 1Mbps), RF Channel: 62 (SP:  -63), Packet Type: Unknown",2
714,249.5403523,,,BT BR/EDR RF,22,0x0021c4f4,"Transport: Any (BR 1Mbps), RF Channel: 53 (SP:  -70), Packet Type: Unknown",2
715,249.6230083,,,BT BR/EDR RF,22,0x002ff7a8,"Transport: Any (BR 1Mbps), RF Channel: 38 (SP:    0, NP:  -55), Packet Type: Unknown",2
716,249.7614742,,,BT BR/EDR RF,22,0x0021c4f4,"Transport: Any (BR 1Mbps), RF Channel:  8 (SP:  -70), Packet Type: Unknown",2
717,250.9828651,,,BT BR/EDR RF,22,0x0021c4f4,"Transport: Any (BR 1Mbps), RF Channel: 20 (SP:  -73), Packet Type: Unknown",2
718,251.0876333,,,BT BR/EDR RF,22,0x002ff7a8,"Transport: Any (BR 1Mbps), RF Channel: 37 (SP:    0, NP:  -55), Packet Type: Unknown",2
719,251.7259704,,,BT BR/EDR RF,22,0x0021c4f4,"Transport: Any (BR 1Mbps), RF Channel: 75 (SP:  -72), Packet Type: Unknown",2
720,252.6567703,,,BT BR/EDR RF,22,0x002ff7a8,"Transport: Any (BR 1Mbps), RF Channel: 21 (SP:  -78), Packet Type: Unknown",2
721,253.9720702,,,BT BR/EDR RF,22,0x0021c4f4,"Transport: Any (BR 1Mbps), RF Channel: 50 (SP:  -73), Packet Type: Unknown",2
722,253.9728687,,,BT BR/EDR RF,22,0x0021c4f4,"Transport: Any (BR 1Mbps), RF Channel: 50 (SP:  -71), Packet Type: Unknown",2
723,254.1719136,,,BT BR/EDR RF,22,0x002ff7a8,"Transport: Any (BR 1Mbps), RF Channel: 52 (SP:  -67), Packet Type: Unknown",2
724,254.4920818,,,BT BR/EDR RF,22,0x0021c4f4,"Transport: Any (BR 1Mbps), RF Channel: 71 (SP:  -74), Packet Type: Unknown",2
725,254.6064497,,,BT BR/EDR RF,22,0x0021c4f4,"Transport: Any (BR 1Mbps), RF Channel:  9 (SP:  -73), Packet Type: Unknown",2
726,255.9192285,,,BT BR/EDR RF,22,0x002ff7a8,"Transport: Any (BR 1Mbps), RF Channel: 38 (SP:    0, NP:  -55), Packet Type: Unknown",2
727,255.9212277,,,BT BR/EDR RF,22,0x002ff7a8,"Transport: Any (BR 1Mbps), RF Channel: 38 (SP:    0, NP:  -55), Packet Type: Unknown",2
728,256.0420046,,,BT BR/EDR RF,22,0x0021c4f4,"Transport: Any (BR 1Mbps), RF Channel: 55 (SP:  -71), Packet Type: Unknown",2
729,256.0428059,,,BT BR/EDR RF,22,0x0021c4f4,"Transport: Any (BR 1Mbps), RF Channel: 55 (SP:  -71), Packet Type: Unknown",2
730,256.3336546,,,BT BR/EDR RF,22,0x002ff7a8,"Transport: Any (BR 1Mbps), RF Channel: 42 (SP:    0, NP:  -55), Packet Type: Unknown",2
731,256.3994956,,,BT BR/EDR RF,22,0x002ff7a8,"Transport: Any (BR 1Mbps), RF Channel: 27 (SP:  -76), Packet Type: Unknown",2
732,256.399895,,,BT BR/EDR RF,22,0x002ff7a8,"Transport: Any (BR 1Mbps), RF Channel: 27 (SP:  -76), Packet Type: Unknown",2
733,256.4476184,,,BT BR/EDR RF,22,0x0021c4f4,"Transport: Any (BR 1Mbps), RF Channel: 59 (SP:  -73), Packet Type: Unknown",2
734,257.7583885,,,BT BR/EDR RF,22,0x0021c4f4,"Transport: Any (BR 1Mbps), RF Channel:  9 (SP:  -77), Packet Type: Unknown",2
735,257.7587898,,,BT BR/EDR RF,22,0x0021c4f4,"Transport: Any (BR 1Mbps), RF Channel:  9 (SP:  -72), Packet Type: Unknown",2
736,257.8281353,,,BT BR/EDR RF,22,0x002ff7a8,"Transport: Any (BR 1Mbps), RF Channel: 41 (SP:    0, NP:  -55), Packet Type: Unknown",2
737,257.8430483,,,BT BR/EDR RF,22,0x002ff7a8,"Transport: Any (BR 1Mbps), RF Channel: 73 (SP:    0, NP:  -55), Packet Type: Unknown",2
738,257.8438481,,,BT BR/EDR RF,22,0x002ff7a8,"Transport: Any (BR 1Mbps), RF Channel: 73 (SP:    0, NP:  -55), Packet Type: Unknown",2
739,257.9031933,,,BT BR/EDR RF,22,0x002ff7a8,"Transport: Any (BR 1Mbps), RF Channel: 26 (SP:  -77), Packet Type: Unknown",2
740,257.9035944,,,BT BR/EDR RF,22,0x002ff7a8,"Transport: Any (BR 1Mbps), RF Channel: 26 (SP:  -77), Packet Type: Unknown",2
741,258.8183166,,,BT BR/EDR RF,22,0x0021c4f4,"Transport: Any (BR 1Mbps), RF Channel: 51 (SP:  -73), Packet Type: Unknown",2
742,258.9234767,,,BT BR/EDR RF,22,0x0021c4f4,"Transport: Any (BR 1Mbps), RF Channel: 68 (SP:  -78), Packet Type: Unknown",2
743,259.1436798,,,BT BR/EDR RF,22,0x002ff7a8,"Transport: Any (BR 1Mbps), RF Channel: 70 (SP:  -79), Packet Type: Unknown",2
744,259.2793891,,,BT BR/EDR RF,22,0x002ff7a8,"Transport: Any (BR 1Mbps), RF Channel: 40 (SP:    0, NP:  -55), Packet Type: Unknown",2
745,259.5336815,,,BT BR/EDR RF,22,0x002ff7a8,"Transport: Any (BR 1Mbps), RF Channel: 74 (SP:    0, NP:  -55), Packet Type: Unknown",2
746,259.8615105,,,BT BR/EDR RF,22,0x0021c4f4,"Transport: Any (BR 1Mbps), RF Channel: 14 (SP:  -71), Packet Type: Unknown",2
747,261.5688357,,,BT BR/EDR RF,22,0x002ff7a8,"Transport: Any (BR 1Mbps), RF Channel: 47 (SP:    0, NP:  -55), Packet Type: Unknown",2
748,261.571236,,,BT BR/EDR RF,22,0x002ff7a8,"Transport: Any (BR 1Mbps), RF Channel: 47 (SP:    0, NP:  -55), Packet Type: Unknown",2
749,261.7618701,,,BT BR/EDR RF,22,0x002ff7a8,"Transport: Any (BR 1Mbps), RF Channel: 49 (SP:  -74), Packet Type: Unknown",2
750,261.8184131,,,BT BR/EDR RF,22,0x0021c4f4,"Transport: Any (BR 1Mbps), RF Channel:  2 (SP:  -79), Packet Type: Unknown",2
751,262.0796502,,,BT BR/EDR RF,22,0x0021c4f4,"Transport: Any (BR 1Mbps), RF Channel: 68 (SP:  -79), Packet Type: Unknown",2
752,262.1964112,,,BT BR/EDR RF,22,0x0021c4f4,"Transport: Any (BR 1Mbps), RF Channel:  6 (SP:  -71), Packet Type: Unknown",2
753,262.6068904,,,BT BR/EDR RF,22,0x0021c4f4,"Transport: Any (BR 1Mbps), RF Channel: 10 (SP:  -77), Packet Type: Unknown",2
754,262.6076926,,,BT BR/EDR RF,22,0x0021c4f4,"Transport: Any (BR 1Mbps), RF Channel: 10 (SP:  -72), Packet Type: Unknown",2
755,263.247608,,,BT BR/EDR RF,22,0x0021c4f4,"Transport: Any (BR 1Mbps), RF Channel: 48 (SP:  -45, NP:  -55), Packet Type: Unknown",2
756,263.9481025,,,BT BR/EDR RF,22,0x002ff7a8,"Transport: Any (BR 1Mbps), RF Channel: 39 (SP:    0, NP:  -55), Packet Type: Unknown",2
757,264.974021,,,BT BR/EDR RF,22,0x0021c4f4,"Transport: Any (BR 1Mbps), RF Channel:  2 (SP:  -72), Packet Type: Unknown",2
758,265.4793123,,,BT BR/EDR RF,22,0x002ff7a8,"Transport: Any (BR 1Mbps), RF Channel: 23 (SP:    0, NP:  -55), Packet Type: Unknown",2
759,265.6405856,,,BT BR/EDR RF,22,0x002ff7a8,"Transport: Any (BR 1Mbps), RF Channel: 72 (SP:    0, NP:  -55), Packet Type: Unknown",2
760,265.640986,,,BT BR/EDR RF,22,0x002ff7a8,"Transport: Any (BR 1Mbps), RF Channel: 72 (SP:    0, NP:  -55), Packet Type: Unknown",2
761,266.01809,,,BT BR/EDR RF,22,0x002ff7a8,"Transport: Any (BR 1Mbps), RF Channel: 44 (SP:    0, NP:  -55), Packet Type: Unknown",2
762,266.1268651,,,BT BR/EDR RF,22,0x0021c4f4,"Transport: Any (BR 1Mbps), RF Channel: 61 (SP:  -74), Packet Type: Unknown",2
763,266.1276658,,,BT BR/EDR RF,22,0x0021c4f4,"Transport: Any (BR 1Mbps), RF Channel: 61 (SP:  -72), Packet Type: Unknown",2
764,266.6625106,,,BT BR/EDR RF,22,0x0021c4f4,"Transport: Any (BR 1Mbps), RF Channel:  3 (SP:  -45, NP:  -55), Packet Type: Unknown",2
765,267.1216017,,,BT BR/EDR RF,22,0x002ff7a8,"Transport: Any (BR 1Mbps), RF Channel: 71 (SP:  -81), Packet Type: Unknown",2
766,267.3342371,,,BT BR/EDR RF,22,0x002ff7a8,"Transport: Any (BR 1Mbps), RF Channel: 73 (SP:    0, NP:  -55), Packet Type: Unknown",2
767,267.4458182,,,BT BR/EDR RF,22,0x0021c4f4,"Transport: Any (BR 1Mbps), RF Channel: 11 (SP:  -58), Packet Type: Unknown",2
768,267.4462187,,,BT BR/EDR RF,22,0x0021c4f4,"Transport: Any (BR 1Mbps), RF Channel: 11 (SP:  -58), Packet Type: Unknown",2
769,267.862652,,,BT BR/EDR RF,22,0x0021c4f4,"Transport: Any (BR 1Mbps), RF Channel: 15 (SP:  -69), Packet Type: Unknown",2
770,267.868762,,,BT BR/EDR RF,22,0x002ff7a8,"Transport: Any (BR 1Mbps), RF Channel: 47 (SP:  -21, NP:  -55), Packet Type: Unknown",2
771,268.0745912,,,BT BR/EDR RF,22,0x0021c4f4,"Transport: Any (BR 1Mbps), RF Channel: 49 (SP:  -73), Packet Type: Unknown",2
772,269.5514942,,,BT BR/EDR RF,22,0x0021c4f4,"Transport: Any (BR 1Mbps), RF Channel: 48 (SP:  -70), Packet Type: Unknown",2
773,269.8175082,,,BT BR/EDR RF,22,0x0021c4f4,"Transport: Any (BR 1Mbps), RF Channel:  3 (SP:  -71), Packet Type: Unknown",2
774,269.9258785,,,BT BR/EDR RF,22,0x0021c4f4,"Transport: Any (BR 1Mbps), RF Channel: 20 (SP:  -77), Packet Type: Unknown",2
775,269.9262787,,,BT BR/EDR RF,22,0x0021c4f4,"Transport: Any (BR 1Mbps), RF Channel: 20 (SP:  -76), Packet Type: Unknown",2
776,270.1686018,,,BT BR/EDR RF,22,0x002ff7a8,"Transport: Any (BR 1Mbps), RF Channel: 54 (SP:  -73), Packet Type: Unknown",2
777,270.2392622,,,BT BR/EDR RF,22,0x002ff7a8,"Transport: Any (BR 1Mbps), RF Channel: 39 (SP:    0, NP:  -55), Packet Type: Unknown",2
778,270.6798319,,,BT BR/EDR RF,22,0x002ff7a8,"Transport: Any (BR 1Mbps), RF Channel: 75 (SP:    0, NP:  -55), Packet Type: Unknown",2
779,270.8391095,,,BT BR/EDR RF,22,0x002ff7a8,"Transport: Any (BR 1Mbps), RF Channel: 45 (SP:    0, NP:  -55), Packet Type: Unknown",2
780,270.957474,,,BT BR/EDR RF,22,0x0021c4f4,"Transport: Any (BR 1Mbps), RF Channel: 62 (SP:  -62), Packet Type: Unknown",2
781,271.2471756,,,BT BR/EDR RF,22,0x002ff7a8,"Transport: Any (BR 1Mbps), RF Channel: 49 (SP:  -69), Packet Type: Unknown",2
782,271.2543775,,,BT BR/EDR RF,22,0x0021c4f4,"Transport: Any (BR 1Mbps), RF Channel: 49 (SP:  -73), Packet Type: Unknown",2
783,271.2551786,,,BT BR/EDR RF,22,0x0021c4f4,"Transport: Any (BR 1Mbps), RF Channel: 49 (SP:  -69), Packet Type: Unknown",2
784,271.7618846,,,BT BR/EDR RF,22,0x0021c4f4,"Transport: Any (BR 1Mbps), RF Channel: 70 (SP:  -73), Packet Type: Unknown",2
785,272.2974687,,,BT BR/EDR RF,22,0x0021c4f4,"Transport: Any (BR 1Mbps), RF Channel: 12 (SP:  -65), Packet Type: Unknown",2
786,272.7074753,,,BT BR/EDR RF,22,0x0021c4f4,"Transport: Any (BR 1Mbps), RF Channel: 16 (SP:  -73), Packet Type: Unknown",2
787,273.0755927,,,BT BR/EDR RF,22,0x002ff7a8,"Transport: Any (BR 1Mbps), RF Channel: 20 (SP:  -76), Packet Type: Unknown",2
788,273.0771937,,,BT BR/EDR RF,22,0x002ff7a8,"Transport: Any (BR 1Mbps), RF Channel: 20 (SP:  -74), Packet Type: Unknown",2
789,273.332756,,,BT BR/EDR RF,22,0x0021c4f4,"Transport: Any (BR 1Mbps), RF Channel: 54 (SP:  -69), Packet Type: Unknown",2
790,273.4391397,,,BT BR/EDR RF,22,0x002ff7a8,"Transport: Any (BR 1Mbps), RF Channel: 71 (SP:    0, NP:  -55), Packet Type: Unknown",2
791,273.4399392,,,BT BR/EDR RF,22,0x002ff7a8,"Transport: Any (BR 1Mbps), RF Channel: 71 (SP:    0, NP:  -55), Packet Type: Unknown",2
792,273.7015192,,,BT BR/EDR RF,22,0x002ff7a8,"Transport: Any (BR 1Mbps), RF Channel: 26 (SP:  -63), Packet Type: Unknown",2
793,273.8431621,,,BT BR/EDR RF,22,0x0021c4f4,"Transport: Any (BR 1Mbps), RF Channel: 75 (SP:  -72), Packet Type: Unknown",2
794,274.1299965,,,BT BR/EDR RF,22,0x0021c4f4,"Transport: Any (BR 1Mbps), RF Channel: 62 (SP:  -62), Packet Type: Unknown",2
795,274.2387632,,,BT BR/EDR RF,22,0x0021c4f4,"Transport: Any (BR 1Mbps), RF Channel:  0 (SP:  -74), Packet Type: Unknown",2
796,274.3904578,,,BT BR/EDR RF,22,0x002ff7a8,"Transport: Any (BR 1Mbps), RF Channel: 49 (SP:  -63), Packet Type: Unknown",2
797,275.3240767,,,BT BR/EDR RF,22,0x002ff7a8,"Transport: Any (BR 1Mbps), RF Channel: 74 (SP:  -73), Packet Type: Unknown",2
798,275.5815853,,,BT BR/EDR RF,22,0x002ff7a8,"Transport: Any (BR 1Mbps), RF Channel: 29 (SP:  -76), Packet Type: Unknown",2
799,275.8062955,,,BT BR/EDR RF,22,0x0021c4f4,"Transport: Any (BR 1Mbps), RF Channel: 63 (SP:  -75), Packet Type: Unknown",2
800,276.2279702,,,BT BR/EDR RF,22,0x002ff7a8,"Transport: Any (BR 1Mbps), RF Channel: 67 (SP:    0, NP:  -55), Packet Type: Unknown",2
801,276.5996705,,,BT BR/EDR RF,22,0x002ff7a8,"Transport: Any (BR 1Mbps), RF Channel: 71 (SP:    0, NP:  -55), Packet Type: Unknown",2
802,276.6156717,,,BT BR/EDR RF,22,0x0021c4f4,"Transport: Any (BR 1Mbps), RF Channel: 71 (SP:  -72), Packet Type: Unknown",2
803,277.3616457,,,BT BR/EDR RF,22,0x002ff7a8,"Transport: Any (BR 1Mbps), RF Channel: 47 (SP:  -73), Packet Type: Unknown",2
804,277.3636465,,,BT BR/EDR RF,22,0x002ff7a8,"Transport: Any (BR 1Mbps), RF Channel: 47 (SP:  -73), Packet Type: Unknown",2
805,277.5224923,,,BT BR/EDR RF,22,0x0021c4f4,"Transport: Any (BR 1Mbps), RF Channel: 17 (SP:  -71), Packet Type: Unknown",2
806,277.7520671,,,BT BR/EDR RF,22,0x0021c4f4,"Transport: Any (BR 1Mbps), RF Channel: 51 (SP:  -74), Packet Type: Unknown",2
807,277.7524672,,,BT BR/EDR RF,22,0x0021c4f4,"Transport: Any (BR 1Mbps), RF Channel: 51 (SP:  -70), Packet Type: Unknown",2
808,278.0421121,,,BT BR/EDR RF,22,0x002ff7a8,"Transport: Any (BR 1Mbps), RF Channel: 38 (SP:    0, NP:  -55), Packet Type: Unknown",2
809,278.1693142,,,BT BR/EDR RF,22,0x0021c4f4,"Transport: Any (BR 1Mbps), RF Channel: 55 (SP:  -73), Packet Type: Unknown",2
810,278.2881003,,,BT BR/EDR RF,22,0x0021c4f4,"Transport: Any (BR 1Mbps), RF Channel: 72 (SP:  -73), Packet Type: Unknown",2
811,278.5014963,,,BT BR/EDR RF,22,0x002ff7a8,"Transport: Any (BR 1Mbps), RF Channel: 74 (SP:  -72), Packet Type: Unknown",2
812,278.5517195,,,BT BR/EDR RF,22,0x002ff7a8,"Transport: Any (BR 1Mbps), RF Channel: 59 (SP:  -73), Packet Type: Unknown",2
813,278.5793168,,,BT BR/EDR RF,22,0x0021c4f4,"Transport: Any (BR 1Mbps), RF Channel: 59 (SP:  -74), Packet Type: Unknown",2
814,278.5801161,,,BT BR/EDR RF,22,0x0021c4f4,"Transport: Any (BR 1Mbps), RF Channel: 59 (SP:  -74), Packet Type: Unknown",2
815,278.7020777,,,BT BR/EDR RF,22,0x0021c4f4,"Transport: Any (BR 1Mbps), RF Channel: 76 (SP:  -72), Packet Type: Unknown",2
816,278.9215485,,,BT BR/EDR RF,22,0x002ff7a8,"Transport: Any (BR 1Mbps), RF Channel: 31 (SP:  -64), Packet Type: Unknown",2
817,278.9235475,,,BT BR/EDR RF,22,0x002ff7a8,"Transport: Any (BR 1Mbps), RF Channel: 31 (SP:  -63), Packet Type: Unknown",2
818,278.9676511,,,BT BR/EDR RF,22,0x0021c4f4,"Transport: Any (BR 1Mbps), RF Channel: 63 (SP:  -78), Packet Type: Unknown",2
819,279.0836476,,,BT BR/EDR RF,22,0x0021c4f4,"Transport: Any (BR 1Mbps), RF Channel:  1 (SP:  -52, NP:  -55), Packet Type: Unknown",2
820,279.4776622,,,BT BR/EDR RF,22,0x0021c4f4,"Transport: Any (BR 1Mbps), RF Channel:  5 (SP:  -72), Packet Type: Unknown",2
821,279.7817423,,,BT BR/EDR RF,22,0x002ff7a8,"Transport: Any (BR 1Mbps), RF Channel: 71 (SP:    0, NP:  -55), Packet Type: Unknown",2
822,279.7833424,,,BT BR/EDR RF,22,0x002ff7a8,"Transport: Any (BR 1Mbps), RF Channel: 71 (SP:    0, NP:  -55), Packet Type: Unknown",2
823,279.9879711,,,BT BR/EDR RF,22,0x002ff7a8,"Transport: Any (BR 1Mbps), RF Channel: 73 (SP:  -54, NP:  -55), Packet Type: Unknown",2
824,281.1764426,,,BT BR/EDR RF,22,0x0021c4f4,"Transport: Any (BR 1Mbps), RF Channel:  6 (SP:  -67), Packet Type: Unknown",2
825,281.2390845,,,BT BR/EDR RF,22,0x002ff7a8,"Transport: Any (BR 1Mbps), RF Channel: 70 (SP:    0, NP:  -55), Packet Type: Unknown",2
826,281.2410858,,,BT BR/EDR RF,22,0x002ff7a8,"Transport: Any (BR 1Mbps), RF Channel: 70 (SP:    0, NP:  -55), Packet Type: Unknown",2
827,281.3337455,,,BT BR/EDR RF,22,0x0021c4f4,"Transport: Any (BR 1Mbps), RF Channel: 55 (SP:  -70), Packet Type: Unknown",2
828,281.4048262,,,BT BR/EDR RF,22,0x002ff7a8,"Transport: Any (BR 1Mbps), RF Channel: 40 (SP:    0, NP:  -55), Packet Type: Unknown",2
829,281.4481488,,,BT BR/EDR RF,22,0x0021c4f4,"Transport: Any (BR 1Mbps), RF Channel: 72 (SP:  -71), Packet Type: Unknown",2
830,282.5969138,,,BT BR/EDR RF,22,0x0021c4f4,"Transport: Any (BR 1Mbps), RF Channel: 52 (SP:  -72), Packet Type: Unknown",2
831,283.0816115,,,BT BR/EDR RF,22,0x002ff7a8,"Transport: Any (BR 1Mbps), RF Channel: 41 (SP:    0, NP:  -55), Packet Type: Unknown",2
832,283.0836092,,,BT BR/EDR RF,22,0x002ff7a8,"Transport: Any (BR 1Mbps), RF Channel: 41 (SP:    0, NP:  -55), Packet Type: Unknown",2
833,283.3335824,,,BT BR/EDR RF,22,0x002ff7a8,"Transport: Any (BR 1Mbps), RF Channel: 75 (SP:  -69), Packet Type: Unknown",2
834,283.3777326,,,BT BR/EDR RF,22,0x002ff7a8,"Transport: Any (BR 1Mbps), RF Channel: 28 (SP:  -79), Packet Type: Unknown",2
835,283.4018551,,,BT BR/EDR RF,22,0x0021c4f4,"Transport: Any (BR 1Mbps), RF Channel: 60 (SP:  -75), Packet Type: Unknown",2
836,283.5214047,,,BT BR/EDR RF,22,0x0021c4f4,"Transport: Any (BR 1Mbps), RF Channel: 77 (SP:  -61), Packet Type: Unknown",2
837,284.3374913,,,BT BR/EDR RF,22,0x0021c4f4,"Transport: Any (BR 1Mbps), RF Channel:  6 (SP:  -72), Packet Type: Unknown",2
838,284.3516152,,,BT BR/EDR RF,22,0x002ff7a8,"Transport: Any (BR 1Mbps), RF Channel: 38 (SP:    0, NP:  -55), Packet Type: Unknown",2
839,284.3536151,,,BT BR/EDR RF,22,0x002ff7a8,"Transport: Any (BR 1Mbps), RF Channel: 38 (SP:    0, NP:  -55), Packet Type: Unknown",2
840,284.7167488,,,BT BR/EDR RF,22,0x0021c4f4,"Transport: Any (BR 1Mbps), RF Channel: 10 (SP:  -81), Packet Type: Unknown",2
841,284.7175501,,,BT BR/EDR RF,22,0x0021c4f4,"Transport: Any (BR 1Mbps), RF Channel: 10 (SP:  -73), Packet Type: Unknown",2
842,285.371536,,,BT BR/EDR RF,22,0x002ff7a8,"Transport: Any (BR 1Mbps), RF Channel: 48 (SP:  -63), Packet Type: Unknown",2
843,285.4982953,,,BT BR/EDR RF,22,0x0021c4f4,"Transport: Any (BR 1Mbps), RF Channel: 65 (SP:  -69), Packet Type: Unknown",2
844,285.4986945,,,BT BR/EDR RF,22,0x0021c4f4,"Transport: Any (BR 1Mbps), RF Channel: 65 (SP:  -69), Packet Type: Unknown",2
845,285.6516055,,,BT BR/EDR RF,22,0x002ff7a8,"Transport: Any (BR 1Mbps), RF Channel: 35 (SP:  -78), Packet Type: Unknown",2
846,285.7711558,,,BT BR/EDR RF,22,0x0021c4f4,"Transport: Any (BR 1Mbps), RF Channel: 52 (SP:  -71), Packet Type: Unknown",2
847,285.9954932,,,BT BR/EDR RF,22,0x0021c4f4,"Transport: Any (BR 1Mbps), RF Channel:  7 (SP:  -67), Packet Type: Unknown",2
848,285.9962922,,,BT BR/EDR RF,22,0x0021c4f4,"Transport: Any (BR 1Mbps), RF Channel:  7 (SP:  -67), Packet Type: Unknown",2
849,286.173169,,,BT BR/EDR RF,22,0x0021c4f4,"Transport: Any (BR 1Mbps), RF Channel: 56 (SP:  -73), Packet Type: Unknown",2
850,286.2863425,,,BT BR/EDR RF,22,0x0021c4f4,"Transport: Any (BR 1Mbps), RF Channel: 73 (SP:  -72), Packet Type: Unknown",2
851,286.3597947,,,BT BR/EDR RF,22,0x002ff7a8,"Transport: Any (BR 1Mbps), RF Channel: 58 (SP:  -75), Packet Type: Unknown",2
852,286.6638602,,,BT BR/EDR RF,22,0x000860cd,"Transport: Any (BR 1Mbps), RF Channel: 45 (SP:  -72), Packet Type: Unknown",2
853,286.7019606,,,BT BR/EDR RF,22,0x0021c4f4,"Transport: Any (BR 1Mbps), RF Channel: 77 (SP:  -73), Packet Type: Unknown",2
854,287.3941887,,,BT BR/EDR RF,22,0x002ff7a8,"Transport: Any (BR 1Mbps), RF Channel: 21 (SP:  -75), Packet Type: Unknown",2
855,287.4651215,,,BT BR/EDR RF,22,0x0021c4f4,"Transport: Any (BR 1Mbps), RF Channel: 53 (SP:  -70), Packet Type: Unknown",2
856,287.8631417,,,BT BR/EDR RF,22,0x0021c4f4,"Transport: Any (BR 1Mbps), RF Channel: 57 (SP:  -72), Packet Type: Unknown",2
857,288.1596838,,,BT BR/EDR RF,22,0x002ff7a8,"Transport: Any (BR 1Mbps), RF Channel: 76 (SP:    0, NP:  -55), Packet Type: Unknown",2
858,288.351111,,,BT BR/EDR RF,22,0x0021c4f4,"Transport: Any (BR 1Mbps), RF Channel: 78 (SP:  -73), Packet Type: Unknown",2
859,288.6399847,,,BT BR/EDR RF,22,0x0021c4f4,"Transport: Any (BR 1Mbps), RF Channel: 65 (SP:  -74), Packet Type: Unknown",2
860,288.7567508,,,BT BR/EDR RF,22,0x0021c4f4,"Transport: Any (BR 1Mbps), RF Channel:  3 (SP:  -79), Packet Type: Unknown",2
861,289.0443858,,,BT BR/EDR RF,22,0x0021c4f4,"Transport: Any (BR 1Mbps), RF Channel: 69 (SP:  -77), Packet Type: Unknown",2
862,289.2008701,,,BT BR/EDR RF,22,0x002ff7a8,"Transport: Any (BR 1Mbps), RF Channel: 39 (SP:    0, NP:  -55), Packet Type: Unknown",2
863,289.7978898,,,BT BR/EDR RF,22,0x002ff7a8,"Transport: Any (BR 1Mbps), RF Channel: 45 (SP:  -70), Packet Type: Unknown",2
864,291.229897,,,BT BR/EDR RF,22,0x0021c4f4,"Transport: Any (BR 1Mbps), RF Channel: 12 (SP:  -67), Packet Type: Unknown",2
865,291.2796235,,,BT BR/EDR RF,22,0x002ff7a8,"Transport: Any (BR 1Mbps), RF Channel: 44 (SP:    0, NP:  -55), Packet Type: Unknown",2
866,291.5407346,,,BT BR/EDR RF,22,0x0021c4f4,"Transport: Any (BR 1Mbps), RF Channel: 78 (SP:  -75), Packet Type: Unknown",2
867,291.6487196,,,BT BR/EDR RF,22,0x0021c4f4,"Transport: Any (BR 1Mbps), RF Channel: 16 (SP:  -44, NP:  -55), Packet Type: Unknown",2
868,291.6692351,,,BT BR/EDR RF,22,0x0021c4f4,"Transport: Any (BR 1Mbps), RF Channel: 48 (SP:  -73), Packet Type: Unknown",2
869,292.0363356,,,BT BR/EDR RF,22,0x0021c4f4,"Transport: Any (BR 1Mbps), RF Channel: 20 (SP:  -75), Packet Type: Unknown",2
870,292.1916197,,,BT BR/EDR RF,22,0x002ff7a8,"Transport: Any (BR 1Mbps), RF Channel: 69 (SP:    0, NP:  -55), Packet Type: Unknown",2
871,292.197617,,,BT BR/EDR RF,22,0x002ff7a8,"Transport: Any (BR 1Mbps), RF Channel: 69 (SP:  -75), Packet Type: Unknown",2
872,292.2774517,,,BT BR/EDR RF,22,0x0021c4f4,"Transport: Any (BR 1Mbps), RF Channel: 54 (SP:  -69), Packet Type: Unknown",2
873,292.5878585,,,BT BR/EDR RF,22,0x002ff7a8,"Transport: Any (BR 1Mbps), RF Channel: 41 (SP:    0, NP:  -55), Packet Type: Unknown",2
874,293.274039,,,BT BR/EDR RF,22,0x002ff7a8,"Transport: Any (BR 1Mbps), RF Channel: 64 (SP:  -71), Packet Type: Unknown",2
875,293.4986987,,,BT BR/EDR RF,22,0x0021c4f4,"Transport: Any (BR 1Mbps), RF Channel: 66 (SP:  -75), Packet Type: Unknown",2
876,293.6210332,,,BT BR/EDR RF,22,0x0021c4f4,"Transport: Any (BR 1Mbps), RF Channel:  4 (SP:  -78), Packet Type: Unknown",2
877,294.2740192,,,BT BR/EDR RF,22,0x002ff7a8,"Transport: Any (BR 1Mbps), RF Channel: 74 (SP:  -72), Packet Type: Unknown",2
878,294.4236073,,,BT BR/EDR RF,22,0x0021c4f4,"Transport: Any (BR 1Mbps), RF Channel: 12 (SP:  -74), Packet Type: Unknown",2
879,294.5103576,,,BT BR/EDR RF,22,0x002ff7a8,"Transport: Any (BR 1Mbps), RF Channel: 29 (SP:  -75), Packet Type: Unknown",2
880,294.6784595,,,BT BR/EDR RF,22,0x002ff7a8,"Transport: Any (BR 1Mbps), RF Channel: 78 (SP:  -49, NP:  -55), Packet Type: Unknown",2
881,295.043228,,,BT BR/EDR RF,22,0x0021c4f4,"Transport: Any (BR 1Mbps), RF Channel: 50 (SP:  -73), Packet Type: Unknown",2
882,295.0436265,,,BT BR/EDR RF,22,0x0021c4f4,"Transport: Any (BR 1Mbps), RF Channel: 50 (SP:  -72), Packet Type: Unknown",2
883,295.4568966,,,BT BR/EDR RF,22,0x0021c4f4,"Transport: Any (BR 1Mbps), RF Channel: 54 (SP:  -72), Packet Type: Unknown",2
884,295.4572985,,,BT BR/EDR RF,22,0x0021c4f4,"Transport: Any (BR 1Mbps), RF Channel: 54 (SP:  -69), Packet Type: Unknown",2
885,295.576825,,,BT BR/EDR RF,22,0x0021c4f4,"Transport: Any (BR 1Mbps), RF Channel: 71 (SP:  -73), Packet Type: Unknown",2
886,295.852896,,,BT BR/EDR RF,22,0x0021c4f4,"Transport: Any (BR 1Mbps), RF Channel: 58 (SP:  -72), Packet Type: Unknown",2
887,295.853697,,,BT BR/EDR RF,22,0x0021c4f4,"Transport: Any (BR 1Mbps), RF Channel: 58 (SP:  -72), Packet Type: Unknown",2
888,296.3724995,,,BT BR/EDR RF,22,0x0021c4f4,"Transport: Any (BR 1Mbps), RF Channel:  0 (SP:  -74), Packet Type: Unknown",2
889,296.3801031,,,BT BR/EDR RF,22,0x002ff7a8,"Transport: Any (BR 1Mbps), RF Channel:  0 (SP:  -75), Packet Type: Unknown",2
890,296.7805893,,,BT BR/EDR RF,22,0x0021c4f4,"Transport: Any (BR 1Mbps), RF Channel:  4 (SP:  -76), Packet Type: Unknown",2
891,296.8885621,,,BT BR/EDR RF,22,0x0021c4f4,"Transport: Any (BR 1Mbps), RF Channel: 21 (SP:  -75), Packet Type: Unknown",2
892,297.5169666,,,BT BR/EDR RF,22,0x0021c4f4,"Transport: Any (BR 1Mbps), RF Channel: 59 (SP:  -75), Packet Type: Unknown",2
893,297.9237905,,,BT BR/EDR RF,22,0x0021c4f4,"Transport: Any (BR 1Mbps), RF Channel: 63 (SP:  -77), Packet Type: Unknown",2
894,298.4318346,,,BT BR/EDR RF,22,0x0021c4f4,"Transport: Any (BR 1Mbps), RF Channel:  5 (SP:  -77), Packet Type: Unknown",2
895,299.0945669,,,BT BR/EDR RF,22,0x002ff7a8,"Transport: Any (BR 1Mbps), RF Channel: 43 (SP:  -63), Packet Type: Unknown",2
896,299.8961847,,,BT BR/EDR RF,22,0x0021c4f4,"Transport: Any (BR 1Mbps), RF Channel: 51 (SP:  -70), Packet Type: Unknown",2
897,300.2793801,,,BT BR/EDR RF,22,0x0021c4f4,"Transport: Any (BR 1Mbps), RF Channel: 55 (SP:  -71), Packet Type: Unknown",2
898,300.4229404,,,BT BR/EDR RF,22,0x0021c4f4,"Transport: Any (BR 1Mbps), RF Channel: 72 (SP:  -69), Packet Type: Unknown",2
899,300.6829855,,,BT BR/EDR RF,22,0x0021c4f4,"Transport: Any (BR 1Mbps), RF Channel: 59 (SP:  -76), Packet Type: Unknown",2
900,300.6837858,,,BT BR/EDR RF,22,0x0021c4f4,"Transport: Any (BR 1Mbps), RF Channel: 59 (SP:  -73), Packet Type: Unknown",2
901,301.3162523,,,BT BR/EDR RF,22,0x0021c4f4,"Transport: Any (BR 1Mbps), RF Channel: 18 (SP:  -73), Packet Type: Unknown",2
902,301.6135715,,,BT BR/EDR RF,22,0x0021c4f4,"Transport: Any (BR 1Mbps), RF Channel:  5 (SP:  -72), Packet Type: Unknown",2
1,0.0,,,BT BR/EDR RF,22,0x0021c4f4,"Transport: Any (BR 1Mbps), RF Channel: 51 (SP:  -69), Packet Type: Unknown",1
2,0.0003999,,,BT BR/EDR RF,22,0x0021c4f4,"Transport: Any (BR 1Mbps), RF Channel: 51 (SP:  -69), Packet Type: Unknown",1
3,0.0012001,,,BT BR/EDR RF,22,0x0021c4f4,"Transport: Any (BR 1Mbps), RF Channel: 51 (SP:  -69), Packet Type: Unknown",1
4,0.1303727,,,BT BR/EDR RF,22,0x0021c4f4,"Transport: Any (BR 1Mbps), RF Channel: 68 (SP:  -75), Packet Type: Unknown",1
5,0.1311733,,,BT BR/EDR RF,22,0x0021c4f4,"Transport: Any (BR 1Mbps), RF Channel: 68 (SP:  -73), Packet Type: Unknown",1
6,0.2018261,,,BT BR/EDR RF,22,0x0021c4f4,"Transport: Any (BR 1Mbps), RF Channel: 53 (SP:  -65), Packet Type: Unknown",1
7,0.3298006,,,BT BR/EDR RF,22,0x0021c4f4,"Transport: Any (BR 1Mbps), RF Channel: 70 (SP:  -72), Packet Type: Unknown",1
8,0.7780972,,,BT BR/EDR RF,22,0x0021c4f4,"Transport: Any (BR 1Mbps), RF Channel: 59 (SP:  -72), Packet Type: Unknown",1
9,0.7784953,,,BT BR/EDR RF,22,0x0021c4f4,"Transport: Any (BR 1Mbps), RF Channel: 59 (SP:  -70), Packet Type: Unknown",1
10,0.8434176,,,BT BR/EDR RF,22,0x0029cfc6,"Transport: Any (BR 1Mbps), RF Channel: 12 (SP:  -74), Packet Type: Unknown",1
11,0.9236736,,,BT BR/EDR RF,22,0x0021c4f4,"Transport: Any (BR 1Mbps), RF Channel: 76 (SP:  -72), Packet Type: Unknown",1
12,1.2799814,,,BT BR/EDR RF,22,0x0021c4f4,"Transport: Any (BR 1Mbps), RF Channel: 48 (SP:  -70), Packet Type: Unknown",1
13,1.4035826,,,BT BR/EDR RF,22,0x0021c4f4,"Transport: Any (BR 1Mbps), RF Channel: 65 (SP:  -72), Packet Type: Unknown",1
14,1.481852,,,BT BR/EDR RF,22,0x0021c4f4,"Transport: Any (BR 1Mbps), RF Channel: 50 (SP:  -75), Packet Type: Unknown",1
15,1.7210006,,,BT BR/EDR RF,22,0x0029cfc6,"Transport: Any (BR 1Mbps), RF Channel:  5 (SP:  -77), Packet Type: Unknown",1
16,1.7237986,,,BT BR/EDR RF,22,0x0021c4f4,"Transport: Any (BR 1Mbps), RF Channel:  5 (SP:  -75), Packet Type: Unknown",1
17,1.9200006,,,BT BR/EDR RF,22,0x0021c4f4,"Transport: Any (BR 1Mbps), RF Channel:  7 (SP:  -64), Packet Type: Unknown",1
18,2.121797,,,BT BR/EDR RF,22,0x0021c4f4,"Transport: Any (BR 1Mbps), RF Channel:  9 (SP:  -74), Packet Type: Unknown",1
19,2.3091946,,,BT BR/EDR RF,22,0x008947d0,"Transport: Any (BR 1Mbps), RF Channel: 11 (SP:  -73), Packet Type: Unknown",1
20,2.4584644,,,BT BR/EDR RF,22,0x0021c4f4,"Transport: Any (BR 1Mbps), RF Channel: 60 (SP:  -46, NP:  -55), Packet Type: Unknown",1
21,2.9297301,,,BT BR/EDR RF,22,0x0021c4f4,"Transport: Any (BR 1Mbps), RF Channel: 17 (SP:  -78), Packet Type: Unknown",1
22,3.1584937,,,BT BR/EDR RF,22,0x0021c4f4,"Transport: Any (BR 1Mbps), RF Channel: 51 (SP:  -58), Packet Type: Unknown",1
23,3.2804462,,,BT BR/EDR RF,22,0x0021c4f4,"Transport: Any (BR 1Mbps), RF Channel: 68 (SP:  -75), Packet Type: Unknown",1
24,3.2812453,,,BT BR/EDR RF,22,0x0021c4f4,"Transport: Any (BR 1Mbps), RF Channel: 68 (SP:  -73), Packet Type: Unknown",1
25,3.290453,,,BT BR/EDR RF,22,0x0021c4f4,"Transport: Any (BR 1Mbps), RF Channel: 68 (SP:  -75), Packet Type: Unknown",1
26,3.3884869,,,BT BR/EDR RF,22,0x0021c4f4,"Transport: Any (BR 1Mbps), RF Channel:  6 (SP:  -74), Packet Type: Unknown",1
27,3.4024878,,,BT BR/EDR RF,22,0x0021c4f4,"Transport: Any (BR 1Mbps), RF Channel:  6 (SP:  -74), Packet Type: Unknown",1
28,3.5799225,,,BT BR/EDR RF,22,0x0029cfc6,"Transport: Any (BR 1Mbps), RF Channel:  8 (SP:  -33, NP:  -55), Packet Type: Unknown",1
29,3.8097031,,,BT BR/EDR RF,22,0x0021c4f4,"Transport: Any (BR 1Mbps), RF Channel: 10 (SP:  -76), Packet Type: Unknown",1
30,4.2891492,,,BT BR/EDR RF,22,0x0021c4f4,"Transport: Any (BR 1Mbps), RF Channel: 78 (SP:  -73), Packet Type: Unknown",1
31,4.563598,,,BT BR/EDR RF,22,0x0021c4f4,"Transport: Any (BR 1Mbps), RF Channel: 65 (SP:  -63), Packet Type: Unknown",1
32,4.8316642,,,BT BR/EDR RF,22,0x0021c4f4,"Transport: Any (BR 1Mbps), RF Channel: 52 (SP:  -72), Packet Type: Unknown",1
33,4.832463,,,BT BR/EDR RF,22,0x0021c4f4,"Transport: Any (BR 1Mbps), RF Channel: 52 (SP:  -66), Packet Type: Unknown",1
34,4.8380621,,,BT BR/EDR RF,22,0x0021c4f4,"Transport: Any (BR 1Mbps), RF Channel: 52 (SP:  -74), Packet Type: Unknown",1
35,4.8873722,,,BT BR/EDR RF,22,0x0029cfc6,"Transport: Any (BR 1Mbps), RF Channel:  5 (SP:  -72), Packet Type: Unknown",1
36,5.0510221,,,BT BR/EDR RF,22,0x0021c4f4,"Transport: Any (BR 1Mbps), RF Channel: 54 (SP:  -69), Packet Type: Unknown",1
37,5.2180256,,,BT BR/EDR RF,22,0x0021c4f4,"Transport: Any (BR 1Mbps), RF Channel: 56 (SP:  -68), Packet Type: Unknown",1
38,5.246841,,,BT BR/EDR RF,22,0x0021c4f4,"Transport: Any (BR 1Mbps), RF Channel: 56 (SP:  -73), Packet Type: Unknown",1
39,5.2472405,,,BT BR/EDR RF,22,0x0021c4f4,"Transport: Any (BR 1Mbps), RF Channel: 56 (SP:  -68), Packet Type: Unknown",1
40,5.3524129,,,BT BR/EDR RF,22,0x0021c4f4,"Transport: Any (BR 1Mbps), RF Channel: 73 (SP:  -70), Packet Type: Unknown",1
41,5.6428606,,,BT BR/EDR RF,22,0x0021c4f4,"Transport: Any (BR 1Mbps), RF Channel: 60 (SP:  -73), Packet Type: Unknown",1
42,5.6436615,,,BT BR/EDR RF,22,0x0021c4f4,"Transport: Any (BR 1Mbps), RF Channel: 60 (SP:  -69), Packet Type: Unknown",1
43,5.839856,,,BT BR/EDR RF,22,0x0021c4f4,"Transport: Any (BR 1Mbps), RF Channel: 62 (SP:  -70), Packet Type: Unknown",1
44,6.043626,,,BT BR/EDR RF,22,0x0021c4f4,"Transport: Any (BR 1Mbps), RF Channel: 64 (SP:  -72), Packet Type: Unknown",1
45,6.4822217,,,BT BR/EDR RF,22,0x0021c4f4,"Transport: Any (BR 1Mbps), RF Channel: 21 (SP:  -79), Packet Type: Unknown",1
46,6.7193066,,,BT BR/EDR RF,22,0x0021c4f4,"Transport: Any (BR 1Mbps), RF Channel: 55 (SP:  -72), Packet Type: Unknown",1
47,6.7197071,,,BT BR/EDR RF,22,0x0021c4f4,"Transport: Any (BR 1Mbps), RF Channel: 55 (SP:  -70), Packet Type: Unknown",1
48,6.9223067,,,BT BR/EDR RF,22,0x0021c4f4,"Transport: Any (BR 1Mbps), RF Channel: 57 (SP:  -68), Packet Type: Unknown",1
49,7.1297253,,,BT BR/EDR RF,22,0x0021c4f4,"Transport: Any (BR 1Mbps), RF Channel: 59 (SP:  -70), Packet Type: Unknown",1
50,7.1634408,,,BT BR/EDR RF,22,0x0021c4f4,"Transport: Any (BR 1Mbps), RF Channel: 12 (SP:  -30, NP:  -55), Packet Type: Unknown",1
51,7.3091485,,,BT BR/EDR RF,22,0x0021c4f4,"Transport: Any (BR 1Mbps), RF Channel: 61 (SP:  -74), Packet Type: Unknown",1
52,7.3099481,,,BT BR/EDR RF,22,0x0021c4f4,"Transport: Any (BR 1Mbps), RF Channel: 61 (SP:  -70), Packet Type: Unknown",1
53,7.3199522,,,BT BR/EDR RF,22,0x0021c4f4,"Transport: Any (BR 1Mbps), RF Channel: 61 (SP:  -70), Packet Type: Unknown",1
54,7.7135667,,,BT BR/EDR RF,22,0x0021c4f4,"Transport: Any (BR 1Mbps), RF Channel: 65 (SP:  -73), Packet Type: Unknown",1
55,8.5117074,,,BT BR/EDR RF,22,0x0021c4f4,"Transport: Any (BR 1Mbps), RF Channel: 73 (SP:  -69), Packet Type: Unknown",1
56,8.5125059,,,BT BR/EDR RF,22,0x0021c4f4,"Transport: Any (BR 1Mbps), RF Channel: 73 (SP:  -69), Packet Type: Unknown",1
57,8.7223299,,,BT BR/EDR RF,22,0x0021c4f4,"Transport: Any (BR 1Mbps), RF Channel: 75 (SP:  -69), Packet Type: Unknown",1
58,8.9293407,,,BT BR/EDR RF,22,0x0021c4f4,"Transport: Any (BR 1Mbps), RF Channel: 77 (SP:  -69), Packet Type: Unknown",1
59,9.0546342,,,BT BR/EDR RF,22,0x0029cfc6,"Transport: Any (BR 1Mbps), RF Channel: 47 (SP:  -59), Packet Type: Unknown",1
60,9.4505337,,,BT BR/EDR RF,22,0x0021c4f4,"Transport: Any (BR 1Mbps), RF Channel: 19 (SP:  -81), Packet Type: Unknown",1
61,9.450934,,,BT BR/EDR RF,22,0x0021c4f4,"Transport: Any (BR 1Mbps), RF Channel: 19 (SP:  -74), Packet Type: Unknown",1
62,9.4818492,,,BT BR/EDR RF,22,0x0021c4f4,"Transport: Any (BR 1Mbps), RF Channel: 51 (SP:  -73), Packet Type: Unknown",1
63,9.6828244,,,BT BR/EDR RF,22,0x0021c4f4,"Transport: Any (BR 1Mbps), RF Channel: 53 (SP:  -68), Packet Type: Unknown",1
64,10.001843,,,BT BR/EDR RF,22,0x0021c4f4,"Transport: Any (BR 1Mbps), RF Channel: 72 (SP:  -70), Packet Type: Unknown",1
65,10.0022437,,,BT BR/EDR RF,22,0x0021c4f4,"Transport: Any (BR 1Mbps), RF Channel: 72 (SP:  -70), Packet Type: Unknown",1
66,10.0736834,,,BT BR/EDR RF,22,0x0021c4f4,"Transport: Any (BR 1Mbps), RF Channel: 57 (SP:  -70), Packet Type: Unknown",1
67,10.1816628,,,BT BR/EDR RF,22,0x0021c4f4,"Transport: Any (BR 1Mbps), RF Channel: 74 (SP:  -69), Packet Type: Unknown",1
68,10.3990535,,,BT BR/EDR RF,22,0x0021c4f4,"Transport: Any (BR 1Mbps), RF Channel: 76 (SP:  -71), Packet Type: Unknown",1
69,10.3998515,,,BT BR/EDR RF,22,0x0021c4f4,"Transport: Any (BR 1Mbps), RF Channel: 76 (SP:  -71), Packet Type: Unknown",1
70,10.4585016,,,BT BR/EDR RF,22,0x0021c4f4,"Transport: Any (BR 1Mbps), RF Channel: 61 (SP:  -72), Packet Type: Unknown",1
71,10.6811256,,,BT BR/EDR RF,22,0x0029cfc6,"Transport: Any (BR 1Mbps), RF Channel: 63 (SP:  -77), Packet Type: Unknown",1
72,10.8897092,,,BT BR/EDR RF,22,0x0021c4f4,"Transport: Any (BR 1Mbps), RF Channel: 65 (SP:  -72), Packet Type: Unknown",1
73,10.9897552,,,BT BR/EDR RF,22,0x0029cfc6,"Transport: Any (BR 1Mbps), RF Channel:  3 (SP:  -78), Packet Type: Unknown",1
74,11.2015787,,,BT BR/EDR RF,22,0x0021c4f4,"Transport: Any (BR 1Mbps), RF Channel:  5 (SP:  -81), Packet Type: Unknown",1
75,11.3692517,,,BT BR/EDR RF,22,0x0021c4f4,"Transport: Any (BR 1Mbps), RF Channel: 54 (SP:  -75), Packet Type: Unknown",1
76,11.8904494,,,BT BR/EDR RF,22,0x0021c4f4,"Transport: Any (BR 1Mbps), RF Channel: 75 (SP:  -72), Packet Type: Unknown",1
77,12.1437272,,,BT BR/EDR RF,22,0x0021c4f4,"Transport: Any (BR 1Mbps), RF Channel: 62 (SP:  -72), Packet Type: Unknown",1
78,12.20343,,,BT BR/EDR RF,22,0x0021c4f4,"Transport: Any (BR 1Mbps), RF Channel: 15 (SP:  -72), Packet Type: Unknown",1
79,12.4142183,,,BT BR/EDR RF,22,0x0021c4f4,"Transport: Any (BR 1Mbps), RF Channel: 49 (SP:  -54, NP:  -55), Packet Type: Unknown",1
80,12.5617993,,,BT BR/EDR RF,22,0x0021c4f4,"Transport: Any (BR 1Mbps), RF Channel: 66 (SP:  -79), Packet Type: Unknown",1
81,12.8049279,,,BT BR/EDR RF,22,0x0021c4f4,"Transport: Any (BR 1Mbps), RF Channel: 21 (SP:  -75), Packet Type: Unknown",1
82,13.1592152,,,BT BR/EDR RF,22,0x0021c4f4,"Transport: Any (BR 1Mbps), RF Channel: 72 (SP:  -70), Packet Type: Unknown",1
83,13.4428813,,,BT BR/EDR RF,22,0x0021c4f4,"Transport: Any (BR 1Mbps), RF Channel: 59 (SP:  -74), Packet Type: Unknown",1
84,13.4897937,,,BT BR/EDR RF,22,0x0021c4f4,"Transport: Any (BR 1Mbps), RF Channel: 12 (SP:  -54, NP:  -55), Packet Type: Unknown",1
85,13.8798062,,,BT BR/EDR RF,22,0x0021c4f4,"Transport: Any (BR 1Mbps), RF Channel: 16 (SP:  -74), Packet Type: Unknown",1
86,14.0399252,,,BT BR/EDR RF,22,0x0021c4f4,"Transport: Any (BR 1Mbps), RF Channel: 65 (SP:  -70), Packet Type: Unknown",1
87,14.3593329,,,BT BR/EDR RF,22,0x0021c4f4,"Transport: Any (BR 1Mbps), RF Channel:  5 (SP:  -80), Packet Type: Unknown",1
88,14.3597333,,,BT BR/EDR RF,22,0x0021c4f4,"Transport: Any (BR 1Mbps), RF Channel:  5 (SP:  -75), Packet Type: Unknown",1
89,14.5635277,,,BT BR/EDR RF,22,0x0021c4f4,"Transport: Any (BR 1Mbps), RF Channel:  7 (SP:  -75), Packet Type: Unknown",1
90,14.6040465,,,BT BR/EDR RF,22,0x00d66460,"Transport: Any (BR 1Mbps), RF Channel: 39 (SP:  -72), Packet Type: Unknown",1
91,14.7228442,,,BT BR/EDR RF,22,0x0021c4f4,"Transport: Any (BR 1Mbps), RF Channel: 56 (SP:  -73), Packet Type: Unknown",1
92,14.839167,,,BT BR/EDR RF,22,0x0021c4f4,"Transport: Any (BR 1Mbps), RF Channel: 73 (SP:  -70), Packet Type: Unknown",1
93,14.8399665,,,BT BR/EDR RF,22,0x0021c4f4,"Transport: Any (BR 1Mbps), RF Channel: 73 (SP:  -66), Packet Type: Unknown",1
94,15.1216135,,,BT BR/EDR RF,22,0x0021c4f4,"Transport: Any (BR 1Mbps), RF Channel: 60 (SP:  -77), Packet Type: Unknown",1
95,15.1224127,,,BT BR/EDR RF,22,0x0021c4f4,"Transport: Any (BR 1Mbps), RF Channel: 60 (SP:  -70), Packet Type: Unknown",1
96,15.2491648,,,BT BR/EDR RF,22,0x0021c4f4,"Transport: Any (BR 1Mbps), RF Channel: 77 (SP:  -73), Packet Type: Unknown",1
97,15.2965877,,,BT BR/EDR RF,22,0x0021c4f4,"Transport: Any (BR 1Mbps), RF Channel: 62 (SP:  -79), Packet Type: Unknown",1
98,15.297385,,,BT BR/EDR RF,22,0x0021c4f4,"Transport: Any (BR 1Mbps), RF Channel: 62 (SP:  -71), Packet Type: Unknown",1
99,15.3185781,,,BT BR/EDR RF,22,0x0029cfc6,"Transport: Any (BR 1Mbps), RF Channel: 62 (SP:  -74), Packet Type: Unknown",1
100,15.4309536,,,BT BR/EDR RF,22,0x0021c4f4,"Transport: Any (BR 1Mbps), RF Channel:  0 (SP:  -77), Packet Type: Unknown",1
101,15.568921,,,BT BR/EDR RF,22,0x00d66460,"Transport: Any (BR 1Mbps), RF Channel: 17 (SP:  -74), Packet Type: Unknown",1
102,15.7034251,,,BT BR/EDR RF,22,0x0029cfc6,"Transport: Any (BR 1Mbps), RF Channel: 66 (SP:  -77), Packet Type: Unknown",1
103,15.727427,,,BT BR/EDR RF,22,0x0021c4f4,"Transport: Any (BR 1Mbps), RF Channel: 66 (SP:  -73), Packet Type: Unknown",1
104,15.8028966,,,BT BR/EDR RF,22,0x0021c4f4,"Transport: Any (BR 1Mbps), RF Channel: 51 (SP:  -75), Packet Type: Unknown",1
105,15.8036985,,,BT BR/EDR RF,22,0x0021c4f4,"Transport: Any (BR 1Mbps), RF Channel: 51 (SP:  -69), Packet Type: Unknown",1
106,16.1235055,,,BT BR/EDR RF,22,0x0021c4f4,"Transport: Any (BR 1Mbps), RF Channel: 70 (SP:  -71), Packet Type: Unknown",1
107,16.250283,,,BT BR/EDR RF,22,0x0021c4f4,"Transport: Any (BR 1Mbps), RF Channel:  8 (SP:  -81), Packet Type: Unknown",1
108,16.3217081,,,BT BR/EDR RF,22,0x0021c4f4,"Transport: Any (BR 1Mbps), RF Channel: 72 (SP:  -70), Packet Type: Unknown",1
109,16.519933,,,BT BR/EDR RF,22,0x0021c4f4,"Transport: Any (BR 1Mbps), RF Channel: 74 (SP:  -70), Packet Type: Unknown",1
110,16.8099502,,,BT BR/EDR RF,22,0x0021c4f4,"Transport: Any (BR 1Mbps), RF Channel: 61 (SP:  -71), Packet Type: Unknown",1
111,17.0398787,,,BT BR/EDR RF,22,0x0021c4f4,"Transport: Any (BR 1Mbps), RF Channel: 16 (SP:  -73), Packet Type: Unknown",1
112,17.0872043,,,BT BR/EDR RF,22,0x00dd3a55,"Transport: Any (BR 1Mbps), RF Channel: 48 (SP:  -70), Packet Type: Unknown",1
113,17.259863,,,BT BR/EDR RF,22,0x0021c4f4,"Transport: Any (BR 1Mbps), RF Channel: 50 (SP:  -69), Packet Type: Unknown",1
114,17.2830709,,,BT BR/EDR RF,22,0x0021c4f4,"Transport: Any (BR 1Mbps), RF Channel: 50 (SP:  -74), Packet Type: Unknown",1
115,17.2834702,,,BT BR/EDR RF,22,0x0021c4f4,"Transport: Any (BR 1Mbps), RF Channel: 50 (SP:  -70), Packet Type: Unknown",1
116,17.3966302,,,BT BR/EDR RF,22,0x0021c4f4,"Transport: Any (BR 1Mbps), RF Channel: 67 (SP:  -76), Packet Type: Unknown",1
117,17.3974295,,,BT BR/EDR RF,22,0x0021c4f4,"Transport: Any (BR 1Mbps), RF Channel: 67 (SP:  -75), Packet Type: Unknown",1
118,17.6823409,,,BT BR/EDR RF,22,0x0021c4f4,"Transport: Any (BR 1Mbps), RF Channel: 54 (SP:  -69), Packet Type: Unknown",1
119,17.8897459,,,BT BR/EDR RF,22,0x0021c4f4,"Transport: Any (BR 1Mbps), RF Channel: 56 (SP:  -70), Packet Type: Unknown",1
120,17.9310725,,,BT BR/EDR RF,22,0x0021c4f4,"Transport: Any (BR 1Mbps), RF Channel:  9 (SP:  -74), Packet Type: Unknown",1
121,18.0017386,,,BT BR/EDR RF,22,0x0021c4f4,"Transport: Any (BR 1Mbps), RF Channel: 73 (SP:  -69), Packet Type: Unknown",1
122,18.279772,,,BT BR/EDR RF,22,0x0021c4f4,"Transport: Any (BR 1Mbps), RF Channel: 60 (SP:  -72), Packet Type: Unknown",1
123,18.4109745,,,BT BR/EDR RF,22,0x0021c4f4,"Transport: Any (BR 1Mbps), RF Channel: 77 (SP:  -72), Packet Type: Unknown",1
124,18.5297135,,,BT BR/EDR RF,22,0x0021c4f4,"Transport: Any (BR 1Mbps), RF Channel: 15 (SP:  -49, NP:  -55), Packet Type: Unknown",1
125,18.5759682,,,BT BR/EDR RF,22,0x0021c4f4,"Transport: Any (BR 1Mbps), RF Channel:  0 (SP:  -62), Packet Type: Unknown",1
126,18.6897809,,,BT BR/EDR RF,22,0x0021c4f4,"Transport: Any (BR 1Mbps), RF Channel: 64 (SP:  -74), Packet Type: Unknown",1
127,18.7222983,,,BT BR/EDR RF,22,0x0021c4f4,"Transport: Any (BR 1Mbps), RF Channel: 17 (SP:  -73), Packet Type: Unknown",1
128,18.9297261,,,BT BR/EDR RF,22,0x0021c4f4,"Transport: Any (BR 1Mbps), RF Channel: 19 (SP:  -75), Packet Type: Unknown",1
129,18.9991763,,,BT BR/EDR RF,22,0x0021c4f4,"Transport: Any (BR 1Mbps), RF Channel:  4 (SP:  -80), Packet Type: Unknown",1
130,19.2110255,,,BT BR/EDR RF,22,0x0021c4f4,"Transport: Any (BR 1Mbps), RF Channel:  6 (SP:  -73), Packet Type: Unknown",1
131,19.3515339,,,BT BR/EDR RF,22,0x0021c4f4,"Transport: Any (BR 1Mbps), RF Channel: 55 (SP:  -64), Packet Type: Unknown",1
132,19.3523332,,,BT BR/EDR RF,22,0x0021c4f4,"Transport: Any (BR 1Mbps), RF Channel: 55 (SP:  -70), Packet Type: Unknown",1
133,19.4790849,,,BT BR/EDR RF,22,0x0021c4f4,"Transport: Any (BR 1Mbps), RF Channel: 72 (SP:  -72), Packet Type: Unknown",1
134,19.6909247,,,BT BR/EDR RF,22,0x0021c4f4,"Transport: Any (BR 1Mbps), RF Channel: 74 (SP:  -72), Packet Type: Unknown",1
135,19.7993139,,,BT BR/EDR RF,22,0x0021c4f4,"Transport: Any (BR 1Mbps), RF Channel: 12 (SP:  -79), Packet Type: Unknown",1
136,19.8691386,,,BT BR/EDR RF,22,0x0021c4f4,"Transport: Any (BR 1Mbps), RF Channel: 76 (SP:  -73), Packet Type: Unknown",1
137,19.8699406,,,BT BR/EDR RF,22,0x0021c4f4,"Transport: Any (BR 1Mbps), RF Channel: 76 (SP:  -73), Packet Type: Unknown",1
138,19.9597505,,,BT BR/EDR RF,22,0x0021c4f4,"Transport: Any (BR 1Mbps), RF Channel: 61 (SP:  -67), Packet Type: Unknown",1
139,20.4503911,,,BT BR/EDR RF,22,0x0021c4f4,"Transport: Any (BR 1Mbps), RF Channel: 50 (SP:  -73), Packet Type: Unknown",1
140,20.4511894,,,BT BR/EDR RF,22,0x0021c4f4,"Transport: Any (BR 1Mbps), RF Channel: 50 (SP:  -69), Packet Type: Unknown",1
141,20.5178397,,,BT BR/EDR RF,22,0x008947d0,"Transport: Any (BR 1Mbps), RF Channel: 35 (SP:  -74), Packet Type: Unknown",1
142,20.6498665,,,BT BR/EDR RF,22,0x0021c4f4,"Transport: Any (BR 1Mbps), RF Channel: 52 (SP:  -70), Packet Type: Unknown",1
143,20.7710336,,,BT BR/EDR RF,22,0x0021c4f4,"Transport: Any (BR 1Mbps), RF Channel: 69 (SP:  -63), Packet Type: Unknown",1
144,20.9592274,,,BT BR/EDR RF,22,0x0021c4f4,"Transport: Any (BR 1Mbps), RF Channel: 71 (SP:  -71), Packet Type: Unknown",1
145,20.9596275,,,BT BR/EDR RF,22,0x0021c4f4,"Transport: Any (BR 1Mbps), RF Channel: 71 (SP:  -71), Packet Type: Unknown",1
146,21.4571893,,,BT BR/EDR RF,22,0x0021c4f4,"Transport: Any (BR 1Mbps), RF Channel: 13 (SP:  -72), Packet Type: Unknown",1
147,22.0415997,,,BT BR/EDR RF,22,0x0021c4f4,"Transport: Any (BR 1Mbps), RF Channel: 66 (SP:  -79), Packet Type: Unknown",1
148,22.0817286,,,BT BR/EDR RF,22,0x0021c4f4,"Transport: Any (BR 1Mbps), RF Channel: 19 (SP:  -81), Packet Type: Unknown",1
149,22.0821279,,,BT BR/EDR RF,22,0x0021c4f4,"Transport: Any (BR 1Mbps), RF Channel: 19 (SP:  -76), Packet Type: Unknown",1
150,22.1310712,,,BT BR/EDR RF,22,0x0021c4f4,"Transport: Any (BR 1Mbps), RF Channel: 51 (SP:  -70), Packet Type: Unknown",1
151,22.2389996,,,BT BR/EDR RF,22,0x0021c4f4,"Transport: Any (BR 1Mbps), RF Channel: 68 (SP:  -75), Packet Type: Unknown",1
152,22.2397992,,,BT BR/EDR RF,22,0x0021c4f4,"Transport: Any (BR 1Mbps), RF Channel: 68 (SP:  -72), Packet Type: Unknown",1
153,22.6398417,,,BT BR/EDR RF,22,0x0021c4f4,"Transport: Any (BR 1Mbps), RF Channel: 72 (SP:  -70), Packet Type: Unknown",1
154,22.7466252,,,BT BR/EDR RF,22,0x0021c4f4,"Transport: Any (BR 1Mbps), RF Channel: 10 (SP:  -81), Packet Type: Unknown",1
155,22.7474247,,,BT BR/EDR RF,22,0x0021c4f4,"Transport: Any (BR 1Mbps), RF Channel: 10 (SP:  -75), Packet Type: Unknown",1
156,22.9592262,,,BT BR/EDR RF,22,0x0021c4f4,"Transport: Any (BR 1Mbps), RF Channel: 12 (SP:  -83), Packet Type: Unknown",1
157,22.9596252,,,BT BR/EDR RF,22,0x0021c4f4,"Transport: Any (BR 1Mbps), RF Channel: 12 (SP:  -75), Packet Type: Unknown",1
158,23.0454749,,,BT BR/EDR RF,22,0x0021c4f4,"Transport: Any (BR 1Mbps), RF Channel: 76 (SP:  -72), Packet Type: Unknown",1
159,23.0458737,,,BT BR/EDR RF,22,0x0021c4f4,"Transport: Any (BR 1Mbps), RF Channel: 76 (SP:  -72), Packet Type: Unknown",1
160,23.1434119,,,BT BR/EDR RF,22,0x0021c4f4,"Transport: Any (BR 1Mbps), RF Channel: 14 (SP:  -73), Packet Type: Unknown",1
161,23.5434546,,,BT BR/EDR RF,22,0x0021c4f4,"Transport: Any (BR 1Mbps), RF Channel: 18 (SP:  -74), Packet Type: Unknown",1
162,23.7191362,,,BT BR/EDR RF,22,0x0021c4f4,"Transport: Any (BR 1Mbps), RF Channel: 67 (SP:  -77), Packet Type: Unknown",1
163,24.1291461,,,BT BR/EDR RF,22,0x0021c4f4,"Transport: Any (BR 1Mbps), RF Channel: 71 (SP:  -71), Packet Type: Unknown",1
164,24.202204,,,BT BR/EDR RF,22,0x0021c4f4,"Transport: Any (BR 1Mbps), RF Channel: 56 (SP:  -69), Packet Type: Unknown",1
165,24.4133168,,,BT BR/EDR RF,22,0x008947d0,"Transport: Any (BR 1Mbps), RF Channel: 11 (SP:  -32, NP:  -55), Packet Type: Unknown",1
166,24.523552,,,BT BR/EDR RF,22,0x0021c4f4,"Transport: Any (BR 1Mbps), RF Channel: 75 (SP:  -71), Packet Type: Unknown",1
167,24.6089863,,,BT BR/EDR RF,22,0x0021c4f4,"Transport: Any (BR 1Mbps), RF Channel: 60 (SP:  -74), Packet Type: Unknown",1
168,24.6510983,,,BT BR/EDR RF,22,0x0021c4f4,"Transport: Any (BR 1Mbps), RF Channel: 13 (SP:  -74), Packet Type: Unknown",1
169,25.0896479,,,BT BR/EDR RF,22,0x0021c4f4,"Transport: Any (BR 1Mbps), RF Channel: 49 (SP:  -72), Packet Type: Unknown",1
170,25.2413437,,,BT BR/EDR RF,22,0x00d09f46,"Transport: Any (BR 1Mbps), RF Channel: 19 (SP:  -83), Packet Type: Unknown",1
171,25.3235812,,,BT BR/EDR RF,22,0x0029cfc6,"Transport: Any (BR 1Mbps), RF Channel:  4 (SP:  -74), Packet Type: Unknown",1
172,25.4796721,,,BT BR/EDR RF,22,0x0021c4f4,"Transport: Any (BR 1Mbps), RF Channel: 53 (SP:  -50, NP:  -55), Packet Type: Unknown",1
173,25.9992799,,,BT BR/EDR RF,22,0x0021c4f4,"Transport: Any (BR 1Mbps), RF Channel: 74 (SP:  -72), Packet Type: Unknown",1
174,25.9996806,,,BT BR/EDR RF,22,0x0021c4f4,"Transport: Any (BR 1Mbps), RF Channel: 74 (SP:  -72), Packet Type: Unknown",1
175,26.2905086,,,BT BR/EDR RF,22,0x0021c4f4,"Transport: Any (BR 1Mbps), RF Channel: 61 (SP:  -77), Packet Type: Unknown",1
176,26.2909092,,,BT BR/EDR RF,22,0x0021c4f4,"Transport: Any (BR 1Mbps), RF Channel: 61 (SP:  -72), Packet Type: Unknown",1
177,26.319823,,,BT BR/EDR RF,22,0x0021c4f4,"Transport: Any (BR 1Mbps), RF Channel: 14 (SP:  -73), Packet Type: Unknown",1
178,26.4747081,,,BT BR/EDR RF,22,0x0029cfc6,"Transport: Any (BR 1Mbps), RF Channel: 63 (SP:  -54, NP:  -55), Packet Type: Unknown",1
179,26.5689709,,,BT BR/EDR RF,22,0x0021c4f4,"Transport: Any (BR 1Mbps), RF Channel: 48 (SP:  -77), Packet Type: Unknown",1
180,26.5697692,,,BT BR/EDR RF,22,0x0021c4f4,"Transport: Any (BR 1Mbps), RF Channel: 48 (SP:  -72), Packet Type: Unknown",1
181,26.6821466,,,BT BR/EDR RF,22,0x0021c4f4,"Transport: Any (BR 1Mbps), RF Channel: 65 (SP:  -63), Packet Type: Unknown",1
182,27.0534862,,,BT BR/EDR RF,22,0x0021c4f4,"Transport: Any (BR 1Mbps), RF Channel: 69 (SP:  -74), Packet Type: Unknown",1
183,27.1617222,,,BT BR/EDR RF,22,0x0021c4f4,"Transport: Any (BR 1Mbps), RF Channel: 54 (SP:  -74), Packet Type: Unknown",1
184,27.1621226,,,BT BR/EDR RF,22,0x0021c4f4,"Transport: Any (BR 1Mbps), RF Channel: 54 (SP:  -69), Packet Type: Unknown",1
185,27.1990166,,,BT BR/EDR RF,22,0x0021c4f4,"Transport: Any (BR 1Mbps), RF Channel:  7 (SP:  -79), Packet Type: Unknown",1
186,27.2892579,,,BT BR/EDR RF,22,0x0021c4f4,"Transport: Any (BR 1Mbps), RF Channel: 71 (SP:  -72), Packet Type: Unknown",1
187,27.2896577,,,BT BR/EDR RF,22,0x0021c4f4,"Transport: Any (BR 1Mbps), RF Channel: 71 (SP:  -72), Packet Type: Unknown",1
188,27.3591187,,,BT BR/EDR RF,22,0x0021c4f4,"Transport: Any (BR 1Mbps), RF Channel: 56 (SP:  -73), Packet Type: Unknown",1
189,27.4036459,,,BT BR/EDR RF,22,0x0021c4f4,"Transport: Any (BR 1Mbps), RF Channel:  9 (SP:  -73), Packet Type: Unknown",1
190,27.6829465,,,BT BR/EDR RF,22,0x0021c4f4,"Transport: Any (BR 1Mbps), RF Channel: 75 (SP:  -72), Packet Type: Unknown",1
191,27.7997103,,,BT BR/EDR RF,22,0x0021c4f4,"Transport: Any (BR 1Mbps), RF Channel: 13 (SP:  -73), Packet Type: Unknown",1
192,27.8627519,,,BT BR/EDR RF,22,0x0021c4f4,"Transport: Any (BR 1Mbps), RF Channel: 77 (SP:  -73), Packet Type: Unknown",1
193,27.889143,,,BT BR/EDR RF,22,0x0021c4f4,"Transport: Any (BR 1Mbps), RF Channel: 77 (SP:  -57), Packet Type: Unknown",1
194,27.9959137,,,BT BR/EDR RF,22,0x0021c4f4,"Transport: Any (BR 1Mbps), RF Channel: 15 (SP:  -73), Packet Type: Unknown",1
195,28.0111212,,,BT BR/EDR RF,22,0x0021c4f4,"Transport: Any (BR 1Mbps), RF Channel: 15 (SP:  -73), Packet Type: Unknown",1
196,28.2771421,,,BT BR/EDR RF,22,0x0021c4f4,"Transport: Any (BR 1Mbps), RF Channel:  2 (SP:  -73), Packet Type: Unknown",1
197,28.3521881,,,BT BR/EDR RF,22,0x0029cfc6,"Transport: Any (BR 1Mbps), RF Channel: 66 (SP:  -78), Packet Type: Unknown",1
198,28.3835262,,,BT BR/EDR RF,22,0x0021c4f4,"Transport: Any (BR 1Mbps), RF Channel: 19 (SP:  -77), Packet Type: Unknown",1
199,28.7590245,,,BT BR/EDR RF,22,0x0021c4f4,"Transport: Any (BR 1Mbps), RF Channel: 70 (SP:  -69), Packet Type: Unknown",1
200,28.7598241,,,BT BR/EDR RF,22,0x0021c4f4,"Transport: Any (BR 1Mbps), RF Channel: 70 (SP:  -71), Packet Type: Unknown",1
201,29.023498,,,BT BR/EDR RF,22,0x0021c4f4,"Transport: Any (BR 1Mbps), RF Channel: 57 (SP:  -70), Packet Type: Unknown",1
202,29.2910601,,,BT BR/EDR RF,22,0x0021c4f4,"Transport: Any (BR 1Mbps), RF Channel: 12 (SP:  -72), Packet Type: Unknown",1
203,29.569179,,,BT BR/EDR RF,22,0x0021c4f4,"Transport: Any (BR 1Mbps), RF Channel: 78 (SP:  -40, NP:  -55), Packet Type: Unknown",1
204,29.7289242,,,BT BR/EDR RF,22,0x0021c4f4,"Transport: Any (BR 1Mbps), RF Channel: 48 (SP:  -75), Packet Type: Unknown",1
205,29.8320955,,,BT BR/EDR RF,22,0x0021c4f4,"Transport: Any (BR 1Mbps), RF Channel: 65 (SP:  -73), Packet Type: Unknown",1
206,29.8485035,,,BT BR/EDR RF,22,0x0021c4f4,"Transport: Any (BR 1Mbps), RF Channel: 65 (SP:  -73), Packet Type: Unknown",1
207,29.930359,,,BT BR/EDR RF,22,0x0021c4f4,"Transport: Any (BR 1Mbps), RF Channel: 50 (SP:  -73), Packet Type: Unknown",1
208,29.9572815,,,BT BR/EDR RF,22,0x0021c4f4,"Transport: Any (BR 1Mbps), RF Channel:  3 (SP:  -72), Packet Type: Unknown",1
209,30.1615119,,,BT BR/EDR RF,22,0x0021c4f4,"Transport: Any (BR 1Mbps), RF Channel:  5 (SP:  -77), Packet Type: Unknown",1
210,30.3215883,,,BT BR/EDR RF,22,0x0021c4f4,"Transport: Any (BR 1Mbps), RF Channel: 54 (SP:  -73), Packet Type: Unknown",1
211,30.5301979,,,BT BR/EDR RF,22,0x0021c4f4,"Transport: Any (BR 1Mbps), RF Channel: 56 (SP:  -74), Packet Type: Unknown",1
212,30.5309973,,,BT BR/EDR RF,22,0x0021c4f4,"Transport: Any (BR 1Mbps), RF Channel: 56 (SP:  -72), Packet Type: Unknown",1
213,30.5691122,,,BT BR/EDR RF,22,0x0021c4f4,"Transport: Any (BR 1Mbps), RF Channel:  9 (SP:  -80), Packet Type: Unknown",1
214,30.8507896,,,BT BR/EDR RF,22,0x0021c4f4,"Transport: Any (BR 1Mbps), RF Channel: 75 (SP:  -72), Packet Type: Unknown",1
215,31.0389955,,,BT BR/EDR RF,22,0x0021c4f4,"Transport: Any (BR 1Mbps), RF Channel: 77 (SP:  -35, NP:  -55), Packet Type: Unknown",1
216,31.0397957,,,BT BR/EDR RF,22,0x0021c4f4,"Transport: Any (BR 1Mbps), RF Channel: 77 (SP:  -35, NP:  -55), Packet Type: Unknown",1
217,31.2436115,,,BT BR/EDR RF,22,0x0021c4f4,"Transport: Any (BR 1Mbps), RF Channel:  0 (SP:  -74), Packet Type: Unknown",1
218,31.3310831,,,BT BR/EDR RF,22,0x0021c4f4,"Transport: Any (BR 1Mbps), RF Channel: 64 (SP:  -66), Packet Type: Unknown",1
219,31.3977362,,,BT BR/EDR RF,22,0x0021c4f4,"Transport: Any (BR 1Mbps), RF Channel: 49 (SP:  -77), Packet Type: Unknown",1
220,31.601612,,,BT BR/EDR RF,22,0x0021c4f4,"Transport: Any (BR 1Mbps), RF Channel: 51 (SP:  -75), Packet Type: Unknown",1
221,31.760897,,,BT BR/EDR RF,22,0x0021c4f4,"Transport: Any (BR 1Mbps), RF Channel: 21 (SP:  -75), Packet Type: Unknown",1
222,31.849542,,,BT BR/EDR RF,22,0x0021c4f4,"Transport: Any (BR 1Mbps), RF Channel:  6 (SP:  -39, NP:  -55), Packet Type: Unknown",1
223,31.9221761,,,BT BR/EDR RF,22,0x0021c4f4,"Transport: Any (BR 1Mbps), RF Channel: 70 (SP:  -75), Packet Type: Unknown",1
224,32.4036647,,,BT BR/EDR RF,22,0x0029cfc6,"Transport: Any (BR 1Mbps), RF Channel: 59 (SP:  -74), Packet Type: Unknown",1
225,32.649547,,,BT BR/EDR RF,22,0x0021c4f4,"Transport: Any (BR 1Mbps), RF Channel: 14 (SP:  -76), Packet Type: Unknown",1
226,32.7065727,,,BT BR/EDR RF,22,0x0021c4f4,"Transport: Any (BR 1Mbps), RF Channel: 78 (SP:  -75), Packet Type: Unknown",1
227,32.7189591,,,BT BR/EDR RF,22,0x0021c4f4,"Transport: Any (BR 1Mbps), RF Channel: 78 (SP:  -73), Packet Type: Unknown",1
228,32.9998181,,,BT BR/EDR RF,22,0x0021c4f4,"Transport: Any (BR 1Mbps), RF Channel: 65 (SP:  -72), Packet Type: Unknown",1
229,33.0435881,,,BT BR/EDR RF,22,0x0021c4f4,"Transport: Any (BR 1Mbps), RF Channel: 18 (SP:  -77), Packet Type: Unknown",1
230,33.1222406,,,BT BR/EDR RF,22,0x0021c4f4,"Transport: Any (BR 1Mbps), RF Channel:  3 (SP:  -74), Packet Type: Unknown",1
231,33.2096781,,,BT BR/EDR RF,22,0x0021c4f4,"Transport: Any (BR 1Mbps), RF Channel: 67 (SP:  -74), Packet Type: Unknown",1
232,33.2285895,,,BT BR/EDR RF,22,0x0021c4f4,"Transport: Any (BR 1Mbps), RF Channel: 20 (SP:  -76), Packet Type: Unknown",1
233,33.2823213,,,BT BR/EDR RF,22,0x0021c4f4,"Transport: Any (BR 1Mbps), RF Channel: 52 (SP:  -70), Packet Type: Unknown",1
234,33.9222384,,,BT BR/EDR RF,22,0x0021c4f4,"Transport: Any (BR 1Mbps), RF Channel: 11 (SP:  -73), Packet Type: Unknown",1
235,34.4021059,,,BT BR/EDR RF,22,0x0021c4f4,"Transport: Any (BR 1Mbps), RF Channel:  0 (SP:  -60), Packet Type: Unknown",1
236,34.5614202,,,BT BR/EDR RF,22,0x0021c4f4,"Transport: Any (BR 1Mbps), RF Channel: 49 (SP:  -73), Packet Type: Unknown",1
237,34.6673917,,,BT BR/EDR RF,22,0x0029cfc6,"Transport: Any (BR 1Mbps), RF Channel: 66 (SP:  -66), Packet Type: Unknown",1
238,34.6777846,,,BT BR/EDR RF,22,0x0021c4f4,"Transport: Any (BR 1Mbps), RF Channel: 66 (SP:  -78), Packet Type: Unknown",1
239,34.6797845,,,BT BR/EDR RF,22,0x0021c4f4,"Transport: Any (BR 1Mbps), RF Channel: 66 (SP:  -74), Packet Type: Unknown",1
240,34.8536272,,,BT BR/EDR RF,22,0x0029cfc6,"Transport: Any (BR 1Mbps), RF Channel: 68 (SP:  -67), Packet Type: Unknown",1
241,34.8904272,,,BT BR/EDR RF,22,0x0021c4f4,"Transport: Any (BR 1Mbps), RF Channel: 68 (SP:  -72), Packet Type: Unknown",1
242,34.9334545,,,BT BR/EDR RF,22,0x0029cfc6,"Transport: Any (BR 1Mbps), RF Channel: 53 (SP:  -71), Packet Type: Unknown",1
243,34.9995922,,,BT BR/EDR RF,22,0x0021c4f4,"Transport: Any (BR 1Mbps), RF Channel:  6 (SP:  -76), Packet Type: Unknown",1
244,35.0642165,,,BT BR/EDR RF,22,0x0021c4f4,"Transport: Any (BR 1Mbps), RF Channel: 70 (SP:  -72), Packet Type: Unknown",1
245,35.0802159,,,BT BR/EDR RF,22,0x0021c4f4,"Transport: Any (BR 1Mbps), RF Channel: 70 (SP:  -71), Packet Type: Unknown",1
246,35.1596713,,,BT BR/EDR RF,22,0x0021c4f4,"Transport: Any (BR 1Mbps), RF Channel: 55 (SP:  -70), Packet Type: Unknown",1
247,35.2013922,,,BT BR/EDR RF,22,0x0021c4f4,"Transport: Any (BR 1Mbps), RF Channel:  8 (SP:  -82), Packet Type: Unknown",1
248,35.4815023,,,BT BR/EDR RF,22,0x0021c4f4,"Transport: Any (BR 1Mbps), RF Channel: 74 (SP:  -70), Packet Type: Unknown",1
249,35.6034866,,,BT BR/EDR RF,22,0x0021c4f4,"Transport: Any (BR 1Mbps), RF Channel: 12 (SP:  -75), Packet Type: Unknown",1
250,35.7704021,,,BT BR/EDR RF,22,0x0021c4f4,"Transport: Any (BR 1Mbps), RF Channel: 61 (SP:  -75), Packet Type: Unknown",1
251,35.7708014,,,BT BR/EDR RF,22,0x0021c4f4,"Transport: Any (BR 1Mbps), RF Channel: 61 (SP:  -73), Packet Type: Unknown",1
252,35.8021143,,,BT BR/EDR RF,22,0x0021c4f4,"Transport: Any (BR 1Mbps), RF Channel: 14 (SP:  -74), Packet Type: Unknown",1
253,35.9613848,,,BT BR/EDR RF,22,0x0021c4f4,"Transport: Any (BR 1Mbps), RF Channel: 63 (SP:  -80), Packet Type: Unknown",1
254,35.9621865,,,BT BR/EDR RF,22,0x0021c4f4,"Transport: Any (BR 1Mbps), RF Channel: 63 (SP:  -72), Packet Type: Unknown",1
255,36.159596,,,BT BR/EDR RF,22,0x0021c4f4,"Transport: Any (BR 1Mbps), RF Channel: 65 (SP:  -72), Packet Type: Unknown",1
256,36.3634209,,,BT BR/EDR RF,22,0x0021c4f4,"Transport: Any (BR 1Mbps), RF Channel: 67 (SP:  -73), Packet Type: Unknown",1
257,36.4417027,,,BT BR/EDR RF,22,0x0021c4f4,"Transport: Any (BR 1Mbps), RF Channel: 52 (SP:  -73), Packet Type: Unknown",1
258,36.6183209,,,BT BR/EDR RF,22,0x0021c4f4,"Transport: Any (BR 1Mbps), RF Channel: 54 (SP:  -71), Packet Type: Unknown",1
259,36.6427344,,,BT BR/EDR RF,22,0x0021c4f4,"Transport: Any (BR 1Mbps), RF Channel: 54 (SP:  -43, NP:  -55), Packet Type: Unknown",1
260,36.6435341,,,BT BR/EDR RF,22,0x0021c4f4,"Transport: Any (BR 1Mbps), RF Channel: 54 (SP:  -44, NP:  -55), Packet Type: Unknown",1
261,36.7382911,,,BT BR/EDR RF,22,0x0021c4f4,"Transport: Any (BR 1Mbps), RF Channel: 71 (SP:  -69), Packet Type: Unknown",1
262,37.5335077,,,BT BR/EDR RF,22,0x0021c4f4,"Transport: Any (BR 1Mbps), RF Channel:  0 (SP:  -75), Packet Type: Unknown",1
263,37.8160491,,,BT BR/EDR RF,22,0x0029cfc6,"Transport: Any (BR 1Mbps), RF Channel: 66 (SP:  -77), Packet Type: Unknown",1
264,38.0491078,,,BT BR/EDR RF,22,0x0021c4f4,"Transport: Any (BR 1Mbps), RF Channel: 68 (SP:  -73), Packet Type: Unknown",1
265,38.0495087,,,BT BR/EDR RF,22,0x0021c4f4,"Transport: Any (BR 1Mbps), RF Channel: 68 (SP:  -73), Packet Type: Unknown",1
266,38.0772277,,,BT BR/EDR RF,22,0x0021c4f4,"Transport: Any (BR 1Mbps), RF Channel: 21 (SP:  -77), Packet Type: Unknown",1
267,38.1189629,,,BT BR/EDR RF,22,0x0021c4f4,"Transport: Any (BR 1Mbps), RF Channel: 53 (SP:  -73), Packet Type: Unknown",1
268,38.2509359,,,BT BR/EDR RF,22,0x0021c4f4,"Transport: Any (BR 1Mbps), RF Channel: 70 (SP:  -72), Packet Type: Unknown",1
269,38.3689241,,,BT BR/EDR RF,22,0x0021c4f4,"Transport: Any (BR 1Mbps), RF Channel:  8 (SP:  -81), Packet Type: Unknown",1
270,38.7597673,,,BT BR/EDR RF,22,0x0021c4f4,"Transport: Any (BR 1Mbps), RF Channel: 12 (SP:  -76), Packet Type: Unknown",1
271,38.849617,,,BT BR/EDR RF,22,0x0021c4f4,"Transport: Any (BR 1Mbps), RF Channel: 76 (SP:  -73), Packet Type: Unknown",1
272,39.0502177,,,BT BR/EDR RF,22,0x0021c4f4,"Transport: Any (BR 1Mbps), RF Channel: 78 (SP:    0, NP:  -55), Packet Type: Unknown",1
273,39.2035156,,,BT BR/EDR RF,22,0x0021c4f4,"Transport: Any (BR 1Mbps), RF Channel: 48 (SP:  -72), Packet Type: Unknown",1
274,39.3191039,,,BT BR/EDR RF,22,0x0021c4f4,"Transport: Any (BR 1Mbps), RF Channel: 65 (SP:  -66), Packet Type: Unknown",1
275,39.6397177,,,BT BR/EDR RF,22,0x0021c4f4,"Transport: Any (BR 1Mbps), RF Channel:  5 (SP:  -76), Packet Type: Unknown",1
276,39.7989975,,,BT BR/EDR RF,22,0x0021c4f4,"Transport: Any (BR 1Mbps), RF Channel: 54 (SP:  -72), Packet Type: Unknown",1
277,39.7997976,,,BT BR/EDR RF,22,0x0021c4f4,"Transport: Any (BR 1Mbps), RF Channel: 54 (SP:  -70), Packet Type: Unknown",1
278,39.9041691,,,BT BR/EDR RF,22,0x0021c4f4,"Transport: Any (BR 1Mbps), RF Channel: 71 (SP:  -69), Packet Type: Unknown",1
279,40.1191611,,,BT BR/EDR RF,22,0x0021c4f4,"Transport: Any (BR 1Mbps), RF Channel: 73 (SP:  -69), Packet Type: Unknown",1
280,40.1195612,,,BT BR/EDR RF,22,0x0021c4f4,"Transport: Any (BR 1Mbps), RF Channel: 73 (SP:  -69), Packet Type: Unknown",1
281,40.2965986,,,BT BR/EDR RF,22,0x0021c4f4,"Transport: Any (BR 1Mbps), RF Channel: 75 (SP:  -70), Packet Type: Unknown",1
282,40.2969983,,,BT BR/EDR RF,22,0x0021c4f4,"Transport: Any (BR 1Mbps), RF Channel: 75 (SP:  -70), Packet Type: Unknown",1
283,40.3278059,,,BT BR/EDR RF,22,0x0021c4f4,"Transport: Any (BR 1Mbps), RF Channel: 75 (SP:  -70), Packet Type: Unknown",1
284,40.5216115,,,BT BR/EDR RF,22,0x0021c4f4,"Transport: Any (BR 1Mbps), RF Channel: 77 (SP:  -72), Packet Type: Unknown",1
285,40.7997082,,,BT BR/EDR RF,22,0x0021c4f4,"Transport: Any (BR 1Mbps), RF Channel: 64 (SP:  -73), Packet Type: Unknown",1
286,40.8903762,,,BT BR/EDR RF,22,0x00223b08,"Transport: Any (BR 1Mbps), RF Channel: 49 (SP:  -81), Packet Type: Unknown",1
287,41.0666153,,,BT BR/EDR RF,22,0x00259ef5,"Transport: Any (BR 1Mbps), RF Channel: 51 (SP:  -80), Packet Type: Unknown",1
288,41.0834115,,,BT BR/EDR RF,22,0x0021c4f4,"Transport: Any (BR 1Mbps), RF Channel: 51 (SP:  -70), Packet Type: Unknown",1
289,41.1994045,,,BT BR/EDR RF,22,0x0090b308,"Transport: Any (BR 1Mbps), RF Channel: 68 (SP:  -90), Packet Type: Unknown",1
290,41.3309751,,,BT BR/EDR RF,22,0x0021c4f4,"Transport: Any (BR 1Mbps), RF Channel:  6 (SP:  -74), Packet Type: Unknown",1
291,41.3952145,,,BT BR/EDR RF,22,0x00259ef5,"Transport: Any (BR 1Mbps), RF Channel: 70 (SP:  -83), Packet Type: Unknown",1
292,41.472648,,,BT BR/EDR RF,22,0x0021c4f4,"Transport: Any (BR 1Mbps), RF Channel: 55 (SP:  -73), Packet Type: Unknown",1
293,41.4734489,,,BT BR/EDR RF,22,0x0021c4f4,"Transport: Any (BR 1Mbps), RF Channel: 55 (SP:  -69), Packet Type: Unknown",1
294,41.4802485,,,BT BR/EDR RF,22,0x0021c4f4,"Transport: Any (BR 1Mbps), RF Channel: 55 (SP:  -71), Packet Type: Unknown",1
295,41.4810469,,,BT BR/EDR RF,22,0x0021c4f4,"Transport: Any (BR 1Mbps), RF Channel: 55 (SP:  -69), Packet Type: Unknown",1
296,41.5814134,,,BT BR/EDR RF,22,0x0021c4f4,"Transport: Any (BR 1Mbps), RF Channel: 72 (SP:  -68), Packet Type: Unknown",1
297,41.5990167,,,BT BR/EDR RF,22,0x0021c4f4,"Transport: Any (BR 1Mbps), RF Channel: 72 (SP:  -70), Packet Type: Unknown",1
298,41.6848569,,,BT BR/EDR RF,22,0x0029cfc6,"Transport: Any (BR 1Mbps), RF Channel: 57 (SP:  -65), Packet Type: Unknown",1
299,41.7233693,,,BT BR/EDR RF,22,0x0021c4f4,"Transport: Any (BR 1Mbps), RF Channel: 10 (SP:  -76), Packet Type: Unknown",1
300,41.8902503,,,BT BR/EDR RF,22,0x0021c4f4,"Transport: Any (BR 1Mbps), RF Channel: 59 (SP:  -63), Packet Type: Unknown",1
301,41.8910496,,,BT BR/EDR RF,22,0x0021c4f4,"Transport: Any (BR 1Mbps), RF Channel: 59 (SP:  -64), Packet Type: Unknown",1
302,41.9295784,,,BT BR/EDR RF,22,0x0021c4f4,"Transport: Any (BR 1Mbps), RF Channel: 12 (SP:  -75), Packet Type: Unknown",1
303,41.9926266,,,BT BR/EDR RF,22,0x0021c4f4,"Transport: Any (BR 1Mbps), RF Channel: 76 (SP:  -72), Packet Type: Unknown",1
304,41.9934245,,,BT BR/EDR RF,22,0x0021c4f4,"Transport: Any (BR 1Mbps), RF Channel: 76 (SP:  -72), Packet Type: Unknown",1
305,42.2104264,,,BT BR/EDR RF,22,0x0021c4f4,"Transport: Any (BR 1Mbps), RF Channel: 78 (SP:  -73), Packet Type: Unknown",1
306,42.2108245,,,BT BR/EDR RF,22,0x0021c4f4,"Transport: Any (BR 1Mbps), RF Channel: 78 (SP:  -73), Packet Type: Unknown",1
307,42.6032936,,,BT BR/EDR RF,22,0x0021c4f4,"Transport: Any (BR 1Mbps), RF Channel:  3 (SP:  -75), Packet Type: Unknown",1
308,42.9872723,,,BT BR/EDR RF,22,0x0029cfc6,"Transport: Any (BR 1Mbps), RF Channel:  7 (SP:  -73), Packet Type: Unknown",1
309,43.0108673,,,BT BR/EDR RF,22,0x0021c4f4,"Transport: Any (BR 1Mbps), RF Channel:  7 (SP:  -75), Packet Type: Unknown",1
310,43.0815186,,,BT BR/EDR RF,22,0x0021c4f4,"Transport: Any (BR 1Mbps), RF Channel: 71 (SP:  -70), Packet Type: Unknown",1
311,43.1685924,,,BT BR/EDR RF,22,0x00223b08,"Transport: Any (BR 1Mbps), RF Channel: 56 (SP:  -63), Packet Type: Unknown",1
312,43.2011182,,,BT BR/EDR RF,22,0x00223b08,"Transport: Any (BR 1Mbps), RF Channel:  9 (SP:  -77), Packet Type: Unknown",1
313,43.2015181,,,BT BR/EDR RF,22,0x00259ef5,"Transport: Any (BR 1Mbps), RF Channel:  9 (SP:  -74), Packet Type: Unknown",1
314,43.3448111,,,BT BR/EDR RF,22,0x0029cfc6,"Transport: Any (BR 1Mbps), RF Channel: 58 (SP:  -73), Packet Type: Unknown",1
315,43.6095211,,,BT BR/EDR RF,22,0x0021c4f4,"Transport: Any (BR 1Mbps), RF Channel: 13 (SP:  -75), Packet Type: Unknown",1
316,43.8029191,,,BT BR/EDR RF,22,0x0021c4f4,"Transport: Any (BR 1Mbps), RF Channel: 15 (SP:  -82), Packet Type: Unknown",1
317,43.8033192,,,BT BR/EDR RF,22,0x0021c4f4,"Transport: Any (BR 1Mbps), RF Channel: 15 (SP:  -75), Packet Type: Unknown",1
318,43.9421966,,,BT BR/EDR RF,22,0x0021c4f4,"Transport: Any (BR 1Mbps), RF Channel: 64 (SP:  -74), Packet Type: Unknown",1
319,43.965794,,,BT BR/EDR RF,22,0x0021c4f4,"Transport: Any (BR 1Mbps), RF Channel: 64 (SP:  -74), Packet Type: Unknown",1
320,44.0733956,,,BT BR/EDR RF,22,0x0029cfc6,"Transport: Any (BR 1Mbps), RF Channel:  2 (SP:  -77), Packet Type: Unknown",1
321,44.221513,,,BT BR/EDR RF,22,0x00259ef5,"Transport: Any (BR 1Mbps), RF Channel: 51 (SP:  -59), Packet Type: Unknown",1
322,44.2427117,,,BT BR/EDR RF,22,0x0021c4f4,"Transport: Any (BR 1Mbps), RF Channel: 51 (SP:  -73), Packet Type: Unknown",1
323,44.2435113,,,BT BR/EDR RF,22,0x0021c4f4,"Transport: Any (BR 1Mbps), RF Channel: 51 (SP:  -70), Packet Type: Unknown",1
324,44.2487055,,,BT BR/EDR RF,22,0x00223b08,"Transport: Any (BR 1Mbps), RF Channel: 51 (SP:  -78), Packet Type: Unknown",1
325,44.3438674,,,BT BR/EDR RF,22,0x0021c4f4,"Transport: Any (BR 1Mbps), RF Channel: 68 (SP:  -74), Packet Type: Unknown",1
326,44.3614723,,,BT BR/EDR RF,22,0x0021c4f4,"Transport: Any (BR 1Mbps), RF Channel: 68 (SP:  -73), Packet Type: Unknown",1
327,44.3622715,,,BT BR/EDR RF,22,0x0021c4f4,"Transport: Any (BR 1Mbps), RF Channel: 68 (SP:  -73), Packet Type: Unknown",1
328,44.3995982,,,BT BR/EDR RF,22,0x0021c4f4,"Transport: Any (BR 1Mbps), RF Channel: 21 (SP:  -77), Packet Type: Unknown",1
329,44.6383295,,,BT BR/EDR RF,22,0x0021c4f4,"Transport: Any (BR 1Mbps), RF Channel: 55 (SP:  -67), Packet Type: Unknown",1
330,44.7570887,,,BT BR/EDR RF,22,0x0021c4f4,"Transport: Any (BR 1Mbps), RF Channel: 72 (SP:  -70), Packet Type: Unknown",1
331,45.270582,,,BT BR/EDR RF,22,0x00223b08,"Transport: Any (BR 1Mbps), RF Channel: 14 (SP:  -68), Packet Type: Unknown",1
332,45.4796262,,,BT BR/EDR RF,22,0x0021c4f4,"Transport: Any (BR 1Mbps), RF Channel: 16 (SP:  -74), Packet Type: Unknown",1
333,45.5301472,,,BT BR/EDR RF,22,0x0021c4f4,"Transport: Any (BR 1Mbps), RF Channel: 48 (SP:  -76), Packet Type: Unknown",1
334,45.6834893,,,BT BR/EDR RF,22,0x0021c4f4,"Transport: Any (BR 1Mbps), RF Channel: 18 (SP:  -76), Packet Type: Unknown",1
335,45.7016043,,,BT BR/EDR RF,22,0x0024f780,"Transport: Any (BR 1Mbps), RF Channel: 50 (SP:  -78), Packet Type: Unknown",1
336,45.7148073,,,BT BR/EDR RF,22,0x00223b08,"Transport: Any (BR 1Mbps), RF Channel: 50 (SP:  -79), Packet Type: Unknown",1
337,45.7156062,,,BT BR/EDR RF,22,0x00223b08,"Transport: Any (BR 1Mbps), RF Channel: 50 (SP:  -67), Packet Type: Unknown",1
338,45.7621433,,,BT BR/EDR RF,22,0x0021c4f4,"Transport: Any (BR 1Mbps), RF Channel:  3 (SP:  -75), Packet Type: Unknown",1
339,45.849572,,,BT BR/EDR RF,22,0x0021c4f4,"Transport: Any (BR 1Mbps), RF Channel: 67 (SP:  -75), Packet Type: Unknown",1
340,46.0197479,,,BT BR/EDR RF,22,0x00223b08,"Transport: Any (BR 1Mbps), RF Channel: 69 (SP:  -75), Packet Type: Unknown",1
341,46.0217473,,,BT BR/EDR RF,22,0x00223b08,"Transport: Any (BR 1Mbps), RF Channel: 69 (SP:  -68), Packet Type: Unknown",1
342,46.1685406,,,BT BR/EDR RF,22,0x00223b08,"Transport: Any (BR 1Mbps), RF Channel:  7 (SP:  -73), Packet Type: Unknown",1
343,46.450213,,,BT BR/EDR RF,22,0x0021c4f4,"Transport: Any (BR 1Mbps), RF Channel: 73 (SP:  -68), Packet Type: Unknown",1
344,46.4510131,,,BT BR/EDR RF,22,0x0021c4f4,"Transport: Any (BR 1Mbps), RF Channel: 73 (SP:  -68), Packet Type: Unknown",1
345,46.721134,,,BT BR/EDR RF,22,0x0029cfc6,"Transport: Any (BR 1Mbps), RF Channel: 60 (SP:  -74), Packet Type: Unknown",1
346,46.7660441,,,BT BR/EDR RF,22,0x00223b08,"Transport: Any (BR 1Mbps), RF Channel: 13 (SP:  -72), Packet Type: Unknown",1
347,46.7668425,,,BT BR/EDR RF,22,0x00223b08,"Transport: Any (BR 1Mbps), RF Channel: 13 (SP:  -69), Packet Type: Unknown",1
348,47.0496843,,,BT BR/EDR RF,22,0x0021c4f4,"Transport: Any (BR 1Mbps), RF Channel:  0 (SP:  -73), Packet Type: Unknown",1
349,47.1183255,,,BT BR/EDR RF,22,0x0021c4f4,"Transport: Any (BR 1Mbps), RF Channel: 64 (SP:  -74), Packet Type: Unknown",1
350,47.2800129,,,BT BR/EDR RF,22,0x00223b08,"Transport: Any (BR 1Mbps), RF Channel: 34 (SP:  -78), Packet Type: Unknown",1
351,47.2816187,,,BT BR/EDR RF,22,0x00259ef5,"Transport: Any (BR 1Mbps), RF Channel: 34 (SP:  -72), Packet Type: Unknown",1
352,47.3301379,,,BT BR/EDR RF,22,0x0021c4f4,"Transport: Any (BR 1Mbps), RF Channel: 66 (SP:  -76), Packet Type: Unknown",1
353,47.3458728,,,BT BR/EDR RF,22,0x0021c4f4,"Transport: Any (BR 1Mbps), RF Channel: 19 (SP:  -76), Packet Type: Unknown",1
354,47.4421105,,,BT BR/EDR RF,22,0x0021c4f4,"Transport: Any (BR 1Mbps), RF Channel:  4 (SP:  -75), Packet Type: Unknown",1
355,47.6415212,,,BT BR/EDR RF,22,0x00259ef5,"Transport: Any (BR 1Mbps), RF Channel:  6 (SP:  -72), Packet Type: Unknown",1
356,48.1302172,,,BT BR/EDR RF,22,0x0021c4f4,"Transport: Any (BR 1Mbps), RF Channel: 74 (SP:  -71), Packet Type: Unknown",1
357,48.1310188,,,BT BR/EDR RF,22,0x0021c4f4,"Transport: Any (BR 1Mbps), RF Channel: 74 (SP:  -71), Packet Type: Unknown",1
358,48.3215925,,,BT BR/EDR RF,22,0x0021c4f4,"Transport: Any (BR 1Mbps), RF Channel: 76 (SP:  -69), Packet Type: Unknown",1
359,48.3219915,,,BT BR/EDR RF,22,0x0021c4f4,"Transport: Any (BR 1Mbps), RF Channel: 76 (SP:  -69), Packet Type: Unknown",1
360,48.6738466,,,BT BR/EDR RF,22,0x0021c4f4,"Transport: Any (BR 1Mbps), RF Channel: 48 (SP:  -78), Packet Type: Unknown",1
361,48.7295604,,,BT BR/EDR RF,22,0x0021c4f4,"Transport: Any (BR 1Mbps), RF Channel:  1 (SP:  -72), Packet Type: Unknown",1
362,48.7504869,,,BT BR/EDR RF,22,0x00259ef5,"Transport: Any (BR 1Mbps), RF Channel: 33 (SP:  -73), Packet Type: Unknown",1
363,48.9197599,,,BT BR/EDR RF,22,0x0021c4f4,"Transport: Any (BR 1Mbps), RF Channel:  3 (SP:  -72), Packet Type: Unknown",1
364,49.0546896,,,BT BR/EDR RF,22,0x0021c4f4,"Transport: Any (BR 1Mbps), RF Channel: 52 (SP:  -70), Packet Type: Unknown",1
365,49.1232202,,,BT BR/EDR RF,22,0x0021c4f4,"Transport: Any (BR 1Mbps), RF Channel:  5 (SP:  -73), Packet Type: Unknown",1
366,49.2761449,,,BT BR/EDR RF,22,0x00223b08,"Transport: Any (BR 1Mbps), RF Channel: 54 (SP:  -79), Packet Type: Unknown",1
367,49.2781461,,,BT BR/EDR RF,22,0x00223b08,"Transport: Any (BR 1Mbps), RF Channel: 54 (SP:  -73), Packet Type: Unknown",1
368,49.3989104,,,BT BR/EDR RF,22,0x0021c4f4,"Transport: Any (BR 1Mbps), RF Channel: 71 (SP:  -70), Packet Type: Unknown",1
369,49.4811789,,,BT BR/EDR RF,22,0x00223b08,"Transport: Any (BR 1Mbps), RF Channel: 56 (SP:  -80), Packet Type: Unknown",1
370,49.4827786,,,BT BR/EDR RF,22,0x00259ef5,"Transport: Any (BR 1Mbps), RF Channel: 56 (SP:  -79), Packet Type: Unknown",1
371,49.6814211,,,BT BR/EDR RF,22,0x0021c4f4,"Transport: Any (BR 1Mbps), RF Channel: 58 (SP:  -76), Packet Type: Unknown",1
372,49.6822221,,,BT BR/EDR RF,22,0x0021c4f4,"Transport: Any (BR 1Mbps), RF Channel: 58 (SP:  -72), Packet Type: Unknown",1
373,49.8102176,,,BT BR/EDR RF,22,0x0021c4f4,"Transport: Any (BR 1Mbps), RF Channel: 75 (SP:  -70), Packet Type: Unknown",1
374,49.949084,,,BT BR/EDR RF,22,0x00259ef5,"Transport: Any (BR 1Mbps), RF Channel: 45 (SP:  -75), Packet Type: Unknown",1
375,49.9622869,,,BT BR/EDR RF,22,0x0029cfc6,"Transport: Any (BR 1Mbps), RF Channel: 45 (SP:  -71), Packet Type: Unknown",1
376,49.9828095,,,BT BR/EDR RF,22,0x0021c4f4,"Transport: Any (BR 1Mbps), RF Channel: 77 (SP:  -73), Packet Type: Unknown",1
377,50.0016223,,,BT BR/EDR RF,22,0x0021c4f4,"Transport: Any (BR 1Mbps), RF Channel: 77 (SP:  -73), Packet Type: Unknown",1
378,50.2796623,,,BT BR/EDR RF,22,0x0021c4f4,"Transport: Any (BR 1Mbps), RF Channel: 64 (SP:  -74), Packet Type: Unknown",1
379,50.5461825,,,BT BR/EDR RF,22,0x00223b08,"Transport: Any (BR 1Mbps), RF Channel: 51 (SP:  -81), Packet Type: Unknown",1
380,50.5465831,,,BT BR/EDR RF,22,0x00223b08,"Transport: Any (BR 1Mbps), RF Channel: 51 (SP:  -78), Packet Type: Unknown",1
381,50.6829487,,,BT BR/EDR RF,22,0x00259ef5,"Transport: Any (BR 1Mbps), RF Channel: 68 (SP:  -64), Packet Type: Unknown",1
382,50.8101264,,,BT BR/EDR RF,22,0x0021c4f4,"Transport: Any (BR 1Mbps), RF Channel:  6 (SP:  -77), Packet Type: Unknown",1
383,51.00317,,,BT BR/EDR RF,22,0x0021c4f4,"Transport: Any (BR 1Mbps), RF Channel:  8 (SP:  -75), Packet Type: Unknown",1
384,51.1328589,,,BT BR/EDR RF,22,0x0021c4f4,"Transport: Any (BR 1Mbps), RF Channel: 57 (SP:  -55), Packet Type: Unknown",1
385,51.133257,,,BT BR/EDR RF,22,0x0021c4f4,"Transport: Any (BR 1Mbps), RF Channel: 57 (SP:  -55), Packet Type: Unknown",1
386,51.3590864,,,BT BR/EDR RF,22,0x0021c4f4,"Transport: Any (BR 1Mbps), RF Channel: 59 (SP:  -56), Packet Type: Unknown",1
387,51.3594855,,,BT BR/EDR RF,22,0x0021c4f4,"Transport: Any (BR 1Mbps), RF Channel: 59 (SP:  -56), Packet Type: Unknown",1
388,51.4096042,,,BT BR/EDR RF,22,0x0021c4f4,"Transport: Any (BR 1Mbps), RF Channel: 12 (SP:  -76), Packet Type: Unknown",1
389,51.4826216,,,BT BR/EDR RF,22,0x0021c4f4,"Transport: Any (BR 1Mbps), RF Channel: 76 (SP:  -69), Packet Type: Unknown",1
390,51.5428552,,,BT BR/EDR RF,22,0x0021c4f4,"Transport: Any (BR 1Mbps), RF Channel: 61 (SP:  -77), Packet Type: Unknown",1
391,51.5648711,,,BT BR/EDR RF,22,0x0029cfc6,"Transport: Any (BR 1Mbps), RF Channel: 61 (SP:  -56), Packet Type: Unknown",1
392,51.6564499,,,BT BR/EDR RF,22,0x0021c4f4,"Transport: Any (BR 1Mbps), RF Channel: 78 (SP:  -70), Packet Type: Unknown",1
393,51.9520732,,,BT BR/EDR RF,22,0x0021c4f4,"Transport: Any (BR 1Mbps), RF Channel: 65 (SP:  -72), Packet Type: Unknown",1
394,51.9632785,,,BT BR/EDR RF,22,0x0021c4f4,"Transport: Any (BR 1Mbps), RF Channel: 65 (SP:  -71), Packet Type: Unknown",1
395,52.0908737,,,BT BR/EDR RF,22,0x0021c4f4,"Transport: Any (BR 1Mbps), RF Channel:  3 (SP:  -70), Packet Type: Unknown",1
396,52.1615247,,,BT BR/EDR RF,22,0x0021c4f4,"Transport: Any (BR 1Mbps), RF Channel: 67 (SP:  -75), Packet Type: Unknown",1
397,52.3589071,,,BT BR/EDR RF,22,0x0021c4f4,"Transport: Any (BR 1Mbps), RF Channel: 69 (SP:  -73), Packet Type: Unknown",1
398,52.3601051,,,BT BR/EDR RF,22,0x0021c4f4,"Transport: Any (BR 1Mbps), RF Channel: 69 (SP:  -72), Packet Type: Unknown",1
399,52.8720573,,,BT BR/EDR RF,22,0x0021c4f4,"Transport: Any (BR 1Mbps), RF Channel: 11 (SP:  -75), Packet Type: Unknown",1
400,53.1700941,,,BT BR/EDR RF,22,0x0021c4f4,"Transport: Any (BR 1Mbps), RF Channel: 77 (SP:  -72), Packet Type: Unknown",1
401,53.1708939,,,BT BR/EDR RF,22,0x0021c4f4,"Transport: Any (BR 1Mbps), RF Channel: 77 (SP:  -72), Packet Type: Unknown",1
402,53.4795356,,,BT BR/EDR RF,22,0x0021c4f4,"Transport: Any (BR 1Mbps), RF Channel: 17 (SP:  -77), Packet Type: Unknown",1
403,53.481935,,,BT BR/EDR RF,22,0x0021c4f4,"Transport: Any (BR 1Mbps), RF Channel: 17 (SP:  -77), Packet Type: Unknown",1
404,53.4952797,,,BT BR/EDR RF,22,0x002ff7a8,"Transport: Any (BR 1Mbps), RF Channel: 49 (SP:  -81), Packet Type: Unknown",1
405,53.5462131,,,BT BR/EDR RF,22,0x0029cfc6,"Transport: Any (BR 1Mbps), RF Channel:  2 (SP:  -44, NP:  -55), Packet Type: Unknown",1
406,53.5706325,,,BT BR/EDR RF,22,0x002ff7a8,"Transport: Any (BR 1Mbps), RF Channel:  2 (SP:  -79), Packet Type: Unknown",1
407,53.589146,,,BT BR/EDR RF,22,0x002ff7a8,"Transport: Any (BR 1Mbps), RF Channel: 34 (SP:    0, NP:  -55), Packet Type: Unknown",1
408,53.6091343,,,BT BR/EDR RF,22,0x002ff7a8,"Transport: Any (BR 1Mbps), RF Channel: 34 (SP:    0, NP:  -55), Packet Type: Unknown",1
409,53.7600187,,,BT BR/EDR RF,22,0x002ff7a8,"Transport: Any (BR 1Mbps), RF Channel:  4 (SP:  -80), Packet Type: Unknown",1
410,53.8290532,,,BT BR/EDR RF,22,0x002ff7a8,"Transport: Any (BR 1Mbps), RF Channel: 68 (SP:    0, NP:  -55), Packet Type: Unknown",1
411,53.8390543,,,BT BR/EDR RF,22,0x002ff7a8,"Transport: Any (BR 1Mbps), RF Channel: 68 (SP:    0, NP:  -55), Packet Type: Unknown",1
412,53.8490577,,,BT BR/EDR RF,22,0x002ff7a8,"Transport: Any (BR 1Mbps), RF Channel: 68 (SP:    0, NP:  -55), Packet Type: Unknown",1
413,53.8675862,,,BT BR/EDR RF,22,0x002ff7a8,"Transport: Any (BR 1Mbps), RF Channel: 21 (SP:  -75), Packet Type: Unknown",1
414,53.8875861,,,BT BR/EDR RF,22,0x002ff7a8,"Transport: Any (BR 1Mbps), RF Channel: 21 (SP:  -73), Packet Type: Unknown",1
415,53.9213035,,,BT BR/EDR RF,22,0x0021c4f4,"Transport: Any (BR 1Mbps), RF Channel: 53 (SP:  -72), Packet Type: Unknown",1
416,53.9975308,,,BT BR/EDR RF,22,0x00347a8c,"Transport: Any (BR 1Mbps), RF Channel: 38 (SP:    0, NP:  -55), Packet Type: Unknown",1
417,54.002725,,,BT BR/EDR RF,22,0x00347a8c,"Transport: Any (BR 1Mbps), RF Channel: 38 (SP:  -72), Packet Type: Unknown",1
418,54.037648,,,BT BR/EDR RF,22,0x00347a8c,"Transport: Any (BR 1Mbps), RF Channel: 70 (SP:    0, NP:  -55), Packet Type: Unknown",1
419,54.0778069,,,BT BR/EDR RF,22,0x00347a8c,"Transport: Any (BR 1Mbps), RF Channel: 23 (SP:    0, NP:  -55), Packet Type: Unknown",1
420,54.1175453,,,BT BR/EDR RF,22,0x00347a8c,"Transport: Any (BR 1Mbps), RF Channel: 55 (SP:    0, NP:  -55), Packet Type: Unknown",1
421,54.1227465,,,BT BR/EDR RF,22,0x00347a8c,"Transport: Any (BR 1Mbps), RF Channel: 55 (SP:  -57), Packet Type: Unknown",1
422,54.1408538,,,BT BR/EDR RF,22,0x00347a8c,"Transport: Any (BR 1Mbps), RF Channel:  8 (SP:  -72), Packet Type: Unknown",1
423,54.1432534,,,BT BR/EDR RF,22,0x00347a8c,"Transport: Any (BR 1Mbps), RF Channel:  8 (SP:  -71), Packet Type: Unknown",1
424,54.1608678,,,BT BR/EDR RF,22,0x00347a8c,"Transport: Any (BR 1Mbps), RF Channel:  8 (SP:    0, NP:  -55), Packet Type: Unknown",1
425,54.1977759,,,BT BR/EDR RF,22,0x00347a8c,"Transport: Any (BR 1Mbps), RF Channel: 40 (SP:    0, NP:  -55), Packet Type: Unknown",1
426,54.2503036,,,BT BR/EDR RF,22,0x0021c4f4,"Transport: Any (BR 1Mbps), RF Channel: 72 (SP:  -72), Packet Type: Unknown",1
427,54.3097439,,,BT BR/EDR RF,22,0x0029cfc6,"Transport: Any (BR 1Mbps), RF Channel: 57 (SP:  -72), Packet Type: Unknown",1
428,54.4213064,,,BT BR/EDR RF,22,0x0021c4f4,"Transport: Any (BR 1Mbps), RF Channel: 74 (SP:  -70), Packet Type: Unknown",1
429,54.4453056,,,BT BR/EDR RF,22,0x0021c4f4,"Transport: Any (BR 1Mbps), RF Channel: 74 (SP:  -70), Packet Type: Unknown",1
430,54.4606306,,,BT BR/EDR RF,22,0x002ff7a8,"Transport: Any (BR 1Mbps), RF Channel: 27 (SP:  -49, NP:  -55), Packet Type: Unknown",1
431,54.5007464,,,BT BR/EDR RF,22,0x002ff7a8,"Transport: Any (BR 1Mbps), RF Channel: 59 (SP:  -70), Packet Type: Unknown",1
432,54.5456761,,,BT BR/EDR RF,22,0x002ff7a8,"Transport: Any (BR 1Mbps), RF Channel: 12 (SP:    0, NP:  -55), Packet Type: Unknown",1
433,54.5496781,,,BT BR/EDR RF,22,0x0021c4f4,"Transport: Any (BR 1Mbps), RF Channel: 12 (SP:    0, NP:  -55), Packet Type: Unknown",1
434,54.5882022,,,BT BR/EDR RF,22,0x002ff7a8,"Transport: Any (BR 1Mbps), RF Channel: 44 (SP:    0, NP:  -55), Packet Type: Unknown",1
435,54.6800365,,,BT BR/EDR RF,22,0x002ff7a8,"Transport: Any (BR 1Mbps), RF Channel: 29 (SP:  -70), Packet Type: Unknown",1
436,54.7999949,,,BT BR/EDR RF,22,0x002ff7a8,"Transport: Any (BR 1Mbps), RF Channel: 46 (SP:  -70), Packet Type: Unknown",1
437,54.8389375,,,BT BR/EDR RF,22,0x0021c4f4,"Transport: Any (BR 1Mbps), RF Channel: 78 (SP:  -73), Packet Type: Unknown",1
438,54.9990453,,,BT BR/EDR RF,22,0x0021c4f4,"Transport: Any (BR 1Mbps), RF Channel: 48 (SP:  -76), Packet Type: Unknown",1
439,54.9994449,,,BT BR/EDR RF,22,0x0021c4f4,"Transport: Any (BR 1Mbps), RF Channel: 48 (SP:  -72), Packet Type: Unknown",1
440,55.1249759,,,BT BR/EDR RF,22,0x002ff7a8,"Transport: Any (BR 1Mbps), RF Channel: 65 (SP:    0, NP:  -55), Packet Type: Unknown",1
441,55.139494,,,BT BR/EDR RF,22,0x002ff7a8,"Transport: Any (BR 1Mbps), RF Channel: 18 (SP:  -77), Packet Type: Unknown",1
442,55.1474892,,,BT BR/EDR RF,22,0x002ff7a8,"Transport: Any (BR 1Mbps), RF Channel: 18 (SP:  -71), Packet Type: Unknown",1
443,55.1594868,,,BT BR/EDR RF,22,0x0021c4f4,"Transport: Any (BR 1Mbps), RF Channel: 18 (SP:  -78), Packet Type: Unknown",1
444,55.3196057,,,BT BR/EDR RF,22,0x0021c4f4,"Transport: Any (BR 1Mbps), RF Channel: 67 (SP:  -73), Packet Type: Unknown",1
445,55.5186303,,,BT BR/EDR RF,22,0x0029cfc6,"Transport: Any (BR 1Mbps), RF Channel: 69 (SP:  -82), Packet Type: Unknown",1
446,55.5769149,,,BT BR/EDR RF,22,0x0021c4f4,"Transport: Any (BR 1Mbps), RF Channel: 54 (SP:  -72), Packet Type: Unknown",1
447,55.7787393,,,BT BR/EDR RF,22,0x002ff7a8,"Transport: Any (BR 1Mbps), RF Channel: 56 (SP:    0, NP:  -55), Packet Type: Unknown",1
448,55.8569952,,,BT BR/EDR RF,22,0x002ff7a8,"Transport: Any (BR 1Mbps), RF Channel: 41 (SP:  -76), Packet Type: Unknown",1
449,55.9227167,,,BT BR/EDR RF,22,0x0021c4f4,"Transport: Any (BR 1Mbps), RF Channel: 73 (SP:  -76), Packet Type: Unknown",1
450,56.0720038,,,BT BR/EDR RF,22,0x002ff7a8,"Transport: Any (BR 1Mbps), RF Channel: 43 (SP:  -71), Packet Type: Unknown",1
451,56.0776001,,,BT BR/EDR RF,22,0x002ff7a8,"Transport: Any (BR 1Mbps), RF Channel: 43 (SP:    0, NP:  -55), Packet Type: Unknown",1
452,56.1301007,,,BT BR/EDR RF,22,0x0021c4f4,"Transport: Any (BR 1Mbps), RF Channel: 75 (SP:  -70), Packet Type: Unknown",1
453,56.1308986,,,BT BR/EDR RF,22,0x0021c4f4,"Transport: Any (BR 1Mbps), RF Channel: 75 (SP:  -70), Packet Type: Unknown",1
454,56.1618365,,,BT BR/EDR RF,22,0x002ff7a8,"Transport: Any (BR 1Mbps), RF Channel: 28 (SP:  -72), Packet Type: Unknown",1
455,56.2413012,,,BT BR/EDR RF,22,0x002ff7a8,"Transport: Any (BR 1Mbps), RF Channel: 13 (SP:  -71), Packet Type: Unknown",1
456,56.3925563,,,BT BR/EDR RF,22,0x002ff7a8,"Transport: Any (BR 1Mbps), RF Channel: 62 (SP:  -70), Packet Type: Unknown",1
457,56.5650209,,,BT BR/EDR RF,22,0x002ff7a8,"Transport: Any (BR 1Mbps), RF Channel: 32 (SP:    0, NP:  -55), Packet Type: Unknown",1
458,56.56702,,,BT BR/EDR RF,22,0x002ff7a8,"Transport: Any (BR 1Mbps), RF Channel: 32 (SP:    0, NP:  -55), Packet Type: Unknown",1
459,56.6396831,,,BT BR/EDR RF,22,0x0021c4f4,"Transport: Any (BR 1Mbps), RF Channel: 17 (SP:  -81), Packet Type: Unknown",1
460,57.0027872,,,BT BR/EDR RF,22,0x0021c4f4,"Transport: Any (BR 1Mbps), RF Channel: 68 (SP:  -73), Packet Type: Unknown",1
461,57.117566,,,BT BR/EDR RF,22,0x002ff7a8,"Transport: Any (BR 1Mbps), RF Channel:  6 (SP:    0, NP:  -55), Packet Type: Unknown",1
462,57.1778064,,,BT BR/EDR RF,22,0x0021c4f4,"Transport: Any (BR 1Mbps), RF Channel: 70 (SP:  -72), Packet Type: Unknown",1
463,57.2026141,,,BT BR/EDR RF,22,0x0021c4f4,"Transport: Any (BR 1Mbps), RF Channel: 70 (SP:  -64), Packet Type: Unknown",1
464,57.2034135,,,BT BR/EDR RF,22,0x0021c4f4,"Transport: Any (BR 1Mbps), RF Channel: 70 (SP:  -64), Packet Type: Unknown",1
465,57.2812766,,,BT BR/EDR RF,22,0x0021c4f4,"Transport: Any (BR 1Mbps), RF Channel: 55 (SP:  -74), Packet Type: Unknown",1
466,57.3062094,,,BT BR/EDR RF,22,0x002ff7a8,"Transport: Any (BR 1Mbps), RF Channel:  8 (SP:    0, NP:  -55), Packet Type: Unknown",1
467,57.456696,,,BT BR/EDR RF,22,0x002ff7a8,"Transport: Any (BR 1Mbps), RF Channel: 57 (SP:  -72), Packet Type: Unknown",1
468,57.4574961,,,BT BR/EDR RF,22,0x002ff7a8,"Transport: Any (BR 1Mbps), RF Channel: 57 (SP:  -72), Packet Type: Unknown",1
469,57.5076377,,,BT BR/EDR RF,22,0x002ff7a8,"Transport: Any (BR 1Mbps), RF Channel: 10 (SP:  -77), Packet Type: Unknown",1
470,57.6681023,,,BT BR/EDR RF,22,0x002ff7a8,"Transport: Any (BR 1Mbps), RF Channel: 59 (SP:  -69), Packet Type: Unknown",1
471,57.7010252,,,BT BR/EDR RF,22,0x0029cfc6,"Transport: Any (BR 1Mbps), RF Channel: 12 (SP:  -73), Packet Type: Unknown",1
472,58.1294876,,,BT BR/EDR RF,22,0x0021c4f4,"Transport: Any (BR 1Mbps), RF Channel: 16 (SP:  -75), Packet Type: Unknown",1
473,58.1591938,,,BT BR/EDR RF,22,0x002ff7a8,"Transport: Any (BR 1Mbps), RF Channel: 48 (SP:  -62), Packet Type: Unknown",1
474,58.1869136,,,BT BR/EDR RF,22,0x002ff7a8,"Transport: Any (BR 1Mbps), RF Channel:  1 (SP:  -47, NP:  -55), Packet Type: Unknown",1
475,58.283156,,,BT BR/EDR RF,22,0x0021c4f4,"Transport: Any (BR 1Mbps), RF Channel: 65 (SP:  -73), Packet Type: Unknown",1
476,58.3526235,,,BT BR/EDR RF,22,0x0021c4f4,"Transport: Any (BR 1Mbps), RF Channel: 50 (SP:  -54, NP:  -55), Packet Type: Unknown",1
477,58.3534219,,,BT BR/EDR RF,22,0x0021c4f4,"Transport: Any (BR 1Mbps), RF Channel: 50 (SP:  -54, NP:  -55), Packet Type: Unknown",1
478,58.4095287,,,BT BR/EDR RF,22,0x0021c4f4,"Transport: Any (BR 1Mbps), RF Channel:  3 (SP:  -75), Packet Type: Unknown",1
479,58.4525773,,,BT BR/EDR RF,22,0x0021c4f4,"Transport: Any (BR 1Mbps), RF Channel: 67 (SP:  -79), Packet Type: Unknown",1
480,58.5696497,,,BT BR/EDR RF,22,0x0021c4f4,"Transport: Any (BR 1Mbps), RF Channel: 52 (SP:  -64), Packet Type: Unknown",1
481,58.5993789,,,BT BR/EDR RF,22,0x0021c4f4,"Transport: Any (BR 1Mbps), RF Channel:  5 (SP:  -77), Packet Type: Unknown",1
482,58.6306837,,,BT BR/EDR RF,22,0x002ff7a8,"Transport: Any (BR 1Mbps), RF Channel: 37 (SP:  -73), Packet Type: Unknown",1
483,58.8826176,,,BT BR/EDR RF,22,0x0021c4f4,"Transport: Any (BR 1Mbps), RF Channel: 71 (SP:  -72), Packet Type: Unknown",1
484,58.9648449,,,BT BR/EDR RF,22,0x0029cfc6,"Transport: Any (BR 1Mbps), RF Channel: 56 (SP:  -45, NP:  -55), Packet Type: Unknown",1
485,59.1626523,,,BT BR/EDR RF,22,0x0021c4f4,"Transport: Any (BR 1Mbps), RF Channel: 58 (SP:  -73), Packet Type: Unknown",1
486,59.1634549,,,BT BR/EDR RF,22,0x0021c4f4,"Transport: Any (BR 1Mbps), RF Channel: 58 (SP:  -72), Packet Type: Unknown",1
487,59.285061,,,BT BR/EDR RF,22,0x0021c4f4,"Transport: Any (BR 1Mbps), RF Channel: 75 (SP:  -65), Packet Type: Unknown",1
488,59.28586,,,BT BR/EDR RF,22,0x0021c4f4,"Transport: Any (BR 1Mbps), RF Channel: 75 (SP:  -65), Packet Type: Unknown",1
489,59.2902573,,,BT BR/EDR RF,22,0x0021c4f4,"Transport: Any (BR 1Mbps), RF Channel: 75 (SP:  -69), Packet Type: Unknown",1
490,59.2906568,,,BT BR/EDR RF,22,0x0021c4f4,"Transport: Any (BR 1Mbps), RF Channel: 75 (SP:  -69), Packet Type: Unknown",1
491,59.6821848,,,BT BR/EDR RF,22,0x0021c4f4,"Transport: Any (BR 1Mbps), RF Channel:  0 (SP:  -75), Packet Type: Unknown",1
492,59.7833102,,,BT BR/EDR RF,22,0x0021c4f4,"Transport: Any (BR 1Mbps), RF Channel: 17 (SP:  -74), Packet Type: Unknown",1
493,59.8414086,,,BT BR/EDR RF,22,0x0021c4f4,"Transport: Any (BR 1Mbps), RF Channel: 49 (SP:  -77), Packet Type: Unknown",1
494,59.9192427,,,BT BR/EDR RF,22,0x002ff7a8,"Transport: Any (BR 1Mbps), RF Channel: 34 (SP:  -76), Packet Type: Unknown",1
495,59.959363,,,BT BR/EDR RF,22,0x0021c4f4,"Transport: Any (BR 1Mbps), RF Channel: 66 (SP:  -64), Packet Type: Unknown",1
496,60.0733686,,,BT BR/EDR RF,22,0x0021c4f4,"Transport: Any (BR 1Mbps), RF Channel:  4 (SP:  -75), Packet Type: Unknown",1
497,60.2795825,,,BT BR/EDR RF,22,0x0021c4f4,"Transport: Any (BR 1Mbps), RF Channel:  6 (SP:  -74), Packet Type: Unknown",1
498,60.2839854,,,BT BR/EDR RF,22,0x0021c4f4,"Transport: Any (BR 1Mbps), RF Channel:  6 (SP:  -81), Packet Type: Unknown",1
499,60.2843848,,,BT BR/EDR RF,22,0x0021c4f4,"Transport: Any (BR 1Mbps), RF Channel:  6 (SP:  -75), Packet Type: Unknown",1
500,60.4906289,,,BT BR/EDR RF,22,0x0021c4f4,"Transport: Any (BR 1Mbps), RF Channel:  8 (SP:  -75), Packet Type: Unknown",1
501,60.6431209,,,BT BR/EDR RF,22,0x0021c4f4,"Transport: Any (BR 1Mbps), RF Channel: 57 (SP:  -74), Packet Type: Unknown",1
502,60.689647,,,BT BR/EDR RF,22,0x0021c4f4,"Transport: Any (BR 1Mbps), RF Channel: 10 (SP:  -74), Packet Type: Unknown",1
503,61.0832942,,,BT BR/EDR RF,22,0x0021c4f4,"Transport: Any (BR 1Mbps), RF Channel: 14 (SP:  -73), Packet Type: Unknown",1
504,61.161551,,,BT BR/EDR RF,22,0x0021c4f4,"Transport: Any (BR 1Mbps), RF Channel: 78 (SP:  -73), Packet Type: Unknown",1
505,61.2795121,,,BT BR/EDR RF,22,0x0021c4f4,"Transport: Any (BR 1Mbps), RF Channel: 16 (SP:  -73), Packet Type: Unknown",1
506,61.5632041,,,BT BR/EDR RF,22,0x0021c4f4,"Transport: Any (BR 1Mbps), RF Channel:  3 (SP:  -74), Packet Type: Unknown",1
507,61.7225081,,,BT BR/EDR RF,22,0x0021c4f4,"Transport: Any (BR 1Mbps), RF Channel: 52 (SP:  -73), Packet Type: Unknown",1
508,61.7233063,,,BT BR/EDR RF,22,0x0021c4f4,"Transport: Any (BR 1Mbps), RF Channel: 52 (SP:  -72), Packet Type: Unknown",1
509,61.9174765,,,BT BR/EDR RF,22,0x002ff7a8,"Transport: Any (BR 1Mbps), RF Channel: 54 (SP:    0, NP:  -55), Packet Type: Unknown",1
510,62.2516796,,,BT BR/EDR RF,22,0x002ff7a8,"Transport: Any (BR 1Mbps), RF Channel: 73 (SP:  -59), Packet Type: Unknown",1
511,62.3295083,,,BT BR/EDR RF,22,0x0021c4f4,"Transport: Any (BR 1Mbps), RF Channel: 58 (SP:  -74), Packet Type: Unknown",1
512,62.4426545,,,BT BR/EDR RF,22,0x0021c4f4,"Transport: Any (BR 1Mbps), RF Channel: 75 (SP:  -68), Packet Type: Unknown",1
513,62.5212851,,,BT BR/EDR RF,22,0x0021c4f4,"Transport: Any (BR 1Mbps), RF Channel: 60 (SP:  -59), Packet Type: Unknown",1
514,62.6260566,,,BT BR/EDR RF,22,0x002ff7a8,"Transport: Any (BR 1Mbps), RF Channel: 77 (SP:    0, NP:  -55), Packet Type: Unknown",1
515,62.7010905,,,BT BR/EDR RF,22,0x002ff7a8,"Transport: Any (BR 1Mbps), RF Channel: 62 (SP:  -58), Packet Type: Unknown",1
516,62.7130863,,,BT BR/EDR RF,22,0x002ff7a8,"Transport: Any (BR 1Mbps), RF Channel: 62 (SP:  -71), Packet Type: Unknown",1
517,62.7186849,,,BT BR/EDR RF,22,0x002ff7a8,"Transport: Any (BR 1Mbps), RF Channel: 62 (SP:    0, NP:  -55), Packet Type: Unknown",1
518,62.7194835,,,BT BR/EDR RF,22,0x0021c4f4,"Transport: Any (BR 1Mbps), RF Channel: 62 (SP:    0, NP:  -55), Packet Type: Unknown",1
519,62.9301114,,,BT BR/EDR RF,22,0x0021c4f4,"Transport: Any (BR 1Mbps), RF Channel: 64 (SP:  -59), Packet Type: Unknown",1
520,62.9309126,,,BT BR/EDR RF,22,0x0021c4f4,"Transport: Any (BR 1Mbps), RF Channel: 64 (SP:  -60), Packet Type: Unknown",1
521,63.1993911,,,BT BR/EDR RF,22,0x0021c4f4,"Transport: Any (BR 1Mbps), RF Channel: 51 (SP:  -73), Packet Type: Unknown",1
522,63.2025887,,,BT BR/EDR RF,22,0x0021c4f4,"Transport: Any (BR 1Mbps), RF Channel: 51 (SP:  -72), Packet Type: Unknown",1
523,63.2033885,,,BT BR/EDR RF,22,0x0021c4f4,"Transport: Any (BR 1Mbps), RF Channel: 51 (SP:  -71), Packet Type: Unknown",1
524,63.3594713,,,BT BR/EDR RF,22,0x0021c4f4,"Transport: Any (BR 1Mbps), RF Channel: 21 (SP:  -75), Packet Type: Unknown",1
525,63.9195947,,,BT BR/EDR RF,22,0x0021c4f4,"Transport: Any (BR 1Mbps), RF Channel: 74 (SP:  -72), Packet Type: Unknown",1
526,63.9726357,,,BT BR/EDR RF,22,0x0021c4f4,"Transport: Any (BR 1Mbps), RF Channel: 59 (SP:  -75), Packet Type: Unknown",1
527,64.4888929,,,BT BR/EDR RF,22,0x0021c4f4,"Transport: Any (BR 1Mbps), RF Channel: 48 (SP:  -76), Packet Type: Unknown",1
528,64.5094135,,,BT BR/EDR RF,22,0x0021c4f4,"Transport: Any (BR 1Mbps), RF Channel:  1 (SP:  -53, NP:  -55), Packet Type: Unknown",1
529,64.5391492,,,BT BR/EDR RF,22,0x002ff7a8,"Transport: Any (BR 1Mbps), RF Channel: 33 (SP:  -30, NP:  -55), Packet Type: Unknown",1
530,64.620593,,,BT BR/EDR RF,22,0x0021c4f4,"Transport: Any (BR 1Mbps), RF Channel: 18 (SP:  -77), Packet Type: Unknown",1
531,64.6493989,,,BT BR/EDR RF,22,0x0021c4f4,"Transport: Any (BR 1Mbps), RF Channel: 18 (SP:  -75), Packet Type: Unknown",1
532,64.6787396,,,BT BR/EDR RF,22,0x0021c4f4,"Transport: Any (BR 1Mbps), RF Channel: 50 (SP:  -75), Packet Type: Unknown",1
533,64.8500607,,,BT BR/EDR RF,22,0x0021c4f4,"Transport: Any (BR 1Mbps), RF Channel: 20 (SP:  -74), Packet Type: Unknown",1
534,64.8508621,,,BT BR/EDR RF,22,0x0021c4f4,"Transport: Any (BR 1Mbps), RF Channel: 20 (SP:  -74), Packet Type: Unknown",1
535,64.8793731,,,BT BR/EDR RF,22,0x0021c4f4,"Transport: Any (BR 1Mbps), RF Channel: 52 (SP:  -73), Packet Type: Unknown",1
536,65.4899858,,,BT BR/EDR RF,22,0x0021c4f4,"Transport: Any (BR 1Mbps), RF Channel: 58 (SP:  -55), Packet Type: Unknown",1
537,65.6027545,,,BT BR/EDR RF,22,0x0021c4f4,"Transport: Any (BR 1Mbps), RF Channel: 75 (SP:  -70), Packet Type: Unknown",1
538,66.0713939,,,BT BR/EDR RF,22,0x0021c4f4,"Transport: Any (BR 1Mbps), RF Channel: 64 (SP:  -81), Packet Type: Unknown",1
539,66.1624713,,,BT BR/EDR RF,22,0x0021c4f4,"Transport: Any (BR 1Mbps), RF Channel: 49 (SP:  -75), Packet Type: Unknown",1
540,66.1632724,,,BT BR/EDR RF,22,0x0021c4f4,"Transport: Any (BR 1Mbps), RF Channel: 49 (SP:  -72), Packet Type: Unknown",1
541,66.1958068,,,BT BR/EDR RF,22,0x0021c4f4,"Transport: Any (BR 1Mbps), RF Channel:  2 (SP:  -60), Packet Type: Unknown",1
542,66.4726424,,,BT BR/EDR RF,22,0x0021c4f4,"Transport: Any (BR 1Mbps), RF Channel: 68 (SP:  -74), Packet Type: Unknown",1
543,66.4862495,,,BT BR/EDR RF,22,0x0021c4f4,"Transport: Any (BR 1Mbps), RF Channel: 68 (SP:  -75), Packet Type: Unknown",1
544,66.4870462,,,BT BR/EDR RF,22,0x0021c4f4,"Transport: Any (BR 1Mbps), RF Channel: 68 (SP:  -75), Packet Type: Unknown",1
545,67.6421407,,,BT BR/EDR RF,22,0x0021c4f4,"Transport: Any (BR 1Mbps), RF Channel: 48 (SP:  -74), Packet Type: Unknown",1
546,67.8018836,,,BT BR/EDR RF,22,0x0021c4f4,"Transport: Any (BR 1Mbps), RF Channel: 18 (SP:    0, NP:  -55), Packet Type: Unknown",1
547,67.9620126,,,BT BR/EDR RF,22,0x0021c4f4,"Transport: Any (BR 1Mbps), RF Channel: 67 (SP:  -78), Packet Type: Unknown",1
548,67.9989185,,,BT BR/EDR RF,22,0x0021c4f4,"Transport: Any (BR 1Mbps), RF Channel: 20 (SP:  -76), Packet Type: Unknown",1
549,68.3793454,,,BT BR/EDR RF,22,0x002ff7a8,"Transport: Any (BR 1Mbps), RF Channel: 24 (SP:  -74), Packet Type: Unknown",1
550,68.441467,,,BT BR/EDR RF,22,0x0021c4f4,"Transport: Any (BR 1Mbps), RF Channel: 56 (SP:  -76), Packet Type: Unknown",1
551,68.6501041,,,BT BR/EDR RF,22,0x0021c4f4,"Transport: Any (BR 1Mbps), RF Channel: 58 (SP:  -75), Packet Type: Unknown",1
552,68.758853,,,BT BR/EDR RF,22,0x0021c4f4,"Transport: Any (BR 1Mbps), RF Channel: 75 (SP:  -73), Packet Type: Unknown",1
553,68.8326948,,,BT BR/EDR RF,22,0x0021c4f4,"Transport: Any (BR 1Mbps), RF Channel: 60 (SP:  -75), Packet Type: Unknown",1
554,69.239506,,,BT BR/EDR RF,22,0x0021c4f4,"Transport: Any (BR 1Mbps), RF Channel: 64 (SP:  -75), Packet Type: Unknown",1
555,69.3462827,,,BT BR/EDR RF,22,0x0021c4f4,"Transport: Any (BR 1Mbps), RF Channel:  2 (SP:  -79), Packet Type: Unknown",1
556,69.4550488,,,BT BR/EDR RF,22,0x0021c4f4,"Transport: Any (BR 1Mbps), RF Channel: 19 (SP:  -79), Packet Type: Unknown",1
557,69.7189743,,,BT BR/EDR RF,22,0x0021c4f4,"Transport: Any (BR 1Mbps), RF Channel: 53 (SP:  -74), Packet Type: Unknown",1
558,69.7658859,,,BT BR/EDR RF,22,0x0021c4f4,"Transport: Any (BR 1Mbps), RF Channel:  6 (SP:  -74), Packet Type: Unknown",1
559,70.1190071,,,BT BR/EDR RF,22,0x0021c4f4,"Transport: Any (BR 1Mbps), RF Channel: 57 (SP:  -75), Packet Type: Unknown",1
560,70.5262222,,,BT BR/EDR RF,22,0x0021c4f4,"Transport: Any (BR 1Mbps), RF Channel: 61 (SP:  -77), Packet Type: Unknown",1
561,70.5687352,,,BT BR/EDR RF,22,0x0021c4f4,"Transport: Any (BR 1Mbps), RF Channel: 14 (SP:  -77), Packet Type: Unknown",1
562,70.5695346,,,BT BR/EDR RF,22,0x0021c4f4,"Transport: Any (BR 1Mbps), RF Channel: 14 (SP:  -76), Packet Type: Unknown",1
563,70.7637229,,,BT BR/EDR RF,22,0x0021c4f4,"Transport: Any (BR 1Mbps), RF Channel: 16 (SP:  -77), Packet Type: Unknown",1
564,70.8062315,,,BT BR/EDR RF,22,0x0021c4f4,"Transport: Any (BR 1Mbps), RF Channel: 48 (SP:  -77), Packet Type: Unknown",1
565,70.9258152,,,BT BR/EDR RF,22,0x0021c4f4,"Transport: Any (BR 1Mbps), RF Channel: 65 (SP:  -74), Packet Type: Unknown",1
566,71.1212598,,,BT BR/EDR RF,22,0x0021c4f4,"Transport: Any (BR 1Mbps), RF Channel: 67 (SP:  -30, NP:  -55), Packet Type: Unknown",1
567,71.3231081,,,BT BR/EDR RF,22,0x0021c4f4,"Transport: Any (BR 1Mbps), RF Channel: 69 (SP:  -72), Packet Type: Unknown",1
568,71.4093613,,,BT BR/EDR RF,22,0x0021c4f4,"Transport: Any (BR 1Mbps), RF Channel: 54 (SP:  -70), Packet Type: Unknown",1
569,71.6019508,,,BT BR/EDR RF,22,0x0021c4f4,"Transport: Any (BR 1Mbps), RF Channel: 56 (SP:  -72), Packet Type: Unknown",1
570,71.7039353,,,BT BR/EDR RF,22,0x0021c4f4,"Transport: Any (BR 1Mbps), RF Channel: 73 (SP:  -69), Packet Type: Unknown",1
571,71.7043351,,,BT BR/EDR RF,22,0x0021c4f4,"Transport: Any (BR 1Mbps), RF Channel: 73 (SP:  -69), Packet Type: Unknown",1
572,71.999594,,,BT BR/EDR RF,22,0x0021c4f4,"Transport: Any (BR 1Mbps), RF Channel: 60 (SP:  -73), Packet Type: Unknown",1
573,72.0493091,,,BT BR/EDR RF,22,0x0021c4f4,"Transport: Any (BR 1Mbps), RF Channel: 13 (SP:  -77), Packet Type: Unknown",1
574,72.2294952,,,BT BR/EDR RF,22,0x0021c4f4,"Transport: Any (BR 1Mbps), RF Channel: 15 (SP:  -73), Packet Type: Unknown",1
575,72.4265255,,,BT BR/EDR RF,22,0x0029cfc6,"Transport: Any (BR 1Mbps), RF Channel: 17 (SP:  -84), Packet Type: Unknown",1
576,72.4433222,,,BT BR/EDR RF,22,0x0021c4f4,"Transport: Any (BR 1Mbps), RF Channel: 17 (SP:  -78), Packet Type: Unknown",1
577,72.4614585,,,BT BR/EDR RF,22,0x0021c4f4,"Transport: Any (BR 1Mbps), RF Channel: 49 (SP:  -71), Packet Type: Unknown",1
578,72.4618583,,,BT BR/EDR RF,22,0x0021c4f4,"Transport: Any (BR 1Mbps), RF Channel: 49 (SP:  -71), Packet Type: Unknown",1
579,72.6507722,,,BT BR/EDR RF,22,0x0021c4f4,"Transport: Any (BR 1Mbps), RF Channel: 19 (SP:  -79), Packet Type: Unknown",1
580,73.088946,,,BT BR/EDR RF,22,0x0021c4f4,"Transport: Any (BR 1Mbps), RF Channel: 55 (SP:  -72), Packet Type: Unknown",1
581,73.0893454,,,BT BR/EDR RF,22,0x0021c4f4,"Transport: Any (BR 1Mbps), RF Channel: 55 (SP:  -72), Packet Type: Unknown",1
582,73.2731445,,,BT BR/EDR RF,22,0x0021c4f4,"Transport: Any (BR 1Mbps), RF Channel: 57 (SP:  -59), Packet Type: Unknown",1
583,73.2863376,,,BT BR/EDR RF,22,0x0021c4f4,"Transport: Any (BR 1Mbps), RF Channel: 57 (SP:  -73), Packet Type: Unknown",1
584,73.6587587,,,BT BR/EDR RF,22,0x0021c4f4,"Transport: Any (BR 1Mbps), RF Channel: 61 (SP:  -75), Packet Type: Unknown",1
585,73.6907462,,,BT BR/EDR RF,22,0x0021c4f4,"Transport: Any (BR 1Mbps), RF Channel: 61 (SP:  -75), Packet Type: Unknown",1
586,73.9595912,,,BT BR/EDR RF,22,0x0021c4f4,"Transport: Any (BR 1Mbps), RF Channel: 48 (SP:  -72), Packet Type: Unknown",1
587,74.0719692,,,BT BR/EDR RF,22,0x0021c4f4,"Transport: Any (BR 1Mbps), RF Channel: 65 (SP:  -75), Packet Type: Unknown",1
588,74.0819725,,,BT BR/EDR RF,22,0x0021c4f4,"Transport: Any (BR 1Mbps), RF Channel: 65 (SP:  -76), Packet Type: Unknown",1
589,74.1795593,,,BT BR/EDR RF,22,0x0021c4f4,"Transport: Any (BR 1Mbps), RF Channel:  3 (SP:  -72), Packet Type: Unknown",1
590,74.330795,,,BT BR/EDR RF,22,0x0021c4f4,"Transport: Any (BR 1Mbps), RF Channel: 20 (SP:  -74), Packet Type: Unknown",1
591,74.4086572,,,BT BR/EDR RF,22,0x0021c4f4,"Transport: Any (BR 1Mbps), RF Channel:  5 (SP:  -77), Packet Type: Unknown",1
592,74.5695385,,,BT BR/EDR RF,22,0x0021c4f4,"Transport: Any (BR 1Mbps), RF Channel: 54 (SP:  -72), Packet Type: Unknown",1
593,74.5880494,,,BT BR/EDR RF,22,0x0021c4f4,"Transport: Any (BR 1Mbps), RF Channel:  7 (SP:  -73), Packet Type: Unknown",1
594,74.8813321,,,BT BR/EDR RF,22,0x0021c4f4,"Transport: Any (BR 1Mbps), RF Channel: 73 (SP:  -69), Packet Type: Unknown",1
595,74.9631838,,,BT BR/EDR RF,22,0x0021c4f4,"Transport: Any (BR 1Mbps), RF Channel: 58 (SP:  -65), Packet Type: Unknown",1
596,75.361221,,,BT BR/EDR RF,22,0x0021c4f4,"Transport: Any (BR 1Mbps), RF Channel: 62 (SP:  -64), Packet Type: Unknown",1
597,75.4093499,,,BT BR/EDR RF,22,0x0021c4f4,"Transport: Any (BR 1Mbps), RF Channel: 15 (SP:  -72), Packet Type: Unknown",1
598,75.4787733,,,BT BR/EDR RF,22,0x0021c4f4,"Transport: Any (BR 1Mbps), RF Channel:  0 (SP:  -81), Packet Type: Unknown",1
599,75.6119069,,,BT BR/EDR RF,22,0x0021c4f4,"Transport: Any (BR 1Mbps), RF Channel: 17 (SP:  -75), Packet Type: Unknown",1
600,75.6388447,,,BT BR/EDR RF,22,0x0021c4f4,"Transport: Any (BR 1Mbps), RF Channel: 49 (SP:  -74), Packet Type: Unknown",1
601,76.1488485,,,BT BR/EDR RF,22,0x0021c4f4,"Transport: Any (BR 1Mbps), RF Channel: 70 (SP:  -74), Packet Type: Unknown",1
602,76.2487115,,,BT BR/EDR RF,22,0x0021c4f4,"Transport: Any (BR 1Mbps), RF Channel: 55 (SP:  -73), Packet Type: Unknown",1
603,76.2580232,,,BT BR/EDR RF,22,0x0021c4f4,"Transport: Any (BR 1Mbps), RF Channel:  8 (SP:  -72), Packet Type: Unknown",1
604,76.4413505,,,BT BR/EDR RF,22,0x0021c4f4,"Transport: Any (BR 1Mbps), RF Channel: 57 (SP:  -73), Packet Type: Unknown",1
605,76.5701319,,,BT BR/EDR RF,22,0x0021c4f4,"Transport: Any (BR 1Mbps), RF Channel: 74 (SP:  -70), Packet Type: Unknown",1
606,76.7611416,,,BT BR/EDR RF,22,0x0021c4f4,"Transport: Any (BR 1Mbps), RF Channel: 76 (SP:    0, NP:  -55), Packet Type: Unknown",1
607,76.761942,,,BT BR/EDR RF,22,0x0021c4f4,"Transport: Any (BR 1Mbps), RF Channel: 76 (SP:    0, NP:  -55), Packet Type: Unknown",1
608,77.5612585,,,BT BR/EDR RF,22,0x0021c4f4,"Transport: Any (BR 1Mbps), RF Channel:  5 (SP:  -79), Packet Type: Unknown",1
609,77.5620567,,,BT BR/EDR RF,22,0x0021c4f4,"Transport: Any (BR 1Mbps), RF Channel:  5 (SP:  -72), Packet Type: Unknown",1
610,77.6949163,,,BT BR/EDR RF,22,0x0021c4f4,"Transport: Any (BR 1Mbps), RF Channel: 54 (SP:  -72), Packet Type: Unknown",1
611,77.7289222,,,BT BR/EDR RF,22,0x0021c4f4,"Transport: Any (BR 1Mbps), RF Channel: 54 (SP:  -72), Packet Type: Unknown",1
612,77.729322,,,BT BR/EDR RF,22,0x0021c4f4,"Transport: Any (BR 1Mbps), RF Channel: 54 (SP:  -72), Packet Type: Unknown",1
613,78.0486646,,,BT BR/EDR RF,22,0x0021c4f4,"Transport: Any (BR 1Mbps), RF Channel: 73 (SP:  -69), Packet Type: Unknown",1
614,78.0976939,,,BT BR/EDR RF,22,0x0021c4f4,"Transport: Any (BR 1Mbps), RF Channel: 58 (SP:  -73), Packet Type: Unknown",1
615,78.0980937,,,BT BR/EDR RF,22,0x0021c4f4,"Transport: Any (BR 1Mbps), RF Channel: 58 (SP:  -73), Packet Type: Unknown",1
616,78.1269,,,BT BR/EDR RF,22,0x0021c4f4,"Transport: Any (BR 1Mbps), RF Channel: 58 (SP:  -61), Packet Type: Unknown",1
617,78.5288764,,,BT BR/EDR RF,22,0x0021c4f4,"Transport: Any (BR 1Mbps), RF Channel: 62 (SP:  -66), Packet Type: Unknown",1
618,78.8494914,,,BT BR/EDR RF,22,0x0021c4f4,"Transport: Any (BR 1Mbps), RF Channel:  2 (SP:  -74), Packet Type: Unknown",1
619,79.1300296,,,BT BR/EDR RF,22,0x0021c4f4,"Transport: Any (BR 1Mbps), RF Channel: 68 (SP:  -78), Packet Type: Unknown",1
620,79.241182,,,BT BR/EDR RF,22,0x0021c4f4,"Transport: Any (BR 1Mbps), RF Channel:  6 (SP:  -75), Packet Type: Unknown",1
621,79.2419837,,,BT BR/EDR RF,22,0x0021c4f4,"Transport: Any (BR 1Mbps), RF Channel:  6 (SP:  -74), Packet Type: Unknown",1
622,79.5287925,,,BT BR/EDR RF,22,0x0021c4f4,"Transport: Any (BR 1Mbps), RF Channel: 72 (SP:  -71), Packet Type: Unknown",1
623,79.7186151,,,BT BR/EDR RF,22,0x0021c4f4,"Transport: Any (BR 1Mbps), RF Channel: 74 (SP:  -69), Packet Type: Unknown",1
624,80.0026398,,,BT BR/EDR RF,22,0x0021c4f4,"Transport: Any (BR 1Mbps), RF Channel: 61 (SP:  -76), Packet Type: Unknown",1
625,80.0030401,,,BT BR/EDR RF,22,0x0021c4f4,"Transport: Any (BR 1Mbps), RF Channel: 61 (SP:  -73), Packet Type: Unknown",1
626,80.5294604,,,BT BR/EDR RF,22,0x0021c4f4,"Transport: Any (BR 1Mbps), RF Channel:  3 (SP:  -74), Packet Type: Unknown",1
627,81.0788164,,,BT BR/EDR RF,22,0x0021c4f4,"Transport: Any (BR 1Mbps), RF Channel: 56 (SP:  -74), Packet Type: Unknown",1
628,81.4819519,,,BT BR/EDR RF,22,0x0021c4f4,"Transport: Any (BR 1Mbps), RF Channel: 60 (SP:  -74), Packet Type: Unknown",1
629,81.7230644,,,BT BR/EDR RF,22,0x0021c4f4,"Transport: Any (BR 1Mbps), RF Channel: 15 (SP:  -72), Packet Type: Unknown",1
630,81.8061027,,,BT BR/EDR RF,22,0x0021c4f4,"Transport: Any (BR 1Mbps), RF Channel:  0 (SP:  -72), Packet Type: Unknown",1
631,81.8068999,,,BT BR/EDR RF,22,0x0021c4f4,"Transport: Any (BR 1Mbps), RF Channel:  0 (SP:  -72), Packet Type: Unknown",1
632,81.8093007,,,BT BR/EDR RF,22,0x0021c4f4,"Transport: Any (BR 1Mbps), RF Channel:  0 (SP:  -72), Packet Type: Unknown",1
633,81.8831643,,,BT BR/EDR RF,22,0x0021c4f4,"Transport: Any (BR 1Mbps), RF Channel: 64 (SP:  -72), Packet Type: Unknown",1
634,82.3294345,,,BT BR/EDR RF,22,0x0021c4f4,"Transport: Any (BR 1Mbps), RF Channel: 21 (SP:  -76), Packet Type: Unknown",1
635,82.5593379,,,BT BR/EDR RF,22,0x0021c4f4,"Transport: Any (BR 1Mbps), RF Channel: 55 (SP:  -73), Packet Type: Unknown",1
636,82.7619915,,,BT BR/EDR RF,22,0x0021c4f4,"Transport: Any (BR 1Mbps), RF Channel: 57 (SP:  -72), Packet Type: Unknown",1
637,82.9506191,,,BT BR/EDR RF,22,0x0021c4f4,"Transport: Any (BR 1Mbps), RF Channel: 59 (SP:  -65), Packet Type: Unknown",1
638,83.1700421,,,BT BR/EDR RF,22,0x0021c4f4,"Transport: Any (BR 1Mbps), RF Channel: 61 (SP:  -76), Packet Type: Unknown",1
639,83.4020082,,,BT BR/EDR RF,22,0x0021c4f4,"Transport: Any (BR 1Mbps), RF Channel: 16 (SP:  -72), Packet Type: Unknown",1
640,83.650713,,,BT BR/EDR RF,22,0x0021c4f4,"Transport: Any (BR 1Mbps), RF Channel: 50 (SP:  -71), Packet Type: Unknown",1
641,83.6792287,,,BT BR/EDR RF,22,0x0021c4f4,"Transport: Any (BR 1Mbps), RF Channel:  3 (SP:  -73), Packet Type: Unknown",1
642,83.9700772,,,BT BR/EDR RF,22,0x0021c4f4,"Transport: Any (BR 1Mbps), RF Channel: 69 (SP:  -75), Packet Type: Unknown",1
643,84.2582848,,,BT BR/EDR RF,22,0x0021c4f4,"Transport: Any (BR 1Mbps), RF Channel:  9 (SP:  -74), Packet Type: Unknown",1
644,84.3625315,,,BT BR/EDR RF,22,0x0021c4f4,"Transport: Any (BR 1Mbps), RF Channel: 73 (SP:  -54, NP:  -55), Packet Type: Unknown",1
645,84.4487772,,,BT BR/EDR RF,22,0x0021c4f4,"Transport: Any (BR 1Mbps), RF Channel: 58 (SP:  -73), Packet Type: Unknown",1
646,84.6505707,,,BT BR/EDR RF,22,0x0021c4f4,"Transport: Any (BR 1Mbps), RF Channel: 60 (SP:  -75), Packet Type: Unknown",1
647,85.0273977,,,BT BR/EDR RF,22,0x0021c4f4,"Transport: Any (BR 1Mbps), RF Channel: 64 (SP:  -80), Packet Type: Unknown",1
648,85.1593619,,,BT BR/EDR RF,22,0x0021c4f4,"Transport: Any (BR 1Mbps), RF Channel:  2 (SP:  -72), Packet Type: Unknown",1
649,85.3218357,,,BT BR/EDR RF,22,0x0021c4f4,"Transport: Any (BR 1Mbps), RF Channel: 51 (SP:  -72), Packet Type: Unknown",1
650,85.3587772,,,BT BR/EDR RF,22,0x0021c4f4,"Transport: Any (BR 1Mbps), RF Channel:  4 (SP:  -79), Packet Type: Unknown",1
651,85.4895217,,,BT BR/EDR RF,22,0x0021c4f4,"Transport: Any (BR 1Mbps), RF Channel: 21 (SP:  -75), Packet Type: Unknown",1
652,85.9224191,,,BT BR/EDR RF,22,0x0021c4f4,"Transport: Any (BR 1Mbps), RF Channel: 57 (SP:  -67), Packet Type: Unknown",1
653,86.4388129,,,BT BR/EDR RF,22,0x0021c4f4,"Transport: Any (BR 1Mbps), RF Channel: 78 (SP:  -70), Packet Type: Unknown",1
654,86.5619995,,,BT BR/EDR RF,22,0x0021c4f4,"Transport: Any (BR 1Mbps), RF Channel: 16 (SP:  -72), Packet Type: Unknown",1
655,87.5286029,,,BT BR/EDR RF,22,0x0021c4f4,"Transport: Any (BR 1Mbps), RF Channel: 73 (SP:  -70), Packet Type: Unknown",1
656,87.722448,,,BT BR/EDR RF,22,0x0021c4f4,"Transport: Any (BR 1Mbps), RF Channel: 75 (SP:  -74), Packet Type: Unknown",1
657,87.7938971,,,BT BR/EDR RF,22,0x0021c4f4,"Transport: Any (BR 1Mbps), RF Channel: 60 (SP:  -74), Packet Type: Unknown",1
658,87.7942961,,,BT BR/EDR RF,22,0x0021c4f4,"Transport: Any (BR 1Mbps), RF Channel: 60 (SP:  -74), Packet Type: Unknown",1
659,88.1304689,,,BT BR/EDR RF,22,0x0021c4f4,"Transport: Any (BR 1Mbps), RF Channel:  0 (SP:  -75), Packet Type: Unknown",1
660,88.2432185,,,BT BR/EDR RF,22,0x0021c4f4,"Transport: Any (BR 1Mbps), RF Channel: 17 (SP:  -72), Packet Type: Unknown",1
661,88.3294611,,,BT BR/EDR RF,22,0x0021c4f4,"Transport: Any (BR 1Mbps), RF Channel:  2 (SP:  -73), Packet Type: Unknown",1
662,88.6392162,,,BT BR/EDR RF,22,0x0021c4f4,"Transport: Any (BR 1Mbps), RF Channel: 21 (SP:  -76), Packet Type: Unknown",1
663,88.8088835,,,BT BR/EDR RF,22,0x0021c4f4,"Transport: Any (BR 1Mbps), RF Channel: 70 (SP:  -73), Packet Type: Unknown",1
664,89.1130101,,,BT BR/EDR RF,22,0x0021c4f4,"Transport: Any (BR 1Mbps), RF Channel: 10 (SP:  -74), Packet Type: Unknown",1
665,89.1218048,,,BT BR/EDR RF,22,0x0021c4f4,"Transport: Any (BR 1Mbps), RF Channel: 10 (SP:  -73), Packet Type: Unknown",1
666,89.5293921,,,BT BR/EDR RF,22,0x0021c4f4,"Transport: Any (BR 1Mbps), RF Channel: 14 (SP:  -71), Packet Type: Unknown",1
667,89.6024016,,,BT BR/EDR RF,22,0x0021c4f4,"Transport: Any (BR 1Mbps), RF Channel: 78 (SP:  -70), Packet Type: Unknown",1
668,89.7701168,,,BT BR/EDR RF,22,0x0021c4f4,"Transport: Any (BR 1Mbps), RF Channel: 48 (SP:  -77), Packet Type: Unknown",1
669,89.7705166,,,BT BR/EDR RF,22,0x0021c4f4,"Transport: Any (BR 1Mbps), RF Channel: 48 (SP:  -73), Packet Type: Unknown",1
670,90.1537749,,,BT BR/EDR RF,22,0x0021c4f4,"Transport: Any (BR 1Mbps), RF Channel: 52 (SP:  -73), Packet Type: Unknown",1
671,90.1705789,,,BT BR/EDR RF,22,0x0021c4f4,"Transport: Any (BR 1Mbps), RF Channel: 52 (SP:  -72), Packet Type: Unknown",1
672,90.3587461,,,BT BR/EDR RF,22,0x0021c4f4,"Transport: Any (BR 1Mbps), RF Channel: 54 (SP:  -72), Packet Type: Unknown",1
673,90.5994487,,,BT BR/EDR RF,22,0x0021c4f4,"Transport: Any (BR 1Mbps), RF Channel:  9 (SP:  -76), Packet Type: Unknown",1
674,90.6612927,,,BT BR/EDR RF,22,0x0021c4f4,"Transport: Any (BR 1Mbps), RF Channel: 73 (SP:  -70), Packet Type: Unknown",1
675,90.7699266,,,BT BR/EDR RF,22,0x0021c4f4,"Transport: Any (BR 1Mbps), RF Channel: 58 (SP:  -73), Packet Type: Unknown",1
676,90.770726,,,BT BR/EDR RF,22,0x0021c4f4,"Transport: Any (BR 1Mbps), RF Channel: 58 (SP:  -72), Packet Type: Unknown",1
677,90.7804465,,,BT BR/EDR RF,22,0x0021c4f4,"Transport: Any (BR 1Mbps), RF Channel: 11 (SP:  -76), Packet Type: Unknown",1
678,90.8092557,,,BT BR/EDR RF,22,0x0021c4f4,"Transport: Any (BR 1Mbps), RF Channel: 11 (SP:  -75), Packet Type: Unknown",1
679,90.8823039,,,BT BR/EDR RF,22,0x0021c4f4,"Transport: Any (BR 1Mbps), RF Channel: 75 (SP:  -70), Packet Type: Unknown",1
680,90.8831041,,,BT BR/EDR RF,22,0x0021c4f4,"Transport: Any (BR 1Mbps), RF Channel: 75 (SP:  -70), Packet Type: Unknown",1
681,90.9613671,,,BT BR/EDR RF,22,0x0021c4f4,"Transport: Any (BR 1Mbps), RF Channel: 60 (SP:  -75), Packet Type: Unknown",1
682,91.0761316,,,BT BR/EDR RF,22,0x0021c4f4,"Transport: Any (BR 1Mbps), RF Channel: 77 (SP:  -52, NP:  -55), Packet Type: Unknown",1
683,91.5688631,,,BT BR/EDR RF,22,0x0021c4f4,"Transport: Any (BR 1Mbps), RF Channel: 66 (SP:  -81), Packet Type: Unknown",1
684,91.5692629,,,BT BR/EDR RF,22,0x0021c4f4,"Transport: Any (BR 1Mbps), RF Channel: 66 (SP:  -74), Packet Type: Unknown",1
685,91.6844087,,,BT BR/EDR RF,22,0x0021c4f4,"Transport: Any (BR 1Mbps), RF Channel:  4 (SP:  -75), Packet Type: Unknown",1
686,91.769871,,,BT BR/EDR RF,22,0x0021c4f4,"Transport: Any (BR 1Mbps), RF Channel: 68 (SP:  -75), Packet Type: Unknown",1
687,91.9629212,,,BT BR/EDR RF,22,0x0021c4f4,"Transport: Any (BR 1Mbps), RF Channel: 70 (SP:  -73), Packet Type: Unknown",1
688,92.0487699,,,BT BR/EDR RF,22,0x0021c4f4,"Transport: Any (BR 1Mbps), RF Channel: 55 (SP:  -68), Packet Type: Unknown",1
689,92.04917,,,BT BR/EDR RF,22,0x0021c4f4,"Transport: Any (BR 1Mbps), RF Channel: 55 (SP:  -68), Packet Type: Unknown",1
690,92.0904849,,,BT BR/EDR RF,22,0x0021c4f4,"Transport: Any (BR 1Mbps), RF Channel:  8 (SP:  -75), Packet Type: Unknown",1
691,92.2173796,,,BT BR/EDR RF,22,0x0021c4f4,"Transport: Any (BR 1Mbps), RF Channel: 57 (SP:  -58), Packet Type: Unknown",1
692,92.2181785,,,BT BR/EDR RF,22,0x0021c4f4,"Transport: Any (BR 1Mbps), RF Channel: 57 (SP:  -59), Packet Type: Unknown",1
693,92.282308,,,BT BR/EDR RF,22,0x0021c4f4,"Transport: Any (BR 1Mbps), RF Channel: 10 (SP:  -81), Packet Type: Unknown",1
694,92.2831097,,,BT BR/EDR RF,22,0x0021c4f4,"Transport: Any (BR 1Mbps), RF Channel: 10 (SP:  -73), Packet Type: Unknown",1
695,92.4432337,,,BT BR/EDR RF,22,0x0021c4f4,"Transport: Any (BR 1Mbps), RF Channel: 59 (SP:  -74), Packet Type: Unknown",1
696,92.4793643,,,BT BR/EDR RF,22,0x0021c4f4,"Transport: Any (BR 1Mbps), RF Channel: 12 (SP:  -73), Packet Type: Unknown",1
697,92.5692076,,,BT BR/EDR RF,22,0x0021c4f4,"Transport: Any (BR 1Mbps), RF Channel: 76 (SP:  -72), Packet Type: Unknown",1
698,92.6819721,,,BT BR/EDR RF,22,0x0021c4f4,"Transport: Any (BR 1Mbps), RF Channel: 14 (SP:  -38, NP:  -55), Packet Type: Unknown",1
699,92.8500861,,,BT BR/EDR RF,22,0x0021c4f4,"Transport: Any (BR 1Mbps), RF Channel: 63 (SP:  -60), Packet Type: Unknown",1
700,92.9231296,,,BT BR/EDR RF,22,0x0021c4f4,"Transport: Any (BR 1Mbps), RF Channel: 48 (SP:  -72), Packet Type: Unknown",1
701,93.1623142,,,BT BR/EDR RF,22,0x0021c4f4,"Transport: Any (BR 1Mbps), RF Channel:  3 (SP:  -77), Packet Type: Unknown",1
702,93.163114,,,BT BR/EDR RF,22,0x0021c4f4,"Transport: Any (BR 1Mbps), RF Channel:  3 (SP:  -72), Packet Type: Unknown",1
703,93.3191874,,,BT BR/EDR RF,22,0x0021c4f4,"Transport: Any (BR 1Mbps), RF Channel: 52 (SP:  -69), Packet Type: Unknown",1
704,93.3704829,,,BT BR/EDR RF,22,0x0021c4f4,"Transport: Any (BR 1Mbps), RF Channel:  5 (SP:  -74), Packet Type: Unknown",1
705,93.4367268,,,BT BR/EDR RF,22,0x0021c4f4,"Transport: Any (BR 1Mbps), RF Channel: 69 (SP:  -77), Packet Type: Unknown",1
706,93.8386901,,,BT BR/EDR RF,22,0x0021c4f4,"Transport: Any (BR 1Mbps), RF Channel: 73 (SP:  -71), Packet Type: Unknown",1
707,93.9494702,,,BT BR/EDR RF,22,0x0021c4f4,"Transport: Any (BR 1Mbps), RF Channel: 11 (SP:  -73), Packet Type: Unknown",1
708,94.129987,,,BT BR/EDR RF,22,0x0021c4f4,"Transport: Any (BR 1Mbps), RF Channel: 60 (SP:  -75), Packet Type: Unknown",1
709,94.4393874,,,BT BR/EDR RF,22,0x0021c4f4,"Transport: Any (BR 1Mbps), RF Channel:  0 (SP:  -75), Packet Type: Unknown",1
710,94.5292542,,,BT BR/EDR RF,22,0x0021c4f4,"Transport: Any (BR 1Mbps), RF Channel: 64 (SP:  -75), Packet Type: Unknown",1
711,94.5706031,,,BT BR/EDR RF,22,0x0021c4f4,"Transport: Any (BR 1Mbps), RF Channel: 17 (SP:  -73), Packet Type: Unknown",1
712,94.8013491,,,BT BR/EDR RF,22,0x0021c4f4,"Transport: Any (BR 1Mbps), RF Channel: 51 (SP:  -64), Packet Type: Unknown",1
713,94.9999355,,,BT BR/EDR RF,22,0x0021c4f4,"Transport: Any (BR 1Mbps), RF Channel: 53 (SP:  -73), Packet Type: Unknown",1
714,95.2105166,,,BT BR/EDR RF,22,0x0021c4f4,"Transport: Any (BR 1Mbps), RF Channel: 55 (SP:  -70), Packet Type: Unknown",1
715,95.2418501,,,BT BR/EDR RF,22,0x0021c4f4,"Transport: Any (BR 1Mbps), RF Channel:  8 (SP:  -74), Packet Type: Unknown",1
716,95.3292826,,,BT BR/EDR RF,22,0x0021c4f4,"Transport: Any (BR 1Mbps), RF Channel: 72 (SP:  -65), Packet Type: Unknown",1
717,95.3731416,,,BT BR/EDR RF,22,0x0021c4f4,"Transport: Any (BR 1Mbps), RF Channel: 57 (SP:  -63), Packet Type: Unknown",1
718,95.39874,,,BT BR/EDR RF,22,0x0021c4f4,"Transport: Any (BR 1Mbps), RF Channel: 57 (SP:  -74), Packet Type: Unknown",1
719,95.7787127,,,BT BR/EDR RF,22,0x0021c4f4,"Transport: Any (BR 1Mbps), RF Channel: 61 (SP:  -74), Packet Type: Unknown",1
720,95.7999161,,,BT BR/EDR RF,22,0x0029cfc6,"Transport: Any (BR 1Mbps), RF Channel: 61 (SP:  -54, NP:  -55), Packet Type: Unknown",1
721,96.010082,,,BT BR/EDR RF,22,0x0021c4f4,"Transport: Any (BR 1Mbps), RF Channel: 63 (SP:  -80), Packet Type: Unknown",1
722,96.2792852,,,BT BR/EDR RF,22,0x0021c4f4,"Transport: Any (BR 1Mbps), RF Channel: 50 (SP:  -69), Packet Type: Unknown",1
723,96.430569,,,BT BR/EDR RF,22,0x0021c4f4,"Transport: Any (BR 1Mbps), RF Channel: 20 (SP:  -77), Packet Type: Unknown",1
724,96.489913,,,BT BR/EDR RF,22,0x0021c4f4,"Transport: Any (BR 1Mbps), RF Channel: 52 (SP:  -77), Packet Type: Unknown",1
725,96.5986609,,,BT BR/EDR RF,22,0x0021c4f4,"Transport: Any (BR 1Mbps), RF Channel: 69 (SP:  -75), Packet Type: Unknown",1
726,96.8831165,,,BT BR/EDR RF,22,0x0021c4f4,"Transport: Any (BR 1Mbps), RF Channel: 56 (SP:  -72), Packet Type: Unknown",1
727,96.9304493,,,BT BR/EDR RF,22,0x0021c4f4,"Transport: Any (BR 1Mbps), RF Channel:  9 (SP:  -75), Packet Type: Unknown",1
728,97.0849762,,,BT BR/EDR RF,22,0x0021c4f4,"Transport: Any (BR 1Mbps), RF Channel: 58 (SP:  -65), Packet Type: Unknown",1
729,97.0905701,,,BT BR/EDR RF,22,0x0021c4f4,"Transport: Any (BR 1Mbps), RF Channel: 58 (SP:  -73), Packet Type: Unknown",1
730,97.2887665,,,BT BR/EDR RF,22,0x0021c4f4,"Transport: Any (BR 1Mbps), RF Channel: 60 (SP:  -70), Packet Type: Unknown",1
731,97.289168,,,BT BR/EDR RF,22,0x0021c4f4,"Transport: Any (BR 1Mbps), RF Channel: 60 (SP:  -70), Packet Type: Unknown",1
732,97.7625658,,,BT BR/EDR RF,22,0x0021c4f4,"Transport: Any (BR 1Mbps), RF Channel: 49 (SP:  -61), Packet Type: Unknown",1
733,97.7693636,,,BT BR/EDR RF,22,0x0021c4f4,"Transport: Any (BR 1Mbps), RF Channel: 49 (SP:  -72), Packet Type: Unknown",1
734,97.8018801,,,BT BR/EDR RF,22,0x0021c4f4,"Transport: Any (BR 1Mbps), RF Channel:  2 (SP:  -75), Packet Type: Unknown",1
735,98.163018,,,BT BR/EDR RF,22,0x0021c4f4,"Transport: Any (BR 1Mbps), RF Channel: 53 (SP:  -70), Packet Type: Unknown",1
736,98.2897863,,,BT BR/EDR RF,22,0x0021c4f4,"Transport: Any (BR 1Mbps), RF Channel: 70 (SP:  -77), Packet Type: Unknown",1
737,98.2905873,,,BT BR/EDR RF,22,0x0021c4f4,"Transport: Any (BR 1Mbps), RF Channel: 70 (SP:  -75), Packet Type: Unknown",1
738,98.4093464,,,BT BR/EDR RF,22,0x0021c4f4,"Transport: Any (BR 1Mbps), RF Channel:  8 (SP:  -75), Packet Type: Unknown",1
739,98.4824193,,,BT BR/EDR RF,22,0x0021c4f4,"Transport: Any (BR 1Mbps), RF Channel: 72 (SP:  -71), Packet Type: Unknown",1
740,99.1962258,,,BT BR/EDR RF,22,0x0021c4f4,"Transport: Any (BR 1Mbps), RF Channel: 16 (SP:  -82), Packet Type: Unknown",1
741,99.209425,,,BT BR/EDR RF,22,0x0021c4f4,"Transport: Any (BR 1Mbps), RF Channel: 16 (SP:  -73), Packet Type: Unknown",1
742,99.2423679,,,BT BR/EDR RF,22,0x0021c4f4,"Transport: Any (BR 1Mbps), RF Channel: 48 (SP:  -78), Packet Type: Unknown",1
743,99.5593864,,,BT BR/EDR RF,22,0x0021c4f4,"Transport: Any (BR 1Mbps), RF Channel: 67 (SP:  -73), Packet Type: Unknown",1
744,99.8431078,,,BT BR/EDR RF,22,0x0021c4f4,"Transport: Any (BR 1Mbps), RF Channel: 54 (SP:  -70), Packet Type: Unknown",1
745,100.2475281,,,BT BR/EDR RF,22,0x0021c4f4,"Transport: Any (BR 1Mbps), RF Channel: 58 (SP:  -62), Packet Type: Unknown",1
746,100.2479289,,,BT BR/EDR RF,22,0x0021c4f4,"Transport: Any (BR 1Mbps), RF Channel: 58 (SP:  -63), Packet Type: Unknown",1
747,100.2499275,,,BT BR/EDR RF,22,0x0021c4f4,"Transport: Any (BR 1Mbps), RF Channel: 58 (SP:  -72), Packet Type: Unknown",1
748,100.3534975,,,BT BR/EDR RF,22,0x0021c4f4,"Transport: Any (BR 1Mbps), RF Channel: 75 (SP:  -71), Packet Type: Unknown",1
749,100.3542981,,,BT BR/EDR RF,22,0x0021c4f4,"Transport: Any (BR 1Mbps), RF Channel: 75 (SP:  -71), Packet Type: Unknown",1
750,100.4830885,,,BT BR/EDR RF,22,0x0021c4f4,"Transport: Any (BR 1Mbps), RF Channel: 13 (SP:  -74), Packet Type: Unknown",1
751,100.6187581,,,BT BR/EDR RF,22,0x0021c4f4,"Transport: Any (BR 1Mbps), RF Channel: 62 (SP:  -76), Packet Type: Unknown",1
752,100.6191583,,,BT BR/EDR RF,22,0x0021c4f4,"Transport: Any (BR 1Mbps), RF Channel: 62 (SP:  -72), Packet Type: Unknown",1
753,100.6423631,,,BT BR/EDR RF,22,0x0021c4f4,"Transport: Any (BR 1Mbps), RF Channel: 62 (SP:  -46, NP:  -55), Packet Type: Unknown",1
754,100.7467653,,,BT BR/EDR RF,22,0x0021c4f4,"Transport: Any (BR 1Mbps), RF Channel:  0 (SP:  -76), Packet Type: Unknown",1
755,100.7591737,,,BT BR/EDR RF,22,0x0021c4f4,"Transport: Any (BR 1Mbps), RF Channel:  0 (SP:  -60), Packet Type: Unknown",1
756,100.870391,,,BT BR/EDR RF,22,0x0021c4f4,"Transport: Any (BR 1Mbps), RF Channel: 17 (SP:  -74), Packet Type: Unknown",1
757,100.9185359,,,BT BR/EDR RF,22,0x0021c4f4,"Transport: Any (BR 1Mbps), RF Channel: 49 (SP:  -75), Packet Type: Unknown",1
758,100.9193385,,,BT BR/EDR RF,22,0x0021c4f4,"Transport: Any (BR 1Mbps), RF Channel: 49 (SP:  -70), Packet Type: Unknown",1
759,100.9630952,,,BT BR/EDR RF,22,0x0021c4f4,"Transport: Any (BR 1Mbps), RF Channel:  2 (SP:  -53, NP:  -55), Packet Type: Unknown",1
760,101.0786417,,,BT BR/EDR RF,22,0x0021c4f4,"Transport: Any (BR 1Mbps), RF Channel: 19 (SP:  -79), Packet Type: Unknown",1
761,101.1428909,,,BT BR/EDR RF,22,0x0021c4f4,"Transport: Any (BR 1Mbps), RF Channel:  4 (SP:  -75), Packet Type: Unknown",1
762,101.2904701,,,BT BR/EDR RF,22,0x0021c4f4,"Transport: Any (BR 1Mbps), RF Channel: 21 (SP:  -75), Packet Type: Unknown",1
763,101.4505191,,,BT BR/EDR RF,22,0x0021c4f4,"Transport: Any (BR 1Mbps), RF Channel: 70 (SP:  -72), Packet Type: Unknown",1
764,101.5593212,,,BT BR/EDR RF,22,0x0021c4f4,"Transport: Any (BR 1Mbps), RF Channel:  8 (SP:  -76), Packet Type: Unknown",1
765,101.719415,,,BT BR/EDR RF,22,0x0021c4f4,"Transport: Any (BR 1Mbps), RF Channel: 57 (SP:  -71), Packet Type: Unknown",1
766,101.7631269,,,BT BR/EDR RF,22,0x0021c4f4,"Transport: Any (BR 1Mbps), RF Channel: 10 (SP:  -75), Packet Type: Unknown",1
767,101.9268129,,,BT BR/EDR RF,22,0x0021c4f4,"Transport: Any (BR 1Mbps), RF Channel: 59 (SP:  -73), Packet Type: Unknown",1
768,101.9705466,,,BT BR/EDR RF,22,0x0021c4f4,"Transport: Any (BR 1Mbps), RF Channel: 12 (SP:  -73), Packet Type: Unknown",1
769,102.1210354,,,BT BR/EDR RF,22,0x0021c4f4,"Transport: Any (BR 1Mbps), RF Channel: 61 (SP:  -75), Packet Type: Unknown",1
770,102.1643742,,,BT BR/EDR RF,22,0x0021c4f4,"Transport: Any (BR 1Mbps), RF Channel: 14 (SP:  -73), Packet Type: Unknown",1
771,102.3625572,,,BT BR/EDR RF,22,0x0021c4f4,"Transport: Any (BR 1Mbps), RF Channel: 16 (SP:  -80), Packet Type: Unknown",1
772,102.3629589,,,BT BR/EDR RF,22,0x0021c4f4,"Transport: Any (BR 1Mbps), RF Channel: 16 (SP:  -73), Packet Type: Unknown",1
773,102.3986658,,,BT BR/EDR RF,22,0x0021c4f4,"Transport: Any (BR 1Mbps), RF Channel: 48 (SP:  -77), Packet Type: Unknown",1
774,102.4597117,,,BT BR/EDR RF,22,0x002ff7a8,"Transport: Any (BR 1Mbps), RF Channel: 33 (SP:  -79), Packet Type: Unknown",1
775,102.5230388,,,BT BR/EDR RF,22,0x0021c4f4,"Transport: Any (BR 1Mbps), RF Channel: 65 (SP:  -74), Packet Type: Unknown",1
776,102.6060837,,,BT BR/EDR RF,22,0x0021c4f4,"Transport: Any (BR 1Mbps), RF Channel: 50 (SP:  -75), Packet Type: Unknown",1
777,102.6068873,,,BT BR/EDR RF,22,0x0021c4f4,"Transport: Any (BR 1Mbps), RF Channel: 50 (SP:  -69), Packet Type: Unknown",1
778,102.8070917,,,BT BR/EDR RF,22,0x0029cfc6,"Transport: Any (BR 1Mbps), RF Channel: 52 (SP:  -66), Packet Type: Unknown",1
779,103.0025049,,,BT BR/EDR RF,22,0x0021c4f4,"Transport: Any (BR 1Mbps), RF Channel: 54 (SP:  -72), Packet Type: Unknown",1
780,103.0394194,,,BT BR/EDR RF,22,0x0021c4f4,"Transport: Any (BR 1Mbps), RF Channel:  7 (SP:  -75), Packet Type: Unknown",1
781,103.2292437,,,BT BR/EDR RF,22,0x0021c4f4,"Transport: Any (BR 1Mbps), RF Channel:  9 (SP:  -74), Packet Type: Unknown",1
782,103.2500439,,,BT BR/EDR RF,22,0x0021c4f4,"Transport: Any (BR 1Mbps), RF Channel:  9 (SP:  -73), Packet Type: Unknown",1
783,103.5184783,,,BT BR/EDR RF,22,0x0021c4f4,"Transport: Any (BR 1Mbps), RF Channel: 75 (SP:  -72), Packet Type: Unknown",1
784,103.6416283,,,BT BR/EDR RF,22,0x0021c4f4,"Transport: Any (BR 1Mbps), RF Channel: 13 (SP:  -74), Packet Type: Unknown",1
785,103.8017172,,,BT BR/EDR RF,22,0x0021c4f4,"Transport: Any (BR 1Mbps), RF Channel: 62 (SP:  -70), Packet Type: Unknown",1
786,103.9292976,,,BT BR/EDR RF,22,0x0021c4f4,"Transport: Any (BR 1Mbps), RF Channel:  0 (SP:  -63), Packet Type: Unknown",1
787,104.121107,,,BT BR/EDR RF,22,0x0021c4f4,"Transport: Any (BR 1Mbps), RF Channel:  2 (SP:  -77), Packet Type: Unknown",1
788,104.1219081,,,BT BR/EDR RF,22,0x0021c4f4,"Transport: Any (BR 1Mbps), RF Channel:  2 (SP:  -76), Packet Type: Unknown",1
789,104.281213,,,BT BR/EDR RF,22,0x0021c4f4,"Transport: Any (BR 1Mbps), RF Channel: 51 (SP:  -73), Packet Type: Unknown",1
790,104.8786737,,,BT BR/EDR RF,22,0x0021c4f4,"Transport: Any (BR 1Mbps), RF Channel: 57 (SP:  -73), Packet Type: Unknown",1
791,105.0086861,,,BT BR/EDR RF,22,0x0021c4f4,"Transport: Any (BR 1Mbps), RF Channel: 74 (SP:  -70), Packet Type: Unknown",1
792,105.0817426,,,BT BR/EDR RF,22,0x0021c4f4,"Transport: Any (BR 1Mbps), RF Channel: 59 (SP:  -74), Packet Type: Unknown",1
793,105.2085413,,,BT BR/EDR RF,22,0x0021c4f4,"Transport: Any (BR 1Mbps), RF Channel: 76 (SP:  -71), Packet Type: Unknown",1
794,106.1586211,,,BT BR/EDR RF,22,0x0021c4f4,"Transport: Any (BR 1Mbps), RF Channel: 54 (SP:  -73), Packet Type: Unknown",1
795,106.2885721,,,BT BR/EDR RF,22,0x0021c4f4,"Transport: Any (BR 1Mbps), RF Channel: 71 (SP:  -62), Packet Type: Unknown",1
796,106.402947,,,BT BR/EDR RF,22,0x0021c4f4,"Transport: Any (BR 1Mbps), RF Channel:  9 (SP:  -72), Packet Type: Unknown",1
797,106.5571019,,,BT BR/EDR RF,22,0x0029cfc6,"Transport: Any (BR 1Mbps), RF Channel: 58 (SP:  -75), Packet Type: Unknown",1
798,106.9618771,,,BT BR/EDR RF,22,0x0021c4f4,"Transport: Any (BR 1Mbps), RF Channel: 62 (SP:  -56), Packet Type: Unknown",1
799,107.2097961,,,BT BR/EDR RF,22,0x0021c4f4,"Transport: Any (BR 1Mbps), RF Channel: 17 (SP:  -45, NP:  -55), Packet Type: Unknown",1
800,107.2105967,,,BT BR/EDR RF,22,0x0021c4f4,"Transport: Any (BR 1Mbps), RF Channel: 17 (SP:  -46, NP:  -55), Packet Type: Unknown",1
801,107.241125,,,BT BR/EDR RF,22,0x0021c4f4,"Transport: Any (BR 1Mbps), RF Channel: 49 (SP:  -77), Packet Type: Unknown",1
802,107.4385586,,,BT BR/EDR RF,22,0x0029cfc6,"Transport: Any (BR 1Mbps), RF Channel: 51 (SP:  -72), Packet Type: Unknown",1
803,107.56491,,,BT BR/EDR RF,22,0x0021c4f4,"Transport: Any (BR 1Mbps), RF Channel: 68 (SP:  -77), Packet Type: Unknown",1
804,107.5693083,,,BT BR/EDR RF,22,0x0021c4f4,"Transport: Any (BR 1Mbps), RF Channel: 68 (SP:  -77), Packet Type: Unknown",1
805,107.8818721,,,BT BR/EDR RF,22,0x0021c4f4,"Transport: Any (BR 1Mbps), RF Channel:  8 (SP:  -73), Packet Type: Unknown",1
806,108.0668845,,,BT BR/EDR RF,22,0x0021c4f4,"Transport: Any (BR 1Mbps), RF Channel: 10 (SP:  -72), Packet Type: Unknown",1
807,108.2393832,,,BT BR/EDR RF,22,0x0021c4f4,"Transport: Any (BR 1Mbps), RF Channel: 59 (SP:  -65), Packet Type: Unknown",1
808,108.3573139,,,BT BR/EDR RF,22,0x0021c4f4,"Transport: Any (BR 1Mbps), RF Channel: 76 (SP:  -69), Packet Type: Unknown",1
809,108.7617101,,,BT BR/EDR RF,22,0x0021c4f4,"Transport: Any (BR 1Mbps), RF Channel:  1 (SP:  -75), Packet Type: Unknown",1
810,108.849182,,,BT BR/EDR RF,22,0x0021c4f4,"Transport: Any (BR 1Mbps), RF Channel: 65 (SP:  -68), Packet Type: Unknown",1
811,109.1160844,,,BT BR/EDR RF,22,0x0021c4f4,"Transport: Any (BR 1Mbps), RF Channel: 52 (SP:  -75), Packet Type: Unknown",1
812,109.1192836,,,BT BR/EDR RF,22,0x0021c4f4,"Transport: Any (BR 1Mbps), RF Channel: 52 (SP:  -70), Packet Type: Unknown",1
813,109.3299159,,,BT BR/EDR RF,22,0x0021c4f4,"Transport: Any (BR 1Mbps), RF Channel: 54 (SP:  -75), Packet Type: Unknown",1
814,109.6225037,,,BT BR/EDR RF,22,0x0021c4f4,"Transport: Any (BR 1Mbps), RF Channel: 73 (SP:  -73), Packet Type: Unknown",1
815,109.6229056,,,BT BR/EDR RF,22,0x0021c4f4,"Transport: Any (BR 1Mbps), RF Channel: 73 (SP:  -73), Packet Type: Unknown",1
816,109.7191438,,,BT BR/EDR RF,22,0x0021c4f4,"Transport: Any (BR 1Mbps), RF Channel: 58 (SP:  -72), Packet Type: Unknown",1
817,109.9229423,,,BT BR/EDR RF,22,0x0021c4f4,"Transport: Any (BR 1Mbps), RF Channel: 60 (SP:  -73), Packet Type: Unknown",1
818,110.2993654,,,BT BR/EDR RF,22,0x0021c4f4,"Transport: Any (BR 1Mbps), RF Channel: 64 (SP:  -75), Packet Type: Unknown",1
819,110.330584,,,BT BR/EDR RF,22,0x0021c4f4,"Transport: Any (BR 1Mbps), RF Channel: 64 (SP:  -74), Packet Type: Unknown",1
820,110.3591221,,,BT BR/EDR RF,22,0x0021c4f4,"Transport: Any (BR 1Mbps), RF Channel: 17 (SP:  -73), Packet Type: Unknown",1
821,110.5160165,,,BT BR/EDR RF,22,0x0029cfc6,"Transport: Any (BR 1Mbps), RF Channel: 66 (SP:  -81), Packet Type: Unknown",1
822,110.5553692,,,BT BR/EDR RF,22,0x0021c4f4,"Transport: Any (BR 1Mbps), RF Channel: 19 (SP:  -74), Packet Type: Unknown",1
823,110.5629641,,,BT BR/EDR RF,22,0x0021c4f4,"Transport: Any (BR 1Mbps), RF Channel: 19 (SP:  -74), Packet Type: Unknown",1
824,110.722255,,,BT BR/EDR RF,22,0x0021c4f4,"Transport: Any (BR 1Mbps), RF Channel: 68 (SP:  -79), Packet Type: Unknown",1
825,110.7230551,,,BT BR/EDR RF,22,0x0021c4f4,"Transport: Any (BR 1Mbps), RF Channel: 68 (SP:  -77), Packet Type: Unknown",1
826,110.8386387,,,BT BR/EDR RF,22,0x0021c4f4,"Transport: Any (BR 1Mbps), RF Channel:  6 (SP:  -81), Packet Type: Unknown",1
827,111.1299219,,,BT BR/EDR RF,22,0x0021c4f4,"Transport: Any (BR 1Mbps), RF Channel: 72 (SP:  -69), Packet Type: Unknown",1
828,111.202971,,,BT BR/EDR RF,22,0x0021c4f4,"Transport: Any (BR 1Mbps), RF Channel: 57 (SP:  -63), Packet Type: Unknown",1
829,111.4084156,,,BT BR/EDR RF,22,0x0021c4f4,"Transport: Any (BR 1Mbps), RF Channel: 59 (SP:  -63), Packet Type: Unknown",1
830,111.4441394,,,BT BR/EDR RF,22,0x0021c4f4,"Transport: Any (BR 1Mbps), RF Channel: 12 (SP:  -72), Packet Type: Unknown",1
831,111.7185798,,,BT BR/EDR RF,22,0x0021c4f4,"Transport: Any (BR 1Mbps), RF Channel: 78 (SP:  -71), Packet Type: Unknown",1
832,111.8417486,,,BT BR/EDR RF,22,0x0021c4f4,"Transport: Any (BR 1Mbps), RF Channel: 16 (SP:  -71), Packet Type: Unknown",1
833,111.8429486,,,BT BR/EDR RF,22,0x0021c4f4,"Transport: Any (BR 1Mbps), RF Channel: 16 (SP:  -71), Packet Type: Unknown",1
834,111.8534664,,,BT BR/EDR RF,22,0x0021c4f4,"Transport: Any (BR 1Mbps), RF Channel: 48 (SP:  -77), Packet Type: Unknown",1
835,111.854266,,,BT BR/EDR RF,22,0x0021c4f4,"Transport: Any (BR 1Mbps), RF Channel: 48 (SP:  -71), Packet Type: Unknown",1
836,112.2418041,,,BT BR/EDR RF,22,0x0021c4f4,"Transport: Any (BR 1Mbps), RF Channel: 20 (SP:  -73), Packet Type: Unknown",1
837,112.2518022,,,BT BR/EDR RF,22,0x0021c4f4,"Transport: Any (BR 1Mbps), RF Channel: 20 (SP:  -72), Packet Type: Unknown",1
838,112.2823131,,,BT BR/EDR RF,22,0x0021c4f4,"Transport: Any (BR 1Mbps), RF Channel: 52 (SP:  -73), Packet Type: Unknown",1
839,112.397886,,,BT BR/EDR RF,22,0x0021c4f4,"Transport: Any (BR 1Mbps), RF Channel: 69 (SP:  -73), Packet Type: Unknown",1
840,112.409883,,,BT BR/EDR RF,22,0x0021c4f4,"Transport: Any (BR 1Mbps), RF Channel: 69 (SP:  -75), Packet Type: Unknown",1
841,112.4102826,,,BT BR/EDR RF,22,0x0021c4f4,"Transport: Any (BR 1Mbps), RF Channel: 69 (SP:  -75), Packet Type: Unknown",1
842,112.4673295,,,BT BR/EDR RF,22,0x0029cfc6,"Transport: Any (BR 1Mbps), RF Channel: 54 (SP:  -73), Packet Type: Unknown",1
843,112.6024601,,,BT BR/EDR RF,22,0x0021c4f4,"Transport: Any (BR 1Mbps), RF Channel: 71 (SP:  -70), Packet Type: Unknown",1
844,112.6887085,,,BT BR/EDR RF,22,0x0021c4f4,"Transport: Any (BR 1Mbps), RF Channel: 56 (SP:  -75), Packet Type: Unknown",1
845,112.6891073,,,BT BR/EDR RF,22,0x0021c4f4,"Transport: Any (BR 1Mbps), RF Channel: 56 (SP:  -74), Packet Type: Unknown",1
846,112.7304309,,,BT BR/EDR RF,22,0x0021c4f4,"Transport: Any (BR 1Mbps), RF Channel:  9 (SP:  -72), Packet Type: Unknown",1
847,112.7986617,,,BT BR/EDR RF,22,0x0021c4f4,"Transport: Any (BR 1Mbps), RF Channel: 73 (SP:  -69), Packet Type: Unknown",1
848,112.889333,,,BT BR/EDR RF,22,0x0021c4f4,"Transport: Any (BR 1Mbps), RF Channel: 58 (SP:  -72), Packet Type: Unknown",1
849,112.9230464,,,BT BR/EDR RF,22,0x0021c4f4,"Transport: Any (BR 1Mbps), RF Channel: 11 (SP:  -72), Packet Type: Unknown",1
850,113.0683131,,,BT BR/EDR RF,22,0x0029cfc6,"Transport: Any (BR 1Mbps), RF Channel: 60 (SP:  -78), Packet Type: Unknown",1
851,113.0831124,,,BT BR/EDR RF,22,0x0021c4f4,"Transport: Any (BR 1Mbps), RF Channel: 60 (SP:  -74), Packet Type: Unknown",1
852,113.3078332,,,BT BR/EDR RF,22,0x0021c4f4,"Transport: Any (BR 1Mbps), RF Channel: 15 (SP:  -70), Packet Type: Unknown",1
853,113.7986191,,,BT BR/EDR RF,22,0x0021c4f4,"Transport: Any (BR 1Mbps), RF Channel:  4 (SP:  -79), Packet Type: Unknown",1
854,113.9687195,,,BT BR/EDR RF,22,0x0021c4f4,"Transport: Any (BR 1Mbps), RF Channel: 53 (SP:  -67), Packet Type: Unknown",1
855,114.489101,,,BT BR/EDR RF,22,0x0021c4f4,"Transport: Any (BR 1Mbps), RF Channel: 74 (SP:  -69), Packet Type: Unknown",1
856,114.7679583,,,BT BR/EDR RF,22,0x0021c4f4,"Transport: Any (BR 1Mbps), RF Channel: 61 (SP:  -73), Packet Type: Unknown",1
857,114.9697729,,,BT BR/EDR RF,22,0x0021c4f4,"Transport: Any (BR 1Mbps), RF Channel: 63 (SP:  -80), Packet Type: Unknown",1
858,115.0830013,,,BT BR/EDR RF,22,0x0021c4f4,"Transport: Any (BR 1Mbps), RF Channel:  1 (SP:  -74), Packet Type: Unknown",1
859,115.2486661,,,BT BR/EDR RF,22,0x0021c4f4,"Transport: Any (BR 1Mbps), RF Channel: 50 (SP:  -74), Packet Type: Unknown",1
860,115.2490657,,,BT BR/EDR RF,22,0x0021c4f4,"Transport: Any (BR 1Mbps), RF Channel: 50 (SP:  -74), Packet Type: Unknown",1
861,115.4492758,,,BT BR/EDR RF,22,0x0021c4f4,"Transport: Any (BR 1Mbps), RF Channel: 52 (SP:  -72), Packet Type: Unknown",1
862,115.5584269,,,BT BR/EDR RF,22,0x0021c4f4,"Transport: Any (BR 1Mbps), RF Channel: 69 (SP:  -76), Packet Type: Unknown",1
863,115.5592269,,,BT BR/EDR RF,22,0x0021c4f4,"Transport: Any (BR 1Mbps), RF Channel: 69 (SP:  -76), Packet Type: Unknown",1
864,115.6816091,,,BT BR/EDR RF,22,0x0021c4f4,"Transport: Any (BR 1Mbps), RF Channel:  7 (SP:  -73), Packet Type: Unknown",1
865,115.8416729,,,BT BR/EDR RF,22,0x0021c4f4,"Transport: Any (BR 1Mbps), RF Channel: 56 (SP:  -72), Packet Type: Unknown",1
866,116.4391229,,,BT BR/EDR RF,22,0x0021c4f4,"Transport: Any (BR 1Mbps), RF Channel: 62 (SP:  -74), Packet Type: Unknown",1
867,116.8227823,,,BT BR/EDR RF,22,0x0021c4f4,"Transport: Any (BR 1Mbps), RF Channel: 66 (SP:  -51, NP:  -55), Packet Type: Unknown",1
868,116.9615606,,,BT BR/EDR RF,22,0x0021c4f4,"Transport: Any (BR 1Mbps), RF Channel:  4 (SP:  -71), Packet Type: Unknown",1
869,117.0790966,,,BT BR/EDR RF,22,0x0021c4f4,"Transport: Any (BR 1Mbps), RF Channel: 21 (SP:  -74), Packet Type: Unknown",1
870,117.0936182,,,BT BR/EDR RF,22,0x0021c4f4,"Transport: Any (BR 1Mbps), RF Channel: 53 (SP:  -72), Packet Type: Unknown",1
871,117.2359878,,,BT BR/EDR RF,22,0x0021c4f4,"Transport: Any (BR 1Mbps), RF Channel: 70 (SP:  -72), Packet Type: Unknown",1
872,117.2367885,,,BT BR/EDR RF,22,0x0021c4f4,"Transport: Any (BR 1Mbps), RF Channel: 70 (SP:  -72), Packet Type: Unknown",1
873,117.2391885,,,BT BR/EDR RF,22,0x0021c4f4,"Transport: Any (BR 1Mbps), RF Channel: 70 (SP:  -72), Packet Type: Unknown",1
874,117.3567428,,,BT BR/EDR RF,22,0x0021c4f4,"Transport: Any (BR 1Mbps), RF Channel:  8 (SP:  -71), Packet Type: Unknown",1
875,117.3627499,,,BT BR/EDR RF,22,0x0021c4f4,"Transport: Any (BR 1Mbps), RF Channel:  8 (SP:  -72), Packet Type: Unknown",1
876,117.5617653,,,BT BR/EDR RF,22,0x0021c4f4,"Transport: Any (BR 1Mbps), RF Channel: 10 (SP:  -72), Packet Type: Unknown",1
877,117.7218323,,,BT BR/EDR RF,22,0x0021c4f4,"Transport: Any (BR 1Mbps), RF Channel: 59 (SP:  -69), Packet Type: Unknown",1
878,117.8498001,,,BT BR/EDR RF,22,0x0021c4f4,"Transport: Any (BR 1Mbps), RF Channel: 76 (SP:  -69), Packet Type: Unknown",1
879,117.9184495,,,BT BR/EDR RF,22,0x0021c4f4,"Transport: Any (BR 1Mbps), RF Channel: 61 (SP:  -55), Packet Type: Unknown",1
880,118.1528127,,,BT BR/EDR RF,22,0x0021c4f4,"Transport: Any (BR 1Mbps), RF Channel: 16 (SP:  -71), Packet Type: Unknown",1
881,118.2017272,,,BT BR/EDR RF,22,0x0021c4f4,"Transport: Any (BR 1Mbps), RF Channel: 48 (SP:  -70), Packet Type: Unknown",1
882,118.3293085,,,BT BR/EDR RF,22,0x0021c4f4,"Transport: Any (BR 1Mbps), RF Channel: 65 (SP:  -63), Packet Type: Unknown",1
883,118.5704949,,,BT BR/EDR RF,22,0x0021c4f4,"Transport: Any (BR 1Mbps), RF Channel: 20 (SP:  -72), Packet Type: Unknown",1
884,118.6423527,,,BT BR/EDR RF,22,0x0021c4f4,"Transport: Any (BR 1Mbps), RF Channel:  5 (SP:  -80), Packet Type: Unknown",1
885,118.7297993,,,BT BR/EDR RF,22,0x0021c4f4,"Transport: Any (BR 1Mbps), RF Channel: 69 (SP:  -73), Packet Type: Unknown",1
886,118.9184152,,,BT BR/EDR RF,22,0x0021c4f4,"Transport: Any (BR 1Mbps), RF Channel: 71 (SP:  -71), Packet Type: Unknown",1
887,119.1936863,,,BT BR/EDR RF,22,0x0021c4f4,"Transport: Any (BR 1Mbps), RF Channel: 58 (SP:  -75), Packet Type: Unknown",1
888,119.194087,,,BT BR/EDR RF,22,0x0021c4f4,"Transport: Any (BR 1Mbps), RF Channel: 58 (SP:  -75), Packet Type: Unknown",1
889,119.7228989,,,BT BR/EDR RF,22,0x0021c4f4,"Transport: Any (BR 1Mbps), RF Channel:  0 (SP:  -72), Packet Type: Unknown",1
890,120.3228132,,,BT BR/EDR RF,22,0x0021c4f4,"Transport: Any (BR 1Mbps), RF Channel:  6 (SP:  -73), Packet Type: Unknown",1
891,120.4098385,,,BT BR/EDR RF,22,0x0021c4f4,"Transport: Any (BR 1Mbps), RF Channel: 70 (SP:  -73), Packet Type: Unknown",1
892,120.911502,,,BT BR/EDR RF,22,0x0021c4f4,"Transport: Any (BR 1Mbps), RF Channel: 12 (SP:  -72), Packet Type: Unknown",1
893,121.1304906,,,BT BR/EDR RF,22,0x0021c4f4,"Transport: Any (BR 1Mbps), RF Channel: 14 (SP:  -70), Packet Type: Unknown",1
894,121.5590938,,,BT BR/EDR RF,22,0x0021c4f4,"Transport: Any (BR 1Mbps), RF Channel: 50 (SP:  -70), Packet Type: Unknown",1
895,121.6678983,,,BT BR/EDR RF,22,0x0021c4f4,"Transport: Any (BR 1Mbps), RF Channel: 67 (SP:  -76), Packet Type: Unknown",1
896,121.7609803,,,BT BR/EDR RF,22,0x0021c4f4,"Transport: Any (BR 1Mbps), RF Channel: 52 (SP:  -73), Packet Type: Unknown",1
897,122.0847822,,,BT BR/EDR RF,22,0x0021c4f4,"Transport: Any (BR 1Mbps), RF Channel: 71 (SP:  -70), Packet Type: Unknown",1
898,122.1991721,,,BT BR/EDR RF,22,0x0021c4f4,"Transport: Any (BR 1Mbps), RF Channel:  9 (SP:  -71), Packet Type: Unknown",1
899,122.5702946,,,BT BR/EDR RF,22,0x0021c4f4,"Transport: Any (BR 1Mbps), RF Channel: 60 (SP:  -61), Packet Type: Unknown",1
900,122.6886592,,,BT BR/EDR RF,22,0x0021c4f4,"Transport: Any (BR 1Mbps), RF Channel: 77 (SP:  -68), Packet Type: Unknown",1
901,123.1692832,,,BT BR/EDR RF,22,0x0021c4f4,"Transport: Any (BR 1Mbps), RF Channel: 66 (SP:  -50, NP:  -55), Packet Type: Unknown",1
902,123.5798443,,,BT BR/EDR RF,22,0x002ff7a8,"Transport: Any (BR 1Mbps), RF Channel: 23 (SP:  -74), Packet Type: Unknown",1
903,123.9621369,,,BT BR/EDR RF,22,0x0021c4f4,"Transport: Any (BR 1Mbps), RF Channel: 74 (SP:  -68), Packet Type: Unknown",1
904,124.0295578,,,BT BR/EDR RF,22,0x0029cfc6,"Transport: Any (BR 1Mbps), RF Channel: 59 (SP:  -75), Packet Type: Unknown",1
905,124.4411631,,,BT BR/EDR RF,22,0x0021c4f4,"Transport: Any (BR 1Mbps), RF Channel: 63 (SP:  -78), Packet Type: Unknown",1
906,124.4415641,,,BT BR/EDR RF,22,0x0021c4f4,"Transport: Any (BR 1Mbps), RF Channel: 63 (SP:  -73), Packet Type: Unknown",1
907,124.4792699,,,BT BR/EDR RF,22,0x0021c4f4,"Transport: Any (BR 1Mbps), RF Channel: 16 (SP:  -70), Packet Type: Unknown",1
908,124.5290266,,,BT BR/EDR RF,22,0x0021c4f4,"Transport: Any (BR 1Mbps), RF Channel: 48 (SP:  -70), Packet Type: Unknown",1
909,124.8415845,,,BT BR/EDR RF,22,0x0021c4f4,"Transport: Any (BR 1Mbps), RF Channel: 67 (SP:  -77), Packet Type: Unknown",1
910,124.9367733,,,BT BR/EDR RF,22,0x0021c4f4,"Transport: Any (BR 1Mbps), RF Channel:  5 (SP:  -72), Packet Type: Unknown",1
911,124.9703767,,,BT BR/EDR RF,22,0x0021c4f4,"Transport: Any (BR 1Mbps), RF Channel:  5 (SP:  -72), Packet Type: Unknown",1
912,125.4410426,,,BT BR/EDR RF,22,0x0021c4f4,"Transport: Any (BR 1Mbps), RF Channel: 73 (SP:  -52, NP:  -55), Packet Type: Unknown",1
913,125.5590191,,,BT BR/EDR RF,22,0x0021c4f4,"Transport: Any (BR 1Mbps), RF Channel: 11 (SP:  -73), Packet Type: Unknown",1
914,126.169264,,,BT BR/EDR RF,22,0x0021c4f4,"Transport: Any (BR 1Mbps), RF Channel: 17 (SP:  -72), Packet Type: Unknown",1
915,126.1989789,,,BT BR/EDR RF,22,0x0021c4f4,"Transport: Any (BR 1Mbps), RF Channel: 49 (SP:  -70), Packet Type: Unknown",1
916,126.6021219,,,BT BR/EDR RF,22,0x0021c4f4,"Transport: Any (BR 1Mbps), RF Channel: 53 (SP:  -74), Packet Type: Unknown",1
917,126.7209035,,,BT BR/EDR RF,22,0x0021c4f4,"Transport: Any (BR 1Mbps), RF Channel: 70 (SP:  -72), Packet Type: Unknown",1
918,126.7935854,,,BT BR/EDR RF,22,0x0021c4f4,"Transport: Any (BR 1Mbps), RF Channel: 55 (SP:  -73), Packet Type: Unknown",1
919,126.8095867,,,BT BR/EDR RF,22,0x0021c4f4,"Transport: Any (BR 1Mbps), RF Channel: 55 (SP:  -72), Packet Type: Unknown",1
920,126.8103864,,,BT BR/EDR RF,22,0x0021c4f4,"Transport: Any (BR 1Mbps), RF Channel: 55 (SP:  -72), Packet Type: Unknown",1
921,126.9071561,,,BT BR/EDR RF,22,0x0021c4f4,"Transport: Any (BR 1Mbps), RF Channel: 72 (SP:  -69), Packet Type: Unknown",1
922,126.9405117,,,BT BR/EDR RF,22,0x002ff7a8,"Transport: Any (BR 1Mbps), RF Channel: 25 (SP:  -74), Packet Type: Unknown",1
923,127.0491689,,,BT BR/EDR RF,22,0x0021c4f4,"Transport: Any (BR 1Mbps), RF Channel: 10 (SP:  -72), Packet Type: Unknown",1
924,127.12217,,,BT BR/EDR RF,22,0x0021c4f4,"Transport: Any (BR 1Mbps), RF Channel: 74 (SP:  -73), Packet Type: Unknown",1
925,127.2016126,,,BT BR/EDR RF,22,0x0021c4f4,"Transport: Any (BR 1Mbps), RF Channel: 59 (SP:  -73), Packet Type: Unknown",1
926,127.2505241,,,BT BR/EDR RF,22,0x0021c4f4,"Transport: Any (BR 1Mbps), RF Channel: 12 (SP:  -73), Packet Type: Unknown",1
927,127.4267128,,,BT BR/EDR RF,22,0x0021c4f4,"Transport: Any (BR 1Mbps), RF Channel: 14 (SP:  -72), Packet Type: Unknown",1
928,127.4427182,,,BT BR/EDR RF,22,0x0021c4f4,"Transport: Any (BR 1Mbps), RF Channel: 14 (SP:  -72), Packet Type: Unknown",1
929,127.5908157,,,BT BR/EDR RF,22,0x0029cfc6,"Transport: Any (BR 1Mbps), RF Channel: 63 (SP:  -59), Packet Type: Unknown",1
930,127.6417567,,,BT BR/EDR RF,22,0x0021c4f4,"Transport: Any (BR 1Mbps), RF Channel: 16 (SP:  -71), Packet Type: Unknown",1
931,127.8014928,,,BT BR/EDR RF,22,0x0021c4f4,"Transport: Any (BR 1Mbps), RF Channel: 65 (SP:  -72), Packet Type: Unknown",1
932,127.92909,,,BT BR/EDR RF,22,0x0021c4f4,"Transport: Any (BR 1Mbps), RF Channel:  3 (SP:  -74), Packet Type: Unknown",1
933,127.9985305,,,BT BR/EDR RF,22,0x0021c4f4,"Transport: Any (BR 1Mbps), RF Channel: 67 (SP:  -63), Packet Type: Unknown",1
934,128.1217583,,,BT BR/EDR RF,22,0x0021c4f4,"Transport: Any (BR 1Mbps), RF Channel:  5 (SP:  -70), Packet Type: Unknown",1
935,128.4784049,,,BT BR/EDR RF,22,0x0021c4f4,"Transport: Any (BR 1Mbps), RF Channel: 56 (SP:  -75), Packet Type: Unknown",1
936,128.6890203,,,BT BR/EDR RF,22,0x0021c4f4,"Transport: Any (BR 1Mbps), RF Channel: 58 (SP:  -73), Packet Type: Unknown",1
937,128.8883948,,,BT BR/EDR RF,22,0x0021c4f4,"Transport: Any (BR 1Mbps), RF Channel: 60 (SP:  -75), Packet Type: Unknown",1
938,128.8891924,,,BT BR/EDR RF,22,0x0021c4f4,"Transport: Any (BR 1Mbps), RF Channel: 60 (SP:  -74), Packet Type: Unknown",1
939,129.2090412,,,BT BR/EDR RF,22,0x0021c4f4,"Transport: Any (BR 1Mbps), RF Channel:  0 (SP:  -75), Packet Type: Unknown",1
940,129.396433,,,BT BR/EDR RF,22,0x0021c4f4,"Transport: Any (BR 1Mbps), RF Channel:  2 (SP:  -75), Packet Type: Unknown",1
941,129.7230012,,,BT BR/EDR RF,22,0x0021c4f4,"Transport: Any (BR 1Mbps), RF Channel: 21 (SP:  -72), Packet Type: Unknown",1
942,129.7583246,,,BT BR/EDR RF,22,0x0021c4f4,"Transport: Any (BR 1Mbps), RF Channel: 53 (SP:  -73), Packet Type: Unknown",1
943,129.7591243,,,BT BR/EDR RF,22,0x0021c4f4,"Transport: Any (BR 1Mbps), RF Channel: 53 (SP:  -69), Packet Type: Unknown",1
944,129.8822961,,,BT BR/EDR RF,22,0x0021c4f4,"Transport: Any (BR 1Mbps), RF Channel: 70 (SP:  -72), Packet Type: Unknown",1
945,130.1583078,,,BT BR/EDR RF,22,0x0021c4f4,"Transport: Any (BR 1Mbps), RF Channel: 57 (SP:  -66), Packet Type: Unknown",1
946,130.1591095,,,BT BR/EDR RF,22,0x0021c4f4,"Transport: Any (BR 1Mbps), RF Channel: 57 (SP:  -66), Packet Type: Unknown",1
947,130.2999834,,,BT BR/EDR RF,22,0x002ff7a8,"Transport: Any (BR 1Mbps), RF Channel: 27 (SP:  -74), Packet Type: Unknown",1
948,130.7704768,,,BT BR/EDR RF,22,0x0021c4f4,"Transport: Any (BR 1Mbps), RF Channel: 63 (SP:  -66), Packet Type: Unknown",1
949,130.9614796,,,BT BR/EDR RF,22,0x0021c4f4,"Transport: Any (BR 1Mbps), RF Channel: 65 (SP:  -72), Packet Type: Unknown",1
950,131.0489512,,,BT BR/EDR RF,22,0x0021c4f4,"Transport: Any (BR 1Mbps), RF Channel: 50 (SP:  -71), Packet Type: Unknown",1
951,131.4385667,,,BT BR/EDR RF,22,0x0021c4f4,"Transport: Any (BR 1Mbps), RF Channel: 54 (SP:  -73), Packet Type: Unknown",1
952,131.4389671,,,BT BR/EDR RF,22,0x0021c4f4,"Transport: Any (BR 1Mbps), RF Channel: 54 (SP:  -70), Packet Type: Unknown",1
953,131.6889479,,,BT BR/EDR RF,22,0x0021c4f4,"Transport: Any (BR 1Mbps), RF Channel:  9 (SP:  -74), Packet Type: Unknown",1
954,131.8490325,,,BT BR/EDR RF,22,0x0021c4f4,"Transport: Any (BR 1Mbps), RF Channel: 58 (SP:  -73), Packet Type: Unknown",1
955,132.0496452,,,BT BR/EDR RF,22,0x0021c4f4,"Transport: Any (BR 1Mbps), RF Channel: 60 (SP:  -58), Packet Type: Unknown",1
956,132.1396244,,,BT BR/EDR RF,22,0x0021c4f4,"Transport: Any (BR 1Mbps), RF Channel: 77 (SP:  -70), Packet Type: Unknown",1
957,132.1608202,,,BT BR/EDR RF,22,0x0021c4f4,"Transport: Any (BR 1Mbps), RF Channel: 77 (SP:  -69), Packet Type: Unknown",1
958,132.2426779,,,BT BR/EDR RF,22,0x0021c4f4,"Transport: Any (BR 1Mbps), RF Channel: 62 (SP:  -75), Packet Type: Unknown",1
959,132.2552031,,,BT BR/EDR RF,22,0x0021c4f4,"Transport: Any (BR 1Mbps), RF Channel: 15 (SP:  -70), Packet Type: Unknown",1
960,132.5648282,,,BT BR/EDR RF,22,0x0021c4f4,"Transport: Any (BR 1Mbps), RF Channel:  2 (SP:  -72), Packet Type: Unknown",1
961,132.5652298,,,BT BR/EDR RF,22,0x0021c4f4,"Transport: Any (BR 1Mbps), RF Channel:  2 (SP:  -72), Packet Type: Unknown",1
962,132.7690083,,,BT BR/EDR RF,22,0x0021c4f4,"Transport: Any (BR 1Mbps), RF Channel:  4 (SP:  -73), Packet Type: Unknown",1
963,132.9352195,,,BT BR/EDR RF,22,0x0021c4f4,"Transport: Any (BR 1Mbps), RF Channel:  6 (SP:  -76), Packet Type: Unknown",1
964,133.5691329,,,BT BR/EDR RF,22,0x0021c4f4,"Transport: Any (BR 1Mbps), RF Channel: 12 (SP:  -73), Packet Type: Unknown",1
965,134.002902,,,BT BR/EDR RF,22,0x0021c4f4,"Transport: Any (BR 1Mbps), RF Channel: 48 (SP:  -69), Packet Type: Unknown",1
966,134.0065009,,,BT BR/EDR RF,22,0x0021c4f4,"Transport: Any (BR 1Mbps), RF Channel: 48 (SP:  -69), Packet Type: Unknown",1
967,134.7183666,,,BT BR/EDR RF,22,0x0021c4f4,"Transport: Any (BR 1Mbps), RF Channel: 71 (SP:  -72), Packet Type: Unknown",1
968,134.9298086,,,BT BR/EDR RF,22,0x0021c4f4,"Transport: Any (BR 1Mbps), RF Channel: 73 (SP:  -66), Packet Type: Unknown",1
969,135.5228325,,,BT BR/EDR RF,22,0x0021c4f4,"Transport: Any (BR 1Mbps), RF Channel:  0 (SP:  -75), Packet Type: Unknown",1
970,135.6821657,,,BT BR/EDR RF,22,0x0021c4f4,"Transport: Any (BR 1Mbps), RF Channel: 49 (SP:  -75), Packet Type: Unknown",1
971,135.7989191,,,BT BR/EDR RF,22,0x0021c4f4,"Transport: Any (BR 1Mbps), RF Channel: 66 (SP:  -77), Packet Type: Unknown",1
972,136.4083457,,,BT BR/EDR RF,22,0x0021c4f4,"Transport: Any (BR 1Mbps), RF Channel: 72 (SP:  -69), Packet Type: Unknown",1
973,136.540085,,,BT BR/EDR RF,22,0x002ff7a8,"Transport: Any (BR 1Mbps), RF Channel: 42 (SP:    0, NP:  -55), Packet Type: Unknown",1
974,136.5404853,,,BT BR/EDR RF,22,0x002ff7a8,"Transport: Any (BR 1Mbps), RF Channel: 42 (SP:    0, NP:  -55), Packet Type: Unknown",1
975,136.8020231,,,BT BR/EDR RF,22,0x0021c4f4,"Transport: Any (BR 1Mbps), RF Channel: 76 (SP:  -68), Packet Type: Unknown",1
976,137.3617062,,,BT BR/EDR RF,22,0x0021c4f4,"Transport: Any (BR 1Mbps), RF Channel: 50 (SP:  -70), Packet Type: Unknown",1
977,137.3866305,,,BT BR/EDR RF,22,0x0021c4f4,"Transport: Any (BR 1Mbps), RF Channel:  3 (SP:  -73), Packet Type: Unknown",1
978,137.9796973,,,BT BR/EDR RF,22,0x0029cfc6,"Transport: Any (BR 1Mbps), RF Channel:  9 (SP:  -75), Packet Type: Unknown",1
979,138.0088982,,,BT BR/EDR RF,22,0x0021c4f4,"Transport: Any (BR 1Mbps), RF Channel:  9 (SP:  -74), Packet Type: Unknown",1
980,138.0783488,,,BT BR/EDR RF,22,0x0021c4f4,"Transport: Any (BR 1Mbps), RF Channel: 73 (SP:  -54, NP:  -55), Packet Type: Unknown",1
981,138.1685769,,,BT BR/EDR RF,22,0x0021c4f4,"Transport: Any (BR 1Mbps), RF Channel: 58 (SP:  -74), Packet Type: Unknown",1
982,138.8791977,,,BT BR/EDR RF,22,0x0021c4f4,"Transport: Any (BR 1Mbps), RF Channel:  2 (SP:  -74), Packet Type: Unknown",1
983,139.0902213,,,BT BR/EDR RF,22,0x0021c4f4,"Transport: Any (BR 1Mbps), RF Channel:  4 (SP:  -73), Packet Type: Unknown",1
984,139.2422819,,,BT BR/EDR RF,22,0x0021c4f4,"Transport: Any (BR 1Mbps), RF Channel: 53 (SP:  -72), Packet Type: Unknown",1
985,139.4810504,,,BT BR/EDR RF,22,0x0021c4f4,"Transport: Any (BR 1Mbps), RF Channel:  8 (SP:  -77), Packet Type: Unknown",1
986,139.6407308,,,BT BR/EDR RF,22,0x0021c4f4,"Transport: Any (BR 1Mbps), RF Channel: 57 (SP:  -75), Packet Type: Unknown",1
987,139.6415306,,,BT BR/EDR RF,22,0x0021c4f4,"Transport: Any (BR 1Mbps), RF Channel: 57 (SP:  -72), Packet Type: Unknown",1
988,139.752305,,,BT BR/EDR RF,22,0x0021c4f4,"Transport: Any (BR 1Mbps), RF Channel: 74 (SP:  -72), Packet Type: Unknown",1
989,139.8766739,,,BT BR/EDR RF,22,0x0021c4f4,"Transport: Any (BR 1Mbps), RF Channel: 12 (SP:  -32, NP:  -55), Packet Type: Unknown",1
990,139.8826727,,,BT BR/EDR RF,22,0x0021c4f4,"Transport: Any (BR 1Mbps), RF Channel: 12 (SP:  -75), Packet Type: Unknown",1
991,140.3701879,,,BT BR/EDR RF,22,0x0021c4f4,"Transport: Any (BR 1Mbps), RF Channel:  1 (SP:  -73), Packet Type: Unknown",1
992,140.6820398,,,BT BR/EDR RF,22,0x0021c4f4,"Transport: Any (BR 1Mbps), RF Channel: 20 (SP:  -76), Packet Type: Unknown",1
993,140.6828426,,,BT BR/EDR RF,22,0x0021c4f4,"Transport: Any (BR 1Mbps), RF Channel: 20 (SP:  -73), Packet Type: Unknown",1
994,141.121392,,,BT BR/EDR RF,22,0x0021c4f4,"Transport: Any (BR 1Mbps), RF Channel: 56 (SP:  -72), Packet Type: Unknown",1
995,141.7228877,,,BT BR/EDR RF,22,0x0021c4f4,"Transport: Any (BR 1Mbps), RF Channel: 62 (SP:  -64), Packet Type: Unknown",1
996,141.9476601,,,BT BR/EDR RF,22,0x0021c4f4,"Transport: Any (BR 1Mbps), RF Channel: 17 (SP:  -74), Packet Type: Unknown",1
997,141.961666,,,BT BR/EDR RF,22,0x0021c4f4,"Transport: Any (BR 1Mbps), RF Channel: 17 (SP:  -74), Packet Type: Unknown",1
998,142.355237,,,BT BR/EDR RF,22,0x0021c4f4,"Transport: Any (BR 1Mbps), RF Channel: 21 (SP:  -76), Packet Type: Unknown",1
999,142.8013555,,,BT BR/EDR RF,22,0x0021c4f4,"Transport: Any (BR 1Mbps), RF Channel: 57 (SP:  -56), Packet Type: Unknown",1
1000,142.9221376,,,BT BR/EDR RF,22,0x0021c4f4,"Transport: Any (BR 1Mbps), RF Channel: 74 (SP:  -73), Packet Type: Unknown",1
1001,143.0501131,,,BT BR/EDR RF,22,0x0021c4f4,"Transport: Any (BR 1Mbps), RF Channel: 12 (SP:  -32, NP:  -55), Packet Type: Unknown",1
1002,143.3888331,,,BT BR/EDR RF,22,0x0021c4f4,"Transport: Any (BR 1Mbps), RF Channel: 63 (SP:  -75), Packet Type: Unknown",1
1003,143.4413642,,,BT BR/EDR RF,22,0x0021c4f4,"Transport: Any (BR 1Mbps), RF Channel: 16 (SP:  -73), Packet Type: Unknown",1
1004,143.4882736,,,BT BR/EDR RF,22,0x0021c4f4,"Transport: Any (BR 1Mbps), RF Channel: 48 (SP:  -81), Packet Type: Unknown",1
1005,143.4890745,,,BT BR/EDR RF,22,0x0021c4f4,"Transport: Any (BR 1Mbps), RF Channel: 48 (SP:  -70), Packet Type: Unknown",1
1006,143.6439855,,,BT BR/EDR RF,22,0x0021c4f4,"Transport: Any (BR 1Mbps), RF Channel: 18 (SP:  -74), Packet Type: Unknown",1
1007,143.7996711,,,BT BR/EDR RF,22,0x0021c4f4,"Transport: Any (BR 1Mbps), RF Channel: 67 (SP:  -83), Packet Type: Unknown",1
1008,143.9184999,,,BT BR/EDR RF,22,0x0021c4f4,"Transport: Any (BR 1Mbps), RF Channel:  5 (SP:  -79), Packet Type: Unknown",1
1009,144.2021179,,,BT BR/EDR RF,22,0x0021c4f4,"Transport: Any (BR 1Mbps), RF Channel: 71 (SP:  -73), Packet Type: Unknown",1
1010,144.2206579,,,BT BR/EDR RF,22,0x002ff7a8,"Transport: Any (BR 1Mbps), RF Channel: 24 (SP:  -75), Packet Type: Unknown",1
1011,144.5757946,,,BT BR/EDR RF,22,0x0021c4f4,"Transport: Any (BR 1Mbps), RF Channel: 75 (SP:  -70), Packet Type: Unknown",1
1012,144.5765945,,,BT BR/EDR RF,22,0x0021c4f4,"Transport: Any (BR 1Mbps), RF Channel: 75 (SP:  -70), Packet Type: Unknown",1
1013,144.6069897,,,BT BR/EDR RF,22,0x0021c4f4,"Transport: Any (BR 1Mbps), RF Channel: 75 (SP:  -71), Packet Type: Unknown",1
1014,144.6788284,,,BT BR/EDR RF,22,0x0021c4f4,"Transport: Any (BR 1Mbps), RF Channel: 60 (SP:  -73), Packet Type: Unknown",1
1015,144.878992,,,BT BR/EDR RF,22,0x0021c4f4,"Transport: Any (BR 1Mbps), RF Channel: 62 (SP:  -43, NP:  -55), Packet Type: Unknown",1
1016,145.0089532,,,BT BR/EDR RF,22,0x0021c4f4,"Transport: Any (BR 1Mbps), RF Channel:  0 (SP:  -53, NP:  -55), Packet Type: Unknown",1
1017,145.1983157,,,BT BR/EDR RF,22,0x0021c4f4,"Transport: Any (BR 1Mbps), RF Channel:  2 (SP:  -78), Packet Type: Unknown",1
1018,145.1991147,,,BT BR/EDR RF,22,0x0021c4f4,"Transport: Any (BR 1Mbps), RF Channel:  2 (SP:  -73), Packet Type: Unknown",1
1019,145.3620393,,,BT BR/EDR RF,22,0x0021c4f4,"Transport: Any (BR 1Mbps), RF Channel: 51 (SP:  -77), Packet Type: Unknown",1
1020,145.3628407,,,BT BR/EDR RF,22,0x0021c4f4,"Transport: Any (BR 1Mbps), RF Channel: 51 (SP:  -71), Packet Type: Unknown",1
1021,145.4819759,,,BT BR/EDR RF,22,0x0021c4f4,"Transport: Any (BR 1Mbps), RF Channel: 68 (SP:  -77), Packet Type: Unknown",1
1022,145.6095317,,,BT BR/EDR RF,22,0x0021c4f4,"Transport: Any (BR 1Mbps), RF Channel:  6 (SP:  -40, NP:  -55), Packet Type: Unknown",1
1023,145.6809733,,,BT BR/EDR RF,22,0x0021c4f4,"Transport: Any (BR 1Mbps), RF Channel: 70 (SP:  -73), Packet Type: Unknown",1
1024,145.8089829,,,BT BR/EDR RF,22,0x0021c4f4,"Transport: Any (BR 1Mbps), RF Channel:  8 (SP:  -66), Packet Type: Unknown",1
1025,145.9582996,,,BT BR/EDR RF,22,0x0021c4f4,"Transport: Any (BR 1Mbps), RF Channel: 57 (SP:  -75), Packet Type: Unknown",1
1026,145.9591003,,,BT BR/EDR RF,22,0x0021c4f4,"Transport: Any (BR 1Mbps), RF Channel: 57 (SP:  -73), Packet Type: Unknown",1
1027,146.0008139,,,BT BR/EDR RF,22,0x0021c4f4,"Transport: Any (BR 1Mbps), RF Channel: 10 (SP:  -80), Packet Type: Unknown",1
1028,146.536482,,,BT BR/EDR RF,22,0x0021c4f4,"Transport: Any (BR 1Mbps), RF Channel: 63 (SP:  -75), Packet Type: Unknown",1
1029,146.6483285,,,BT BR/EDR RF,22,0x0021c4f4,"Transport: Any (BR 1Mbps), RF Channel: 48 (SP:  -79), Packet Type: Unknown",1
1030,146.6491304,,,BT BR/EDR RF,22,0x0021c4f4,"Transport: Any (BR 1Mbps), RF Channel: 48 (SP:  -69), Packet Type: Unknown",1
1031,146.7844396,,,BT BR/EDR RF,22,0x0021c4f4,"Transport: Any (BR 1Mbps), RF Channel: 18 (SP:  -74), Packet Type: Unknown",1
1032,146.8814962,,,BT BR/EDR RF,22,0x0021c4f4,"Transport: Any (BR 1Mbps), RF Channel:  3 (SP:  -74), Packet Type: Unknown",1
1033,146.9701529,,,BT BR/EDR RF,22,0x0021c4f4,"Transport: Any (BR 1Mbps), RF Channel: 67 (SP:  -77), Packet Type: Unknown",1
1034,147.2382314,,,BT BR/EDR RF,22,0x0021c4f4,"Transport: Any (BR 1Mbps), RF Channel: 54 (SP:  -75), Packet Type: Unknown",1
1035,147.3682127,,,BT BR/EDR RF,22,0x0021c4f4,"Transport: Any (BR 1Mbps), RF Channel: 71 (SP:  -72), Packet Type: Unknown",1
1036,147.7583046,,,BT BR/EDR RF,22,0x0021c4f4,"Transport: Any (BR 1Mbps), RF Channel: 75 (SP:  -64), Packet Type: Unknown",1
1037,148.0503255,,,BT BR/EDR RF,22,0x0021c4f4,"Transport: Any (BR 1Mbps), RF Channel: 62 (SP:  -74), Packet Type: Unknown",1
1038,148.0884647,,,BT BR/EDR RF,22,0x0021c4f4,"Transport: Any (BR 1Mbps), RF Channel: 15 (SP:  -81), Packet Type: Unknown",1
1039,148.5183046,,,BT BR/EDR RF,22,0x0021c4f4,"Transport: Any (BR 1Mbps), RF Channel: 51 (SP:  -77), Packet Type: Unknown",1
1040,148.5191061,,,BT BR/EDR RF,22,0x0021c4f4,"Transport: Any (BR 1Mbps), RF Channel: 51 (SP:  -69), Packet Type: Unknown",1
1041,148.6214651,,,BT BR/EDR RF,22,0x0021c4f4,"Transport: Any (BR 1Mbps), RF Channel: 68 (SP:  -77), Packet Type: Unknown",1
1042,148.6450717,,,BT BR/EDR RF,22,0x0021c4f4,"Transport: Any (BR 1Mbps), RF Channel: 68 (SP:  -77), Packet Type: Unknown",1
1043,148.6895987,,,BT BR/EDR RF,22,0x0021c4f4,"Transport: Any (BR 1Mbps), RF Channel: 21 (SP:  -79), Packet Type: Unknown",1
1044,148.7189137,,,BT BR/EDR RF,22,0x0021c4f4,"Transport: Any (BR 1Mbps), RF Channel: 53 (SP:  -70), Packet Type: Unknown",1
1045,149.0382796,,,BT BR/EDR RF,22,0x0021c4f4,"Transport: Any (BR 1Mbps), RF Channel: 72 (SP:  -73), Packet Type: Unknown",1
1046,149.0470829,,,BT BR/EDR RF,22,0x0021c4f4,"Transport: Any (BR 1Mbps), RF Channel: 72 (SP:  -73), Packet Type: Unknown",1
1047,149.1682662,,,BT BR/EDR RF,22,0x0021c4f4,"Transport: Any (BR 1Mbps), RF Channel: 10 (SP:  -77), Packet Type: Unknown",1
1048,149.3684796,,,BT BR/EDR RF,22,0x0021c4f4,"Transport: Any (BR 1Mbps), RF Channel: 12 (SP:  -81), Packet Type: Unknown",1
1049,149.552731,,,BT BR/EDR RF,22,0x0021c4f4,"Transport: Any (BR 1Mbps), RF Channel: 14 (SP:  -75), Packet Type: Unknown",1
1050,149.7990243,,,BT BR/EDR RF,22,0x0021c4f4,"Transport: Any (BR 1Mbps), RF Channel: 48 (SP:  -70), Packet Type: Unknown",1
1051,149.8383692,,,BT BR/EDR RF,22,0x0029cfc6,"Transport: Any (BR 1Mbps), RF Channel:  1 (SP:  -78), Packet Type: Unknown",1
1052,149.8419747,,,BT BR/EDR RF,22,0x0021c4f4,"Transport: Any (BR 1Mbps), RF Channel:  1 (SP:  -78), Packet Type: Unknown",1
1053,150.1771116,,,BT BR/EDR RF,22,0x0021c4f4,"Transport: Any (BR 1Mbps), RF Channel: 52 (SP:  -71), Packet Type: Unknown",1
1054,150.2196306,,,BT BR/EDR RF,22,0x0029cfc6,"Transport: Any (BR 1Mbps), RF Channel:  5 (SP:  -75), Packet Type: Unknown",1
1055,150.319077,,,BT BR/EDR RF,22,0x0021c4f4,"Transport: Any (BR 1Mbps), RF Channel: 69 (SP:  -67), Packet Type: Unknown",1
1056,150.7227031,,,BT BR/EDR RF,22,0x0021c4f4,"Transport: Any (BR 1Mbps), RF Channel: 73 (SP:  -73), Packet Type: Unknown",1
1057,151.120732,,,BT BR/EDR RF,22,0x0021c4f4,"Transport: Any (BR 1Mbps), RF Channel: 77 (SP:  -73), Packet Type: Unknown",1
1058,151.2494985,,,BT BR/EDR RF,22,0x0021c4f4,"Transport: Any (BR 1Mbps), RF Channel: 15 (SP:  -77), Packet Type: Unknown",1
1059,151.5035383,,,BT BR/EDR RF,22,0x0029cfc6,"Transport: Any (BR 1Mbps), RF Channel:  2 (SP:  -76), Packet Type: Unknown",1
1060,151.900003,,,BT BR/EDR RF,22,0x002ff7a8,"Transport: Any (BR 1Mbps), RF Channel:  6 (SP:  -72), Packet Type: Unknown",1
1061,152.0820921,,,BT BR/EDR RF,22,0x0021c4f4,"Transport: Any (BR 1Mbps), RF Channel: 55 (SP:  -73), Packet Type: Unknown",1
1062,152.3288121,,,BT BR/EDR RF,22,0x0021c4f4,"Transport: Any (BR 1Mbps), RF Channel: 10 (SP:  -76), Packet Type: Unknown",1
1063,152.402663,,,BT BR/EDR RF,22,0x0021c4f4,"Transport: Any (BR 1Mbps), RF Channel: 74 (SP:  -70), Packet Type: Unknown",1
1064,152.8082436,,,BT BR/EDR RF,22,0x0021c4f4,"Transport: Any (BR 1Mbps), RF Channel: 78 (SP:  -72), Packet Type: Unknown",1
1065,152.8788564,,,BT BR/EDR RF,22,0x0021c4f4,"Transport: Any (BR 1Mbps), RF Channel: 63 (SP:  -66), Packet Type: Unknown",1
1066,152.908581,,,BT BR/EDR RF,22,0x0029cfc6,"Transport: Any (BR 1Mbps), RF Channel: 16 (SP:  -77), Packet Type: Unknown",1
1067,152.9289953,,,BT BR/EDR RF,22,0x0021c4f4,"Transport: Any (BR 1Mbps), RF Channel: 16 (SP:  -72), Packet Type: Unknown",1
1068,152.9327085,,,BT BR/EDR RF,22,0x0021c4f4,"Transport: Any (BR 1Mbps), RF Channel: 48 (SP:  -71), Packet Type: Unknown",1
1069,153.104843,,,BT BR/EDR RF,22,0x0029cfc6,"Transport: Any (BR 1Mbps), RF Channel: 18 (SP:  -75), Packet Type: Unknown",1
1070,153.1609675,,,BT BR/EDR RF,22,0x0021c4f4,"Transport: Any (BR 1Mbps), RF Channel: 50 (SP:  -73), Packet Type: Unknown",1
1071,153.1613696,,,BT BR/EDR RF,22,0x0021c4f4,"Transport: Any (BR 1Mbps), RF Channel: 50 (SP:  -72), Packet Type: Unknown",1
1072,153.358396,,,BT BR/EDR RF,22,0x0021c4f4,"Transport: Any (BR 1Mbps), RF Channel: 52 (SP:  -73), Packet Type: Unknown",1
1073,153.3619981,,,BT BR/EDR RF,22,0x0021c4f4,"Transport: Any (BR 1Mbps), RF Channel: 52 (SP:  -72), Packet Type: Unknown",1
1074,153.5682215,,,BT BR/EDR RF,22,0x0021c4f4,"Transport: Any (BR 1Mbps), RF Channel: 54 (SP:  -73), Packet Type: Unknown",1
1075,153.569023,,,BT BR/EDR RF,22,0x0021c4f4,"Transport: Any (BR 1Mbps), RF Channel: 54 (SP:  -72), Packet Type: Unknown",1
1076,153.6826012,,,BT BR/EDR RF,22,0x0021c4f4,"Transport: Any (BR 1Mbps), RF Channel: 71 (SP:  -10, NP:  -55), Packet Type: Unknown",1
1077,153.734039,,,BT BR/EDR RF,22,0x0021c4f4,"Transport: Any (BR 1Mbps), RF Channel: 56 (SP:  -42, NP:  -55), Packet Type: Unknown",1
1078,153.888854,,,BT BR/EDR RF,22,0x0021c4f4,"Transport: Any (BR 1Mbps), RF Channel: 73 (SP:  -73), Packet Type: Unknown",1
1079,154.1589068,,,BT BR/EDR RF,22,0x0021c4f4,"Transport: Any (BR 1Mbps), RF Channel: 60 (SP:  -74), Packet Type: Unknown",1
1080,154.4028291,,,BT BR/EDR RF,22,0x0021c4f4,"Transport: Any (BR 1Mbps), RF Channel: 15 (SP:  -69), Packet Type: Unknown",1
1081,154.6081965,,,BT BR/EDR RF,22,0x0021c4f4,"Transport: Any (BR 1Mbps), RF Channel: 17 (SP:  -78), Packet Type: Unknown",1
1082,154.6089959,,,BT BR/EDR RF,22,0x0021c4f4,"Transport: Any (BR 1Mbps), RF Channel: 17 (SP:  -76), Packet Type: Unknown",1
1083,155.2489846,,,BT BR/EDR RF,22,0x0021c4f4,"Transport: Any (BR 1Mbps), RF Channel: 55 (SP:  -72), Packet Type: Unknown",1
1084,155.4388215,,,BT BR/EDR RF,22,0x0021c4f4,"Transport: Any (BR 1Mbps), RF Channel: 57 (SP:  -63), Packet Type: Unknown",1
1085,155.6795771,,,BT BR/EDR RF,22,0x0029cfc6,"Transport: Any (BR 1Mbps), RF Channel: 12 (SP:  -75), Packet Type: Unknown",1
1086,155.740223,,,BT BR/EDR RF,22,0x002ff7a8,"Transport: Any (BR 1Mbps), RF Channel: 76 (SP:    0, NP:  -55), Packet Type: Unknown",1
1087,155.849655,,,BT BR/EDR RF,22,0x0021c4f4,"Transport: Any (BR 1Mbps), RF Channel: 61 (SP:  -62), Packet Type: Unknown",1
1088,155.8500562,,,BT BR/EDR RF,22,0x0021c4f4,"Transport: Any (BR 1Mbps), RF Channel: 61 (SP:  -62), Packet Type: Unknown",1
1089,156.360816,,,BT BR/EDR RF,22,0x0029cfc6,"Transport: Any (BR 1Mbps), RF Channel:  3 (SP:  -45, NP:  -55), Packet Type: Unknown",1
1090,156.6312743,,,BT BR/EDR RF,22,0x0021c4f4,"Transport: Any (BR 1Mbps), RF Channel: 69 (SP:  -73), Packet Type: Unknown",1
1091,156.718288,,,BT BR/EDR RF,22,0x0021c4f4,"Transport: Any (BR 1Mbps), RF Channel: 54 (SP:  -73), Packet Type: Unknown",1
1092,156.7595959,,,BT BR/EDR RF,22,0x0029cfc6,"Transport: Any (BR 1Mbps), RF Channel:  7 (SP:  -74), Packet Type: Unknown",1
1093,156.9626629,,,BT BR/EDR RF,22,0x0021c4f4,"Transport: Any (BR 1Mbps), RF Channel:  9 (SP:  -76), Packet Type: Unknown",1
1094,157.6415111,,,BT BR/EDR RF,22,0x0021c4f4,"Transport: Any (BR 1Mbps), RF Channel:  0 (SP:  -77), Packet Type: Unknown",1
1095,157.7976091,,,BT BR/EDR RF,22,0x0021c4f4,"Transport: Any (BR 1Mbps), RF Channel: 49 (SP:  -69), Packet Type: Unknown",1
1096,157.8927446,,,BT BR/EDR RF,22,0x0021c4f4,"Transport: Any (BR 1Mbps), RF Channel: 66 (SP:  -75), Packet Type: Unknown",1
1097,158.2413082,,,BT BR/EDR RF,22,0x0021c4f4,"Transport: Any (BR 1Mbps), RF Channel:  6 (SP:  -75), Packet Type: Unknown",1
1098,158.3287421,,,BT BR/EDR RF,22,0x0021c4f4,"Transport: Any (BR 1Mbps), RF Channel: 70 (SP:  -73), Packet Type: Unknown",1
1099,158.6007966,,,BT BR/EDR RF,22,0x0021c4f4,"Transport: Any (BR 1Mbps), RF Channel: 57 (SP:  -42, NP:  -55), Packet Type: Unknown",1
1100,158.9293688,,,BT BR/EDR RF,22,0x0021c4f4,"Transport: Any (BR 1Mbps), RF Channel: 76 (SP:  -71), Packet Type: Unknown",1
1101,159.2427302,,,BT BR/EDR RF,22,0x0021c4f4,"Transport: Any (BR 1Mbps), RF Channel: 16 (SP:  -74), Packet Type: Unknown",1
1102,159.2788439,,,BT BR/EDR RF,22,0x0021c4f4,"Transport: Any (BR 1Mbps), RF Channel: 48 (SP:  -71), Packet Type: Unknown",1
1103,159.4088281,,,BT BR/EDR RF,22,0x0021c4f4,"Transport: Any (BR 1Mbps), RF Channel: 65 (SP:  -75), Packet Type: Unknown",1
1104,159.5175942,,,BT BR/EDR RF,22,0x0021c4f4,"Transport: Any (BR 1Mbps), RF Channel:  3 (SP:  -76), Packet Type: Unknown",1
1105,159.6090179,,,BT BR/EDR RF,22,0x0021c4f4,"Transport: Any (BR 1Mbps), RF Channel: 67 (SP:  -75), Packet Type: Unknown",1
1106,159.7237948,,,BT BR/EDR RF,22,0x0021c4f4,"Transport: Any (BR 1Mbps), RF Channel:  5 (SP:  -75), Packet Type: Unknown",1
1107,159.9284053,,,BT BR/EDR RF,22,0x0021c4f4,"Transport: Any (BR 1Mbps), RF Channel:  7 (SP:  -79), Packet Type: Unknown",1
1108,159.9288062,,,BT BR/EDR RF,22,0x0021c4f4,"Transport: Any (BR 1Mbps), RF Channel:  7 (SP:  -75), Packet Type: Unknown",1
1109,160.0808824,,,BT BR/EDR RF,22,0x0021c4f4,"Transport: Any (BR 1Mbps), RF Channel: 56 (SP:  -75), Packet Type: Unknown",1
1110,160.0812821,,,BT BR/EDR RF,22,0x0021c4f4,"Transport: Any (BR 1Mbps), RF Channel: 56 (SP:  -73), Packet Type: Unknown",1
1111,160.2096551,,,BT BR/EDR RF,22,0x0021c4f4,"Transport: Any (BR 1Mbps), RF Channel: 73 (SP:  -70), Packet Type: Unknown",1
1112,160.2859033,,,BT BR/EDR RF,22,0x0021c4f4,"Transport: Any (BR 1Mbps), RF Channel: 58 (SP:  -74), Packet Type: Unknown",1
1113,160.2863031,,,BT BR/EDR RF,22,0x0021c4f4,"Transport: Any (BR 1Mbps), RF Channel: 58 (SP:  -73), Packet Type: Unknown",1
1114,160.3160426,,,BT BR/EDR RF,22,0x0029cfc6,"Transport: Any (BR 1Mbps), RF Channel: 11 (SP:  -74), Packet Type: Unknown",1
1115,160.5214373,,,BT BR/EDR RF,22,0x0021c4f4,"Transport: Any (BR 1Mbps), RF Channel: 13 (SP:  -75), Packet Type: Unknown",1
1116,160.8014766,,,BT BR/EDR RF,22,0x0021c4f4,"Transport: Any (BR 1Mbps), RF Channel:  0 (SP:  -76), Packet Type: Unknown",1
1117,161.0527691,,,BT BR/EDR RF,22,0x0021c4f4,"Transport: Any (BR 1Mbps), RF Channel: 66 (SP:  -75), Packet Type: Unknown",1
1118,161.1815417,,,BT BR/EDR RF,22,0x0021c4f4,"Transport: Any (BR 1Mbps), RF Channel:  4 (SP:    0, NP:  -55), Packet Type: Unknown",1
1119,161.3183275,,,BT BR/EDR RF,22,0x0021c4f4,"Transport: Any (BR 1Mbps), RF Channel: 21 (SP:  -80), Packet Type: Unknown",1
1120,161.8025595,,,BT BR/EDR RF,22,0x0021c4f4,"Transport: Any (BR 1Mbps), RF Channel: 10 (SP:  -73), Packet Type: Unknown",1
1121,161.9963452,,,BT BR/EDR RF,22,0x0021c4f4,"Transport: Any (BR 1Mbps), RF Channel: 12 (SP:  -75), Packet Type: Unknown",1
1122,162.0825931,,,BT BR/EDR RF,22,0x0021c4f4,"Transport: Any (BR 1Mbps), RF Channel: 76 (SP:  -59), Packet Type: Unknown",1
1123,162.6406905,,,BT BR/EDR RF,22,0x0021c4f4,"Transport: Any (BR 1Mbps), RF Channel: 50 (SP:  -74), Packet Type: Unknown",1
1124,162.6414891,,,BT BR/EDR RF,22,0x0021c4f4,"Transport: Any (BR 1Mbps), RF Channel: 50 (SP:  -69), Packet Type: Unknown",1
1125,162.7694831,,,BT BR/EDR RF,22,0x0021c4f4,"Transport: Any (BR 1Mbps), RF Channel: 67 (SP:  -70), Packet Type: Unknown",1
1126,162.7702838,,,BT BR/EDR RF,22,0x0021c4f4,"Transport: Any (BR 1Mbps), RF Channel: 67 (SP:  -70), Packet Type: Unknown",1
1127,163.0483355,,,BT BR/EDR RF,22,0x0021c4f4,"Transport: Any (BR 1Mbps), RF Channel: 54 (SP:  -72), Packet Type: Unknown",1
1128,163.4183701,,,BT BR/EDR RF,22,0x0021c4f4,"Transport: Any (BR 1Mbps), RF Channel: 58 (SP:  -73), Packet Type: Unknown",1
1129,163.5471088,,,BT BR/EDR RF,22,0x0021c4f4,"Transport: Any (BR 1Mbps), RF Channel: 75 (SP:  -69), Packet Type: Unknown",1
1130,163.5619161,,,BT BR/EDR RF,22,0x0021c4f4,"Transport: Any (BR 1Mbps), RF Channel: 75 (SP:  -70), Packet Type: Unknown",1
1131,163.6550775,,,BT BR/EDR RF,22,0x0021c4f4,"Transport: Any (BR 1Mbps), RF Channel: 13 (SP:  -74), Packet Type: Unknown",1
1132,163.8808589,,,BT BR/EDR RF,22,0x0021c4f4,"Transport: Any (BR 1Mbps), RF Channel: 15 (SP:  -81), Packet Type: Unknown",1
1133,163.8812589,,,BT BR/EDR RF,22,0x0021c4f4,"Transport: Any (BR 1Mbps), RF Channel: 15 (SP:  -73), Packet Type: Unknown",1
1134,163.9687338,,,BT BR/EDR RF,22,0x0021c4f4,"Transport: Any (BR 1Mbps), RF Channel:  0 (SP:  -75), Packet Type: Unknown",1
1135,164.0751031,,,BT BR/EDR RF,22,0x0021c4f4,"Transport: Any (BR 1Mbps), RF Channel: 17 (SP:  -74), Packet Type: Unknown",1
1136,164.0815072,,,BT BR/EDR RF,22,0x0021c4f4,"Transport: Any (BR 1Mbps), RF Channel: 17 (SP:  -74), Packet Type: Unknown",1
1137,164.128854,,,BT BR/EDR RF,22,0x0021c4f4,"Transport: Any (BR 1Mbps), RF Channel: 49 (SP:  -69), Packet Type: Unknown",1
1138,164.1701858,,,BT BR/EDR RF,22,0x0021c4f4,"Transport: Any (BR 1Mbps), RF Channel:  2 (SP:  -61), Packet Type: Unknown",1
1139,164.3488311,,,BT BR/EDR RF,22,0x0021c4f4,"Transport: Any (BR 1Mbps), RF Channel:  4 (SP:  -44, NP:  -55), Packet Type: Unknown",1
1140,164.3588364,,,BT BR/EDR RF,22,0x0021c4f4,"Transport: Any (BR 1Mbps), RF Channel:  4 (SP:  -72), Packet Type: Unknown",1
1141,164.7621127,,,BT BR/EDR RF,22,0x0021c4f4,"Transport: Any (BR 1Mbps), RF Channel:  8 (SP:  -79), Packet Type: Unknown",1
1142,164.7625123,,,BT BR/EDR RF,22,0x0021c4f4,"Transport: Any (BR 1Mbps), RF Channel:  8 (SP:  -72), Packet Type: Unknown",1
1143,164.848774,,,BT BR/EDR RF,22,0x0021c4f4,"Transport: Any (BR 1Mbps), RF Channel: 72 (SP:  -69), Packet Type: Unknown",1
1144,164.9226273,,,BT BR/EDR RF,22,0x0021c4f4,"Transport: Any (BR 1Mbps), RF Channel: 57 (SP:  -58), Packet Type: Unknown",1
1145,165.2420585,,,BT BR/EDR RF,22,0x0021c4f4,"Transport: Any (BR 1Mbps), RF Channel: 76 (SP:  -71), Packet Type: Unknown",1
1146,165.530112,,,BT BR/EDR RF,22,0x0021c4f4,"Transport: Any (BR 1Mbps), RF Channel: 63 (SP:  -72), Packet Type: Unknown",1
1147,165.5626281,,,BT BR/EDR RF,22,0x0021c4f4,"Transport: Any (BR 1Mbps), RF Channel: 16 (SP:  -73), Packet Type: Unknown",1
1148,165.9277539,,,BT BR/EDR RF,22,0x0021c4f4,"Transport: Any (BR 1Mbps), RF Channel: 67 (SP:  -76), Packet Type: Unknown",1
1149,166.1295717,,,BT BR/EDR RF,22,0x0021c4f4,"Transport: Any (BR 1Mbps), RF Channel: 69 (SP:  -73), Packet Type: Unknown",1
1150,166.3293675,,,BT BR/EDR RF,22,0x0021c4f4,"Transport: Any (BR 1Mbps), RF Channel: 71 (SP:  -70), Packet Type: Unknown",1
1151,166.4413191,,,BT BR/EDR RF,22,0x0021c4f4,"Transport: Any (BR 1Mbps), RF Channel:  9 (SP:  -75), Packet Type: Unknown",1
1152,166.6415116,,,BT BR/EDR RF,22,0x0021c4f4,"Transport: Any (BR 1Mbps), RF Channel: 11 (SP:  -72), Packet Type: Unknown",1
1153,166.7221414,,,BT BR/EDR RF,22,0x0021c4f4,"Transport: Any (BR 1Mbps), RF Channel: 75 (SP:  -73), Packet Type: Unknown",1
1154,166.8087889,,,BT BR/EDR RF,22,0x0021c4f4,"Transport: Any (BR 1Mbps), RF Channel: 60 (SP:  -73), Packet Type: Unknown",1
1155,166.8325252,,,BT BR/EDR RF,22,0x0021c4f4,"Transport: Any (BR 1Mbps), RF Channel: 13 (SP:  -74), Packet Type: Unknown",1
1156,167.9207385,,,BT BR/EDR RF,22,0x0021c4f4,"Transport: Any (BR 1Mbps), RF Channel:  8 (SP:  -78), Packet Type: Unknown",1
1157,167.9833611,,,BT BR/EDR RF,22,0x0021c4f4,"Transport: Any (BR 1Mbps), RF Channel: 72 (SP:  -69), Packet Type: Unknown",1
1158,167.9837621,,,BT BR/EDR RF,22,0x0021c4f4,"Transport: Any (BR 1Mbps), RF Channel: 72 (SP:  -69), Packet Type: Unknown",1
1159,168.0820059,,,BT BR/EDR RF,22,0x0021c4f4,"Transport: Any (BR 1Mbps), RF Channel: 57 (SP:  -76), Packet Type: Unknown",1
1160,168.2874421,,,BT BR/EDR RF,22,0x0021c4f4,"Transport: Any (BR 1Mbps), RF Channel: 59 (SP:  -74), Packet Type: Unknown",1
1161,168.289443,,,BT BR/EDR RF,22,0x0021c4f4,"Transport: Any (BR 1Mbps), RF Channel: 59 (SP:  -73), Packet Type: Unknown",1
1162,168.3782085,,,BT BR/EDR RF,22,0x0021c4f4,"Transport: Any (BR 1Mbps), RF Channel: 76 (SP:  -72), Packet Type: Unknown",1
1163,168.4018153,,,BT BR/EDR RF,22,0x0021c4f4,"Transport: Any (BR 1Mbps), RF Channel: 76 (SP:  -69), Packet Type: Unknown",1
1164,168.5001729,,,BT BR/EDR RF,22,0x0021c4f4,"Transport: Any (BR 1Mbps), RF Channel: 14 (SP:  -74), Packet Type: Unknown",1
1165,168.6582397,,,BT BR/EDR RF,22,0x0021c4f4,"Transport: Any (BR 1Mbps), RF Channel: 63 (SP:  -65), Packet Type: Unknown",1
1166,168.682658,,,BT BR/EDR RF,22,0x0021c4f4,"Transport: Any (BR 1Mbps), RF Channel: 63 (SP:  -72), Packet Type: Unknown",1
1167,168.7874541,,,BT BR/EDR RF,22,0x0021c4f4,"Transport: Any (BR 1Mbps), RF Channel:  1 (SP:  -73), Packet Type: Unknown",1
1168,169.2006953,,,BT BR/EDR RF,22,0x0021c4f4,"Transport: Any (BR 1Mbps), RF Channel:  5 (SP:  -79), Packet Type: Unknown",1
1169,169.2014942,,,BT BR/EDR RF,22,0x0021c4f4,"Transport: Any (BR 1Mbps), RF Channel:  5 (SP:  -75), Packet Type: Unknown",1
1170,169.2050995,,,BT BR/EDR RF,22,0x0021c4f4,"Transport: Any (BR 1Mbps), RF Channel:  5 (SP:  -72), Packet Type: Unknown",1
1171,169.2893502,,,BT BR/EDR RF,22,0x0021c4f4,"Transport: Any (BR 1Mbps), RF Channel: 69 (SP:  -72), Packet Type: Unknown",1
1172,169.478343,,,BT BR/EDR RF,22,0x0021c4f4,"Transport: Any (BR 1Mbps), RF Channel: 71 (SP:  -71), Packet Type: Unknown",1
1173,169.8819759,,,BT BR/EDR RF,22,0x0021c4f4,"Transport: Any (BR 1Mbps), RF Channel: 75 (SP:  -72), Packet Type: Unknown",1
1174,169.952616,,,BT BR/EDR RF,22,0x0021c4f4,"Transport: Any (BR 1Mbps), RF Channel: 60 (SP:  -74), Packet Type: Unknown",1
1175,170.4813867,,,BT BR/EDR RF,22,0x0021c4f4,"Transport: Any (BR 1Mbps), RF Channel:  2 (SP:  -56), Packet Type: Unknown",1
1176,170.6820213,,,BT BR/EDR RF,22,0x0021c4f4,"Transport: Any (BR 1Mbps), RF Channel:  4 (SP:  -77), Packet Type: Unknown",1
1177,170.6824217,,,BT BR/EDR RF,22,0x0021c4f4,"Transport: Any (BR 1Mbps), RF Channel:  4 (SP:  -75), Packet Type: Unknown",1
1178,170.7358595,,,BT BR/EDR RF,22,0x0021c4f4,"Transport: Any (BR 1Mbps), RF Channel: 68 (SP:  -76), Packet Type: Unknown",1
1179,170.7362592,,,BT BR/EDR RF,22,0x0021c4f4,"Transport: Any (BR 1Mbps), RF Channel: 68 (SP:  -76), Packet Type: Unknown",1
1180,170.7574639,,,BT BR/EDR RF,22,0x0021c4f4,"Transport: Any (BR 1Mbps), RF Channel: 68 (SP:  -73), Packet Type: Unknown",1
1181,170.8007561,,,BT BR/EDR RF,22,0x0021c4f4,"Transport: Any (BR 1Mbps), RF Channel: 21 (SP:  -58), Packet Type: Unknown",1
1182,170.8011579,,,BT BR/EDR RF,22,0x0021c4f4,"Transport: Any (BR 1Mbps), RF Channel: 21 (SP:  -59), Packet Type: Unknown",1
1183,170.8420996,,,BT BR/EDR RF,22,0x0021c4f4,"Transport: Any (BR 1Mbps), RF Channel: 53 (SP:  -72), Packet Type: Unknown",1
1184,170.8424991,,,BT BR/EDR RF,22,0x0021c4f4,"Transport: Any (BR 1Mbps), RF Channel: 53 (SP:  -72), Packet Type: Unknown",1
1185,171.1506581,,,BT BR/EDR RF,22,0x0021c4f4,"Transport: Any (BR 1Mbps), RF Channel: 72 (SP:  -71), Packet Type: Unknown",1
1186,171.1658627,,,BT BR/EDR RF,22,0x0021c4f4,"Transport: Any (BR 1Mbps), RF Channel: 72 (SP:  -70), Packet Type: Unknown",1
1187,171.2493189,,,BT BR/EDR RF,22,0x0021c4f4,"Transport: Any (BR 1Mbps), RF Channel: 57 (SP:  -75), Packet Type: Unknown",1
1188,171.3680678,,,BT BR/EDR RF,22,0x0021c4f4,"Transport: Any (BR 1Mbps), RF Channel: 74 (SP:  -69), Packet Type: Unknown",1
1189,171.8427304,,,BT BR/EDR RF,22,0x0021c4f4,"Transport: Any (BR 1Mbps), RF Channel: 63 (SP:  -73), Packet Type: Unknown",1
1190,171.9013835,,,BT BR/EDR RF,22,0x0021c4f4,"Transport: Any (BR 1Mbps), RF Channel: 48 (SP:  -59), Packet Type: Unknown",1
1191,171.9249886,,,BT BR/EDR RF,22,0x0021c4f4,"Transport: Any (BR 1Mbps), RF Channel: 48 (SP:  -60), Packet Type: Unknown",1
1192,172.0807598,,,BT BR/EDR RF,22,0x0021c4f4,"Transport: Any (BR 1Mbps), RF Channel: 18 (SP:  -79), Packet Type: Unknown",1
1193,172.0811601,,,BT BR/EDR RF,22,0x0021c4f4,"Transport: Any (BR 1Mbps), RF Channel: 18 (SP:  -76), Packet Type: Unknown",1
1194,172.1510081,,,BT BR/EDR RF,22,0x0029cfc6,"Transport: Any (BR 1Mbps), RF Channel:  3 (SP:  -80), Packet Type: Unknown",1
1195,172.2963055,,,BT BR/EDR RF,22,0x0021c4f4,"Transport: Any (BR 1Mbps), RF Channel: 52 (SP:  -71), Packet Type: Unknown",1
1196,172.449454,,,BT BR/EDR RF,22,0x0021c4f4,"Transport: Any (BR 1Mbps), RF Channel: 69 (SP:  -74), Packet Type: Unknown",1
1197,172.6480216,,,BT BR/EDR RF,22,0x0021c4f4,"Transport: Any (BR 1Mbps), RF Channel: 71 (SP:  -72), Packet Type: Unknown",1
1198,172.6488211,,,BT BR/EDR RF,22,0x0021c4f4,"Transport: Any (BR 1Mbps), RF Channel: 71 (SP:  -71), Packet Type: Unknown",1
1199,172.7699646,,,BT BR/EDR RF,22,0x0021c4f4,"Transport: Any (BR 1Mbps), RF Channel:  9 (SP:  -75), Packet Type: Unknown",1
1200,172.9300461,,,BT BR/EDR RF,22,0x0021c4f4,"Transport: Any (BR 1Mbps), RF Channel: 58 (SP:  -72), Packet Type: Unknown",1
1201,173.0412421,,,BT BR/EDR RF,22,0x0021c4f4,"Transport: Any (BR 1Mbps), RF Channel: 75 (SP:  -71), Packet Type: Unknown",1
1202,173.1138705,,,BT BR/EDR RF,22,0x0021c4f4,"Transport: Any (BR 1Mbps), RF Channel: 60 (SP:  -57), Packet Type: Unknown",1
1203,173.2158315,,,BT BR/EDR RF,22,0x0021c4f4,"Transport: Any (BR 1Mbps), RF Channel: 77 (SP:  -73), Packet Type: Unknown",1
1204,173.2162306,,,BT BR/EDR RF,22,0x0021c4f4,"Transport: Any (BR 1Mbps), RF Channel: 77 (SP:  -73), Packet Type: Unknown",1
1205,173.3549679,,,BT BR/EDR RF,22,0x0021c4f4,"Transport: Any (BR 1Mbps), RF Channel: 15 (SP:  -72), Packet Type: Unknown",1
1206,173.6386722,,,BT BR/EDR RF,22,0x0021c4f4,"Transport: Any (BR 1Mbps), RF Channel:  2 (SP:  -53, NP:  -55), Packet Type: Unknown",1
1207,173.7402192,,,BT BR/EDR RF,22,0x0021c4f4,"Transport: Any (BR 1Mbps), RF Channel: 19 (SP:  -76), Packet Type: Unknown",1
1208,174.048239,,,BT BR/EDR RF,22,0x0021c4f4,"Transport: Any (BR 1Mbps), RF Channel:  6 (SP:  -76), Packet Type: Unknown",1
1209,174.048639,,,BT BR/EDR RF,22,0x0021c4f4,"Transport: Any (BR 1Mbps), RF Channel:  6 (SP:  -75), Packet Type: Unknown",1
1210,174.2087113,,,BT BR/EDR RF,22,0x0021c4f4,"Transport: Any (BR 1Mbps), RF Channel: 55 (SP:  -70), Packet Type: Unknown",1
1211,174.9181187,,,BT BR/EDR RF,22,0x0021c4f4,"Transport: Any (BR 1Mbps), RF Channel: 78 (SP:  -63), Packet Type: Unknown",1
1212,175.0882539,,,BT BR/EDR RF,22,0x0021c4f4,"Transport: Any (BR 1Mbps), RF Channel: 48 (SP:  -80), Packet Type: Unknown",1
1213,175.2825209,,,BT BR/EDR RF,22,0x0021c4f4,"Transport: Any (BR 1Mbps), RF Channel: 50 (SP:  -71), Packet Type: Unknown",1
1214,175.9839419,,,BT BR/EDR RF,22,0x0021c4f4,"Transport: Any (BR 1Mbps), RF Channel: 73 (SP:  -73), Packet Type: Unknown",1
1215,176.1981521,,,BT BR/EDR RF,22,0x0021c4f4,"Transport: Any (BR 1Mbps), RF Channel: 75 (SP:  -72), Packet Type: Unknown",1
1216,176.4055582,,,BT BR/EDR RF,22,0x0021c4f4,"Transport: Any (BR 1Mbps), RF Channel: 77 (SP:  -73), Packet Type: Unknown",1
1217,176.5099137,,,BT BR/EDR RF,22,0x0021c4f4,"Transport: Any (BR 1Mbps), RF Channel: 15 (SP:  -74), Packet Type: Unknown",1
1218,176.5287105,,,BT BR/EDR RF,22,0x0021c4f4,"Transport: Any (BR 1Mbps), RF Channel: 15 (SP:  -72), Packet Type: Unknown",1
1219,177.2818151,,,BT BR/EDR RF,22,0x0021c4f4,"Transport: Any (BR 1Mbps), RF Channel: 70 (SP:  -73), Packet Type: Unknown",1
1220,177.2826146,,,BT BR/EDR RF,22,0x0021c4f4,"Transport: Any (BR 1Mbps), RF Channel: 70 (SP:  -73), Packet Type: Unknown",1
1221,177.3688697,,,BT BR/EDR RF,22,0x0021c4f4,"Transport: Any (BR 1Mbps), RF Channel: 55 (SP:  -71), Packet Type: Unknown",1
1222,177.4780352,,,BT BR/EDR RF,22,0x0021c4f4,"Transport: Any (BR 1Mbps), RF Channel: 72 (SP:  -73), Packet Type: Unknown",1
1223,177.5374771,,,BT BR/EDR RF,22,0x0021c4f4,"Transport: Any (BR 1Mbps), RF Channel: 57 (SP:  -73), Packet Type: Unknown",1
1224,177.7620456,,,BT BR/EDR RF,22,0x0021c4f4,"Transport: Any (BR 1Mbps), RF Channel: 59 (SP:  -63), Packet Type: Unknown",1
1225,178.4023561,,,BT BR/EDR RF,22,0x0021c4f4,"Transport: Any (BR 1Mbps), RF Channel: 18 (SP:  -75), Packet Type: Unknown",1
1226,178.4814,,,BT BR/EDR RF,22,0x0021c4f4,"Transport: Any (BR 1Mbps), RF Channel:  3 (SP:  -46, NP:  -55), Packet Type: Unknown",1
1227,178.6093856,,,BT BR/EDR RF,22,0x0021c4f4,"Transport: Any (BR 1Mbps), RF Channel: 20 (SP:  -81), Packet Type: Unknown",1
1228,178.6101843,,,BT BR/EDR RF,22,0x0021c4f4,"Transport: Any (BR 1Mbps), RF Channel: 20 (SP:  -71), Packet Type: Unknown",1
1229,178.8417331,,,BT BR/EDR RF,22,0x0021c4f4,"Transport: Any (BR 1Mbps), RF Channel: 54 (SP:  -73), Packet Type: Unknown",1
1230,179.0901111,,,BT BR/EDR RF,22,0x0021c4f4,"Transport: Any (BR 1Mbps), RF Channel:  9 (SP:  -74), Packet Type: Unknown",1
1231,179.2413817,,,BT BR/EDR RF,22,0x0021c4f4,"Transport: Any (BR 1Mbps), RF Channel: 58 (SP:  -72), Packet Type: Unknown",1
1232,179.6293739,,,BT BR/EDR RF,22,0x0021c4f4,"Transport: Any (BR 1Mbps), RF Channel: 62 (SP:  -75), Packet Type: Unknown",1
1233,179.7605716,,,BT BR/EDR RF,22,0x0021c4f4,"Transport: Any (BR 1Mbps), RF Channel:  0 (SP:  -37, NP:  -55), Packet Type: Unknown",1
1234,179.9298815,,,BT BR/EDR RF,22,0x0021c4f4,"Transport: Any (BR 1Mbps), RF Channel: 49 (SP:  -74), Packet Type: Unknown",1
1235,179.9371985,,,BT BR/EDR RF,22,0x0029cfc6,"Transport: Any (BR 1Mbps), RF Channel:  2 (SP:  -76), Packet Type: Unknown",1
1236,179.9624072,,,BT BR/EDR RF,22,0x0021c4f4,"Transport: Any (BR 1Mbps), RF Channel:  2 (SP:  -73), Packet Type: Unknown",1
1237,180.0450376,,,BT BR/EDR RF,22,0x0021c4f4,"Transport: Any (BR 1Mbps), RF Channel: 66 (SP:  -72), Packet Type: Unknown",1
1238,180.0887452,,,BT BR/EDR RF,22,0x0021c4f4,"Transport: Any (BR 1Mbps), RF Channel: 19 (SP:  -77), Packet Type: Unknown",1
1239,180.2396288,,,BT BR/EDR RF,22,0x0029cfc6,"Transport: Any (BR 1Mbps), RF Channel: 68 (SP:  -72), Packet Type: Unknown",1
1240,180.3820931,,,BT BR/EDR RF,22,0x00e016b7,"Transport: Any (BR 1Mbps), RF Channel: 38 (SP:  -72), Packet Type: Unknown",1
1241,180.4393905,,,BT BR/EDR RF,22,0x0021c4f4,"Transport: Any (BR 1Mbps), RF Channel: 70 (SP:  -79), Packet Type: Unknown",1
1242,180.5349671,,,BT BR/EDR RF,22,0x0021c4f4,"Transport: Any (BR 1Mbps), RF Channel:  8 (SP:  -74), Packet Type: Unknown",1
1243,180.6500054,,,BT BR/EDR RF,22,0x0021c4f4,"Transport: Any (BR 1Mbps), RF Channel: 72 (SP:  -73), Packet Type: Unknown",1
1244,180.8418402,,,BT BR/EDR RF,22,0x0021c4f4,"Transport: Any (BR 1Mbps), RF Channel: 74 (SP:  -73), Packet Type: Unknown",1
1245,180.842641,,,BT BR/EDR RF,22,0x0021c4f4,"Transport: Any (BR 1Mbps), RF Channel: 74 (SP:  -73), Packet Type: Unknown",1
1246,180.8442422,,,BT BR/EDR RF,22,0x0021c4f4,"Transport: Any (BR 1Mbps), RF Channel: 74 (SP:  -73), Packet Type: Unknown",1
1247,180.845045,,,BT BR/EDR RF,22,0x0021c4f4,"Transport: Any (BR 1Mbps), RF Channel: 74 (SP:  -73), Packet Type: Unknown",1
1248,181.2306401,,,BT BR/EDR RF,22,0x0021c4f4,"Transport: Any (BR 1Mbps), RF Channel: 78 (SP:  -73), Packet Type: Unknown",1
1249,181.6081975,,,BT BR/EDR RF,22,0x0021c4f4,"Transport: Any (BR 1Mbps), RF Channel: 50 (SP:  -75), Packet Type: Unknown",1
1250,182.0013869,,,BT BR/EDR RF,22,0x0021c4f4,"Transport: Any (BR 1Mbps), RF Channel: 54 (SP:  -72), Packet Type: Unknown",1
1251,182.2481371,,,BT BR/EDR RF,22,0x0021c4f4,"Transport: Any (BR 1Mbps), RF Channel:  9 (SP:  -79), Packet Type: Unknown",1
1252,182.3211948,,,BT BR/EDR RF,22,0x0021c4f4,"Transport: Any (BR 1Mbps), RF Channel: 73 (SP:  -73), Packet Type: Unknown",1
1253,182.5294209,,,BT BR/EDR RF,22,0x0021c4f4,"Transport: Any (BR 1Mbps), RF Channel: 75 (SP:  -69), Packet Type: Unknown",1
1254,182.8074265,,,BT BR/EDR RF,22,0x0021c4f4,"Transport: Any (BR 1Mbps), RF Channel: 62 (SP:  -74), Packet Type: Unknown",1
1255,183.0485763,,,BT BR/EDR RF,22,0x0021c4f4,"Transport: Any (BR 1Mbps), RF Channel: 17 (SP:  -74), Packet Type: Unknown",1
1256,183.0806989,,,BT BR/EDR RF,22,0x0021c4f4,"Transport: Any (BR 1Mbps), RF Channel: 49 (SP:  -75), Packet Type: Unknown",1
1257,183.0810989,,,BT BR/EDR RF,22,0x0021c4f4,"Transport: Any (BR 1Mbps), RF Channel: 49 (SP:  -72), Packet Type: Unknown",1
1258,183.2026569,,,BT BR/EDR RF,22,0x0021c4f4,"Transport: Any (BR 1Mbps), RF Channel: 66 (SP:  -76), Packet Type: Unknown",1
1259,183.2813192,,,BT BR/EDR RF,22,0x0021c4f4,"Transport: Any (BR 1Mbps), RF Channel: 51 (SP:  -71), Packet Type: Unknown",1
1260,183.4092763,,,BT BR/EDR RF,22,0x0021c4f4,"Transport: Any (BR 1Mbps), RF Channel: 68 (SP:  -78), Packet Type: Unknown",1
1261,183.6709166,,,BT BR/EDR RF,22,0x0029cfc6,"Transport: Any (BR 1Mbps), RF Channel: 55 (SP:  -73), Packet Type: Unknown",1
1262,183.881934,,,BT BR/EDR RF,22,0x0021c4f4,"Transport: Any (BR 1Mbps), RF Channel: 57 (SP:  -73), Packet Type: Unknown",1
1263,184.200466,,,BT BR/EDR RF,22,0x0021c4f4,"Transport: Any (BR 1Mbps), RF Channel: 76 (SP:  -70), Packet Type: Unknown",1
1264,184.4901241,,,BT BR/EDR RF,22,0x0021c4f4,"Transport: Any (BR 1Mbps), RF Channel: 63 (SP:  -74), Packet Type: Unknown",1
1265,184.5218748,,,BT BR/EDR RF,22,0x0021c4f4,"Transport: Any (BR 1Mbps), RF Channel: 16 (SP:  -45, NP:  -55), Packet Type: Unknown",1
1266,184.7382334,,,BT BR/EDR RF,22,0x0021c4f4,"Transport: Any (BR 1Mbps), RF Channel: 50 (SP:  -72), Packet Type: Unknown",1
1267,184.768237,,,BT BR/EDR RF,22,0x0021c4f4,"Transport: Any (BR 1Mbps), RF Channel: 50 (SP:  -73), Packet Type: Unknown",1
1268,184.7686374,,,BT BR/EDR RF,22,0x0021c4f4,"Transport: Any (BR 1Mbps), RF Channel: 50 (SP:  -72), Packet Type: Unknown",1
1269,185.0880009,,,BT BR/EDR RF,22,0x0021c4f4,"Transport: Any (BR 1Mbps), RF Channel: 69 (SP:  -77), Packet Type: Unknown",1
1270,185.0888,,,BT BR/EDR RF,22,0x0021c4f4,"Transport: Any (BR 1Mbps), RF Channel: 69 (SP:  -77), Packet Type: Unknown",1
1271,185.1706871,,,BT BR/EDR RF,22,0x0021c4f4,"Transport: Any (BR 1Mbps), RF Channel: 54 (SP:  -73), Packet Type: Unknown",1
1272,185.2842259,,,BT BR/EDR RF,22,0x0021c4f4,"Transport: Any (BR 1Mbps), RF Channel: 71 (SP:  -72), Packet Type: Unknown",1
1273,185.4892235,,,BT BR/EDR RF,22,0x0021c4f4,"Transport: Any (BR 1Mbps), RF Channel: 73 (SP:  -71), Packet Type: Unknown",1
1274,185.6794509,,,BT BR/EDR RF,22,0x0021c4f4,"Transport: Any (BR 1Mbps), RF Channel: 75 (SP:  -72), Packet Type: Unknown",1
1275,185.802641,,,BT BR/EDR RF,22,0x0021c4f4,"Transport: Any (BR 1Mbps), RF Channel: 13 (SP:  -74), Packet Type: Unknown",1
1276,185.9679337,,,BT BR/EDR RF,22,0x0021c4f4,"Transport: Any (BR 1Mbps), RF Channel: 62 (SP:  -77), Packet Type: Unknown",1
1277,186.0100518,,,BT BR/EDR RF,22,0x0021c4f4,"Transport: Any (BR 1Mbps), RF Channel: 15 (SP:  -74), Packet Type: Unknown",1
1278,186.4418515,,,BT BR/EDR RF,22,0x0021c4f4,"Transport: Any (BR 1Mbps), RF Channel: 51 (SP:  -69), Packet Type: Unknown",1
1279,186.5863351,,,BT BR/EDR RF,22,0x0021c4f4,"Transport: Any (BR 1Mbps), RF Channel: 21 (SP:  -75), Packet Type: Unknown",1
1280,186.7680471,,,BT BR/EDR RF,22,0x0021c4f4,"Transport: Any (BR 1Mbps), RF Channel: 70 (SP:  -73), Packet Type: Unknown",1
1281,186.840699,,,BT BR/EDR RF,22,0x0021c4f4,"Transport: Any (BR 1Mbps), RF Channel: 55 (SP:  -72), Packet Type: Unknown",1
1282,186.8410974,,,BT BR/EDR RF,22,0x0021c4f4,"Transport: Any (BR 1Mbps), RF Channel: 55 (SP:  -72), Packet Type: Unknown",1
1283,187.6355596,,,BT BR/EDR RF,22,0x0021c4f4,"Transport: Any (BR 1Mbps), RF Channel: 63 (SP:  -79), Packet Type: Unknown",1
1284,187.9698297,,,BT BR/EDR RF,22,0x0021c4f4,"Transport: Any (BR 1Mbps), RF Channel:  3 (SP:  -73), Packet Type: Unknown",1
1285,188.1424603,,,BT BR/EDR RF,22,0x0021c4f4,"Transport: Any (BR 1Mbps), RF Channel:  5 (SP:  -47, NP:  -55), Packet Type: Unknown",1
1286,188.1580622,,,BT BR/EDR RF,22,0x0021c4f4,"Transport: Any (BR 1Mbps), RF Channel:  5 (SP:  -79), Packet Type: Unknown",1
1287,188.3285713,,,BT BR/EDR RF,22,0x0021c4f4,"Transport: Any (BR 1Mbps), RF Channel: 54 (SP:  -72), Packet Type: Unknown",1
1288,188.4493197,,,BT BR/EDR RF,22,0x0021c4f4,"Transport: Any (BR 1Mbps), RF Channel: 71 (SP:  -73), Packet Type: Unknown",1
1289,188.7698202,,,BT BR/EDR RF,22,0x0021c4f4,"Transport: Any (BR 1Mbps), RF Channel: 11 (SP:  -75), Packet Type: Unknown",1
1290,188.9294851,,,BT BR/EDR RF,22,0x0021c4f4,"Transport: Any (BR 1Mbps), RF Channel: 60 (SP:  -73), Packet Type: Unknown",1
1291,188.9624126,,,BT BR/EDR RF,22,0x0021c4f4,"Transport: Any (BR 1Mbps), RF Channel: 13 (SP:  -74), Packet Type: Unknown",1
1292,189.1586479,,,BT BR/EDR RF,22,0x0021c4f4,"Transport: Any (BR 1Mbps), RF Channel: 15 (SP:  -73), Packet Type: Unknown",1
1293,189.5586254,,,BT BR/EDR RF,22,0x0021c4f4,"Transport: Any (BR 1Mbps), RF Channel: 19 (SP:  -75), Packet Type: Unknown",1
1294,189.5779389,,,BT BR/EDR RF,22,0x0021c4f4,"Transport: Any (BR 1Mbps), RF Channel: 51 (SP:  -72), Packet Type: Unknown",1
1295,189.6011481,,,BT BR/EDR RF,22,0x0021c4f4,"Transport: Any (BR 1Mbps), RF Channel: 51 (SP:  -72), Packet Type: Unknown",1
1296,189.6099472,,,BT BR/EDR RF,22,0x0021c4f4,"Transport: Any (BR 1Mbps), RF Channel: 51 (SP:  -72), Packet Type: Unknown",1
1297,189.7143035,,,BT BR/EDR RF,22,0x0021c4f4,"Transport: Any (BR 1Mbps), RF Channel: 68 (SP:  -77), Packet Type: Unknown",1
1298,189.770016,,,BT BR/EDR RF,22,0x0021c4f4,"Transport: Any (BR 1Mbps), RF Channel: 21 (SP:  -80), Packet Type: Unknown",1
1299,189.9205031,,,BT BR/EDR RF,22,0x0021c4f4,"Transport: Any (BR 1Mbps), RF Channel: 70 (SP:  -77), Packet Type: Unknown",1
1300,190.0385381,,,BT BR/EDR RF,22,0x0021c4f4,"Transport: Any (BR 1Mbps), RF Channel:  8 (SP:  -72), Packet Type: Unknown",1
1301,190.1982203,,,BT BR/EDR RF,22,0x0021c4f4,"Transport: Any (BR 1Mbps), RF Channel: 57 (SP:  -72), Packet Type: Unknown",1
1302,190.1986196,,,BT BR/EDR RF,22,0x0021c4f4,"Transport: Any (BR 1Mbps), RF Channel: 57 (SP:  -72), Packet Type: Unknown",1
1303,190.3282061,,,BT BR/EDR RF,22,0x0021c4f4,"Transport: Any (BR 1Mbps), RF Channel: 74 (SP:  -69), Packet Type: Unknown",1
1304,190.3736579,,,BT BR/EDR RF,22,0x0021c4f4,"Transport: Any (BR 1Mbps), RF Channel: 59 (SP:  -64), Packet Type: Unknown",1
1305,190.4112765,,,BT BR/EDR RF,22,0x0021c4f4,"Transport: Any (BR 1Mbps), RF Channel: 59 (SP:  -73), Packet Type: Unknown",1
1306,190.4385918,,,BT BR/EDR RF,22,0x0021c4f4,"Transport: Any (BR 1Mbps), RF Channel: 12 (SP:  -73), Packet Type: Unknown",1
1307,190.7205707,,,BT BR/EDR RF,22,0x0021c4f4,"Transport: Any (BR 1Mbps), RF Channel: 78 (SP:  -75), Packet Type: Unknown",1
1308,191.0781244,,,BT BR/EDR RF,22,0x0021c4f4,"Transport: Any (BR 1Mbps), RF Channel: 50 (SP:  -72), Packet Type: Unknown",1
1309,191.407957,,,BT BR/EDR RF,22,0x0021c4f4,"Transport: Any (BR 1Mbps), RF Channel: 69 (SP:  -76), Packet Type: Unknown",1
1310,191.4087586,,,BT BR/EDR RF,22,0x0021c4f4,"Transport: Any (BR 1Mbps), RF Channel: 69 (SP:  -75), Packet Type: Unknown",1
1311,191.6005533,,,BT BR/EDR RF,22,0x0021c4f4,"Transport: Any (BR 1Mbps), RF Channel: 71 (SP:  -72), Packet Type: Unknown",1
1312,191.6703955,,,BT BR/EDR RF,22,0x0021c4f4,"Transport: Any (BR 1Mbps), RF Channel: 56 (SP:  -77), Packet Type: Unknown",1
1313,191.7173136,,,BT BR/EDR RF,22,0x0029cfc6,"Transport: Any (BR 1Mbps), RF Channel:  9 (SP:  -72), Packet Type: Unknown",1
1314,191.921118,,,BT BR/EDR RF,22,0x0021c4f4,"Transport: Any (BR 1Mbps), RF Channel: 11 (SP:  -73), Packet Type: Unknown",1
1315,192.008166,,,BT BR/EDR RF,22,0x0021c4f4,"Transport: Any (BR 1Mbps), RF Channel: 75 (SP:  -71), Packet Type: Unknown",1
1316,192.473661,,,BT BR/EDR RF,22,0x0021c4f4,"Transport: Any (BR 1Mbps), RF Channel: 64 (SP:  -74), Packet Type: Unknown",1
1317,192.4824541,,,BT BR/EDR RF,22,0x0021c4f4,"Transport: Any (BR 1Mbps), RF Channel: 64 (SP:  -60), Packet Type: Unknown",1
1318,192.582399,,,BT BR/EDR RF,22,0x0021c4f4,"Transport: Any (BR 1Mbps), RF Channel:  2 (SP:  -72), Packet Type: Unknown",1
1319,192.9297897,,,BT BR/EDR RF,22,0x0021c4f4,"Transport: Any (BR 1Mbps), RF Channel: 21 (SP:  -79), Packet Type: Unknown",1
1320,193.2880191,,,BT BR/EDR RF,22,0x0021c4f4,"Transport: Any (BR 1Mbps), RF Channel: 72 (SP:  -75), Packet Type: Unknown",1
1321,193.2888188,,,BT BR/EDR RF,22,0x0021c4f4,"Transport: Any (BR 1Mbps), RF Channel: 72 (SP:  -75), Packet Type: Unknown",1
1322,193.3811873,,,BT BR/EDR RF,22,0x0021c4f4,"Transport: Any (BR 1Mbps), RF Channel: 10 (SP:  -74), Packet Type: Unknown",1
1323,193.56928,,,BT BR/EDR RF,22,0x0021c4f4,"Transport: Any (BR 1Mbps), RF Channel: 59 (SP:  -75), Packet Type: Unknown",1
1324,193.5700789,,,BT BR/EDR RF,22,0x0021c4f4,"Transport: Any (BR 1Mbps), RF Channel: 59 (SP:  -72), Packet Type: Unknown",1
1325,193.593403,,,BT BR/EDR RF,22,0x0029cfc6,"Transport: Any (BR 1Mbps), RF Channel: 12 (SP:  -74), Packet Type: Unknown",1
1326,193.7686376,,,BT BR/EDR RF,22,0x0021c4f4,"Transport: Any (BR 1Mbps), RF Channel: 61 (SP:  -73), Packet Type: Unknown",1
1327,194.0061959,,,BT BR/EDR RF,22,0x0021c4f4,"Transport: Any (BR 1Mbps), RF Channel: 16 (SP:  -72), Packet Type: Unknown",1
1328,194.0499537,,,BT BR/EDR RF,22,0x0021c4f4,"Transport: Any (BR 1Mbps), RF Channel: 48 (SP:  -71), Packet Type: Unknown",1
1329,194.2779442,,,BT BR/EDR RF,22,0x0021c4f4,"Transport: Any (BR 1Mbps), RF Channel:  3 (SP:  -81), Packet Type: Unknown",1
1330,194.2787428,,,BT BR/EDR RF,22,0x0021c4f4,"Transport: Any (BR 1Mbps), RF Channel:  3 (SP:  -72), Packet Type: Unknown",1
1331,194.3681756,,,BT BR/EDR RF,22,0x0021c4f4,"Transport: Any (BR 1Mbps), RF Channel: 67 (SP:  -80), Packet Type: Unknown",1
1332,194.569978,,,BT BR/EDR RF,22,0x0021c4f4,"Transport: Any (BR 1Mbps), RF Channel: 69 (SP:  -63), Packet Type: Unknown",1
1333,194.9456717,,,BT BR/EDR RF,22,0x0021c4f4,"Transport: Any (BR 1Mbps), RF Channel: 73 (SP:  -70), Packet Type: Unknown",1
1334,194.9604727,,,BT BR/EDR RF,22,0x0021c4f4,"Transport: Any (BR 1Mbps), RF Channel: 73 (SP:  -70), Packet Type: Unknown",1
1335,195.0498907,,,BT BR/EDR RF,22,0x0021c4f4,"Transport: Any (BR 1Mbps), RF Channel: 58 (SP:  -73), Packet Type: Unknown",1
1336,195.2185203,,,BT BR/EDR RF,22,0x0021c4f4,"Transport: Any (BR 1Mbps), RF Channel: 60 (SP:  -74), Packet Type: Unknown",1
1337,195.3616721,,,BT BR/EDR RF,22,0x0021c4f4,"Transport: Any (BR 1Mbps), RF Channel: 77 (SP:  -73), Packet Type: Unknown",1
1338,195.4788263,,,BT BR/EDR RF,22,0x0021c4f4,"Transport: Any (BR 1Mbps), RF Channel: 15 (SP:  -50, NP:  -55), Packet Type: Unknown",1
1339,195.8499581,,,BT BR/EDR RF,22,0x0021c4f4,"Transport: Any (BR 1Mbps), RF Channel: 66 (SP:  -74), Packet Type: Unknown",1
1340,196.1180086,,,BT BR/EDR RF,22,0x0021c4f4,"Transport: Any (BR 1Mbps), RF Channel: 53 (SP:  -73), Packet Type: Unknown",1
1341,196.1188101,,,BT BR/EDR RF,22,0x0021c4f4,"Transport: Any (BR 1Mbps), RF Channel: 53 (SP:  -72), Packet Type: Unknown",1
1342,196.3294399,,,BT BR/EDR RF,22,0x0021c4f4,"Transport: Any (BR 1Mbps), RF Channel: 55 (SP:  -77), Packet Type: Unknown",1
1343,196.9256589,,,BT BR/EDR RF,22,0x0021c4f4,"Transport: Any (BR 1Mbps), RF Channel: 61 (SP:  -75), Packet Type: Unknown",1
1344,196.9260603,,,BT BR/EDR RF,22,0x0021c4f4,"Transport: Any (BR 1Mbps), RF Channel: 61 (SP:  -73), Packet Type: Unknown",1
1345,197.2085242,,,BT BR/EDR RF,22,0x0021c4f4,"Transport: Any (BR 1Mbps), RF Channel: 48 (SP:  -72), Packet Type: Unknown",1
1346,197.2410672,,,BT BR/EDR RF,22,0x0021c4f4,"Transport: Any (BR 1Mbps), RF Channel:  1 (SP:  -53, NP:  -55), Packet Type: Unknown",1
1347,197.4011682,,,BT BR/EDR RF,22,0x0021c4f4,"Transport: Any (BR 1Mbps), RF Channel: 50 (SP:  -72), Packet Type: Unknown",1
1348,197.4384966,,,BT BR/EDR RF,22,0x0021c4f4,"Transport: Any (BR 1Mbps), RF Channel:  3 (SP:  -73), Packet Type: Unknown",1
1349,197.5279419,,,BT BR/EDR RF,22,0x0021c4f4,"Transport: Any (BR 1Mbps), RF Channel: 67 (SP:  -63), Packet Type: Unknown",1
1350,197.5287407,,,BT BR/EDR RF,22,0x0021c4f4,"Transport: Any (BR 1Mbps), RF Channel: 67 (SP:  -63), Packet Type: Unknown",1
1351,197.5612753,,,BT BR/EDR RF,22,0x0021c4f4,"Transport: Any (BR 1Mbps), RF Channel: 20 (SP:  -76), Packet Type: Unknown",1
1352,197.641916,,,BT BR/EDR RF,22,0x0021c4f4,"Transport: Any (BR 1Mbps), RF Channel:  5 (SP:  -81), Packet Type: Unknown",1
1353,197.642316,,,BT BR/EDR RF,22,0x0021c4f4,"Transport: Any (BR 1Mbps), RF Channel:  5 (SP:  -72), Packet Type: Unknown",1
1354,197.8092162,,,BT BR/EDR RF,22,0x0021c4f4,"Transport: Any (BR 1Mbps), RF Channel: 54 (SP:  -72), Packet Type: Unknown",1
1355,197.8100158,,,BT BR/EDR RF,22,0x0021c4f4,"Transport: Any (BR 1Mbps), RF Channel: 54 (SP:  -72), Packet Type: Unknown",1
1356,197.8285355,,,BT BR/EDR RF,22,0x0021c4f4,"Transport: Any (BR 1Mbps), RF Channel:  7 (SP:  -74), Packet Type: Unknown",1
1357,197.8481272,,,BT BR/EDR RF,22,0x0021c4f4,"Transport: Any (BR 1Mbps), RF Channel:  7 (SP:  -81), Packet Type: Unknown",1
1358,198.1093855,,,BT BR/EDR RF,22,0x0021c4f4,"Transport: Any (BR 1Mbps), RF Channel: 73 (SP:  -70), Packet Type: Unknown",1
1359,199.0891566,,,BT BR/EDR RF,22,0x0021c4f4,"Transport: Any (BR 1Mbps), RF Channel: 51 (SP:  -73), Packet Type: Unknown",1
1360,199.1208751,,,BT BR/EDR RF,22,0x0029cfc6,"Transport: Any (BR 1Mbps), RF Channel:  4 (SP:  -73), Packet Type: Unknown",1
1361,199.2585552,,,BT BR/EDR RF,22,0x0021c4f4,"Transport: Any (BR 1Mbps), RF Channel: 53 (SP:  -56), Packet Type: Unknown",1
1362,199.3981007,,,BT BR/EDR RF,22,0x0021c4f4,"Transport: Any (BR 1Mbps), RF Channel: 70 (SP:  -72), Packet Type: Unknown",1
1363,199.6079425,,,BT BR/EDR RF,22,0x0021c4f4,"Transport: Any (BR 1Mbps), RF Channel: 72 (SP:  -72), Packet Type: Unknown",1
1364,199.7929789,,,BT BR/EDR RF,22,0x0021c4f4,"Transport: Any (BR 1Mbps), RF Channel: 74 (SP:  -71), Packet Type: Unknown",1
1365,200.0578363,,,BT BR/EDR RF,22,0x0021c4f4,"Transport: Any (BR 1Mbps), RF Channel: 61 (SP:  -74), Packet Type: Unknown",1
1366,200.0586386,,,BT BR/EDR RF,22,0x0021c4f4,"Transport: Any (BR 1Mbps), RF Channel: 61 (SP:  -72), Packet Type: Unknown",1
1367,200.0898451,,,BT BR/EDR RF,22,0x0021c4f4,"Transport: Any (BR 1Mbps), RF Channel: 61 (SP:  -74), Packet Type: Unknown",1
1368,200.3085457,,,BT BR/EDR RF,22,0x0021c4f4,"Transport: Any (BR 1Mbps), RF Channel: 16 (SP:  -73), Packet Type: Unknown",1
1369,200.3679291,,,BT BR/EDR RF,22,0x0021c4f4,"Transport: Any (BR 1Mbps), RF Channel: 48 (SP:  -60), Packet Type: Unknown",1
1370,200.3687281,,,BT BR/EDR RF,22,0x0021c4f4,"Transport: Any (BR 1Mbps), RF Channel: 48 (SP:  -60), Packet Type: Unknown",1
1371,200.482296,,,BT BR/EDR RF,22,0x0021c4f4,"Transport: Any (BR 1Mbps), RF Channel: 65 (SP:  -50, NP:  -55), Packet Type: Unknown",1
1372,200.5681334,,,BT BR/EDR RF,22,0x0021c4f4,"Transport: Any (BR 1Mbps), RF Channel: 50 (SP:  -69), Packet Type: Unknown",1
1373,200.5978457,,,BT BR/EDR RF,22,0x0021c4f4,"Transport: Any (BR 1Mbps), RF Channel:  3 (SP:  -45, NP:  -55), Packet Type: Unknown",1
1374,200.5986473,,,BT BR/EDR RF,22,0x0021c4f4,"Transport: Any (BR 1Mbps), RF Channel:  3 (SP:  -45, NP:  -55), Packet Type: Unknown",1
1375,201.3517696,,,BT BR/EDR RF,22,0x0021c4f4,"Transport: Any (BR 1Mbps), RF Channel: 58 (SP:  -73), Packet Type: Unknown",1
1376,201.5579337,,,BT BR/EDR RF,22,0x0021c4f4,"Transport: Any (BR 1Mbps), RF Channel: 60 (SP:  -75), Packet Type: Unknown",1
1377,202.002483,,,BT BR/EDR RF,22,0x0021c4f4,"Transport: Any (BR 1Mbps), RF Channel: 17 (SP:  -74), Packet Type: Unknown",1
1378,202.0497983,,,BT BR/EDR RF,22,0x0021c4f4,"Transport: Any (BR 1Mbps), RF Channel: 49 (SP:  -72), Packet Type: Unknown",1
1379,202.1373613,,,BT BR/EDR RF,22,0x0021c4f4,"Transport: Any (BR 1Mbps), RF Channel: 66 (SP:  -76), Packet Type: Unknown",1
1380,202.2480078,,,BT BR/EDR RF,22,0x0021c4f4,"Transport: Any (BR 1Mbps), RF Channel: 51 (SP:  -74), Packet Type: Unknown",1
1381,202.3691747,,,BT BR/EDR RF,22,0x0021c4f4,"Transport: Any (BR 1Mbps), RF Channel: 68 (SP:  -81), Packet Type: Unknown",1
1382,202.3985025,,,BT BR/EDR RF,22,0x0021c4f4,"Transport: Any (BR 1Mbps), RF Channel: 21 (SP:  -75), Packet Type: Unknown",1
1383,202.6898142,,,BT BR/EDR RF,22,0x0021c4f4,"Transport: Any (BR 1Mbps), RF Channel:  8 (SP:  -73), Packet Type: Unknown",1
1384,203.3686735,,,BT BR/EDR RF,22,0x0021c4f4,"Transport: Any (BR 1Mbps), RF Channel: 78 (SP:  -73), Packet Type: Unknown",1
1385,203.4405165,,,BT BR/EDR RF,22,0x0021c4f4,"Transport: Any (BR 1Mbps), RF Channel: 63 (SP:  -79), Packet Type: Unknown",1
1386,203.679705,,,BT BR/EDR RF,22,0x0029cfc6,"Transport: Any (BR 1Mbps), RF Channel: 18 (SP:  -79), Packet Type: Unknown",1
1387,203.889944,,,BT BR/EDR RF,22,0x0021c4f4,"Transport: Any (BR 1Mbps), RF Channel: 20 (SP:  -75), Packet Type: Unknown",1
1388,203.9180481,,,BT BR/EDR RF,22,0x0021c4f4,"Transport: Any (BR 1Mbps), RF Channel: 52 (SP:  -73), Packet Type: Unknown",1
1389,203.9184469,,,BT BR/EDR RF,22,0x0021c4f4,"Transport: Any (BR 1Mbps), RF Channel: 52 (SP:  -72), Packet Type: Unknown",1
1390,204.1030555,,,BT BR/EDR RF,22,0x0021c4f4,"Transport: Any (BR 1Mbps), RF Channel: 54 (SP:  -73), Packet Type: Unknown",1
1391,204.1034555,,,BT BR/EDR RF,22,0x0021c4f4,"Transport: Any (BR 1Mbps), RF Channel: 54 (SP:  -71), Packet Type: Unknown",1
1392,204.1266655,,,BT BR/EDR RF,22,0x0021c4f4,"Transport: Any (BR 1Mbps), RF Channel: 54 (SP:  -72), Packet Type: Unknown",1
1393,204.1274644,,,BT BR/EDR RF,22,0x0021c4f4,"Transport: Any (BR 1Mbps), RF Channel: 54 (SP:  -72), Packet Type: Unknown",1
1394,204.5279018,,,BT BR/EDR RF,22,0x0021c4f4,"Transport: Any (BR 1Mbps), RF Channel: 58 (SP:  -75), Packet Type: Unknown",1
1395,204.762256,,,BT BR/EDR RF,22,0x0021c4f4,"Transport: Any (BR 1Mbps), RF Channel: 13 (SP:  -73), Packet Type: Unknown",1
1396,204.9222993,,,BT BR/EDR RF,22,0x0021c4f4,"Transport: Any (BR 1Mbps), RF Channel: 62 (SP:  -72), Packet Type: Unknown",1
1397,205.1185301,,,BT BR/EDR RF,22,0x0021c4f4,"Transport: Any (BR 1Mbps), RF Channel: 64 (SP:  -72), Packet Type: Unknown",1
1398,205.1686662,,,BT BR/EDR RF,22,0x0021c4f4,"Transport: Any (BR 1Mbps), RF Channel: 17 (SP:  -74), Packet Type: Unknown",1
1399,205.3299832,,,BT BR/EDR RF,22,0x0021c4f4,"Transport: Any (BR 1Mbps), RF Channel: 66 (SP:  -76), Packet Type: Unknown",1
1400,205.4199688,,,BT BR/EDR RF,22,0x0021c4f4,"Transport: Any (BR 1Mbps), RF Channel:  4 (SP:  -74), Packet Type: Unknown",1
1401,205.5623442,,,BT BR/EDR RF,22,0x0021c4f4,"Transport: Any (BR 1Mbps), RF Channel: 21 (SP:  -77), Packet Type: Unknown",1
1402,205.8022241,,,BT BR/EDR RF,22,0x0021c4f4,"Transport: Any (BR 1Mbps), RF Channel: 55 (SP:  -70), Packet Type: Unknown",1
1403,206.207826,,,BT BR/EDR RF,22,0x0021c4f4,"Transport: Any (BR 1Mbps), RF Channel: 59 (SP:  -75), Packet Type: Unknown",1
1404,206.208626,,,BT BR/EDR RF,22,0x0021c4f4,"Transport: Any (BR 1Mbps), RF Channel: 59 (SP:  -73), Packet Type: Unknown",1
1405,206.4437532,,,BT BR/EDR RF,22,0x0021c4f4,"Transport: Any (BR 1Mbps), RF Channel: 14 (SP:  -71), Packet Type: Unknown",1
1406,206.5279909,,,BT BR/EDR RF,22,0x0021c4f4,"Transport: Any (BR 1Mbps), RF Channel: 78 (SP:  -70), Packet Type: Unknown",1
1407,206.5998321,,,BT BR/EDR RF,22,0x0021c4f4,"Transport: Any (BR 1Mbps), RF Channel: 63 (SP:  -57), Packet Type: Unknown",1
1408,206.6884946,,,BT BR/EDR RF,22,0x0021c4f4,"Transport: Any (BR 1Mbps), RF Channel: 48 (SP:  -72), Packet Type: Unknown",1
1409,206.834585,,,BT BR/EDR RF,22,0x0029cfc6,"Transport: Any (BR 1Mbps), RF Channel: 18 (SP:  -77), Packet Type: Unknown",1
1410,206.9890799,,,BT BR/EDR RF,22,0x0021c4f4,"Transport: Any (BR 1Mbps), RF Channel: 67 (SP:  -76), Packet Type: Unknown",1
1411,207.0781207,,,BT BR/EDR RF,22,0x0021c4f4,"Transport: Any (BR 1Mbps), RF Channel: 52 (SP:  -74), Packet Type: Unknown",1
1412,207.0785197,,,BT BR/EDR RF,22,0x0021c4f4,"Transport: Any (BR 1Mbps), RF Channel: 52 (SP:  -70), Packet Type: Unknown",1
1413,207.1298499,,,BT BR/EDR RF,22,0x0021c4f4,"Transport: Any (BR 1Mbps), RF Channel:  5 (SP:  -73), Packet Type: Unknown",1
1414,207.2005036,,,BT BR/EDR RF,22,0x0021c4f4,"Transport: Any (BR 1Mbps), RF Channel: 69 (SP:  -73), Packet Type: Unknown",1
1415,207.5286869,,,BT BR/EDR RF,22,0x0021c4f4,"Transport: Any (BR 1Mbps), RF Channel:  9 (SP:  -73), Packet Type: Unknown",1
1416,207.718495,,,BT BR/EDR RF,22,0x0021c4f4,"Transport: Any (BR 1Mbps), RF Channel: 11 (SP:  -75), Packet Type: Unknown",1
1417,207.7991364,,,BT BR/EDR RF,22,0x0021c4f4,"Transport: Any (BR 1Mbps), RF Channel: 75 (SP:  -70), Packet Type: Unknown",1
1418,208.0005606,,,BT BR/EDR RF,22,0x0021c4f4,"Transport: Any (BR 1Mbps), RF Channel: 77 (SP:  -69), Packet Type: Unknown",1
1419,208.2786245,,,BT BR/EDR RF,22,0x0021c4f4,"Transport: Any (BR 1Mbps), RF Channel: 64 (SP:  -66), Packet Type: Unknown",1
1420,208.3299425,,,BT BR/EDR RF,22,0x0021c4f4,"Transport: Any (BR 1Mbps), RF Channel: 17 (SP:  -75), Packet Type: Unknown",1
1421,208.5643165,,,BT BR/EDR RF,22,0x0021c4f4,"Transport: Any (BR 1Mbps), RF Channel: 51 (SP:  -74), Packet Type: Unknown",1
1422,208.8022442,,,BT BR/EDR RF,22,0x0021c4f4,"Transport: Any (BR 1Mbps), RF Channel:  6 (SP:  -75), Packet Type: Unknown",1
1423,209.3679623,,,BT BR/EDR RF,22,0x0021c4f4,"Transport: Any (BR 1Mbps), RF Channel: 59 (SP:  -73), Packet Type: Unknown",1
1424,209.560931,,,BT BR/EDR RF,22,0x0021c4f4,"Transport: Any (BR 1Mbps), RF Channel: 61 (SP:  -73), Packet Type: Unknown",1
1425,209.7379182,,,BT BR/EDR RF,22,0x0021c4f4,"Transport: Any (BR 1Mbps), RF Channel: 63 (SP:  -77), Packet Type: Unknown",1
1426,209.8811026,,,BT BR/EDR RF,22,0x0021c4f4,"Transport: Any (BR 1Mbps), RF Channel:  1 (SP:  -74), Packet Type: Unknown",1
1427,210.009071,,,BT BR/EDR RF,22,0x0021c4f4,"Transport: Any (BR 1Mbps), RF Channel: 18 (SP:  -82), Packet Type: Unknown",1
1428,210.0098719,,,BT BR/EDR RF,22,0x0021c4f4,"Transport: Any (BR 1Mbps), RF Channel: 18 (SP:  -74), Packet Type: Unknown",1
1429,210.0785211,,,BT BR/EDR RF,22,0x0021c4f4,"Transport: Any (BR 1Mbps), RF Channel:  3 (SP:  -72), Packet Type: Unknown",1
1430,210.2004569,,,BT BR/EDR RF,22,0x0021c4f4,"Transport: Any (BR 1Mbps), RF Channel: 20 (SP:  -79), Packet Type: Unknown",1
1431,210.2377812,,,BT BR/EDR RF,22,0x0021c4f4,"Transport: Any (BR 1Mbps), RF Channel: 52 (SP:  -56), Packet Type: Unknown",1
1432,210.3609277,,,BT BR/EDR RF,22,0x0021c4f4,"Transport: Any (BR 1Mbps), RF Channel: 69 (SP:  -75), Packet Type: Unknown",1
1433,210.6811821,,,BT BR/EDR RF,22,0x0021c4f4,"Transport: Any (BR 1Mbps), RF Channel:  9 (SP:  -74), Packet Type: Unknown",1
1434,210.848086,,,BT BR/EDR RF,22,0x0021c4f4,"Transport: Any (BR 1Mbps), RF Channel: 58 (SP:  -66), Packet Type: Unknown",1
1435,211.0783986,,,BT BR/EDR RF,22,0x0021c4f4,"Transport: Any (BR 1Mbps), RF Channel: 13 (SP:  -74), Packet Type: Unknown",1
1436,211.4880675,,,BT BR/EDR RF,22,0x0021c4f4,"Transport: Any (BR 1Mbps), RF Channel: 17 (SP:  -81), Packet Type: Unknown",1
1437,211.4884671,,,BT BR/EDR RF,22,0x0021c4f4,"Transport: Any (BR 1Mbps), RF Channel: 17 (SP:  -73), Packet Type: Unknown",1
1438,211.560328,,,BT BR/EDR RF,22,0x0021c4f4,"Transport: Any (BR 1Mbps), RF Channel:  2 (SP:  -79), Packet Type: Unknown",1
1439,211.561128,,,BT BR/EDR RF,22,0x0021c4f4,"Transport: Any (BR 1Mbps), RF Channel:  2 (SP:  -73), Packet Type: Unknown",1
1440,211.6485676,,,BT BR/EDR RF,22,0x0021c4f4,"Transport: Any (BR 1Mbps), RF Channel: 66 (SP:  -74), Packet Type: Unknown",1
1441,211.8821383,,,BT BR/EDR RF,22,0x0021c4f4,"Transport: Any (BR 1Mbps), RF Channel: 21 (SP:  -78), Packet Type: Unknown",1
1442,211.9178483,,,BT BR/EDR RF,22,0x0021c4f4,"Transport: Any (BR 1Mbps), RF Channel: 53 (SP:  -72), Packet Type: Unknown",1
1443,211.967945,,,BT BR/EDR RF,22,0x0021c4f4,"Transport: Any (BR 1Mbps), RF Channel:  6 (SP:  -77), Packet Type: Unknown",1
1444,212.481984,,,BT BR/EDR RF,22,0x002ff7a8,"Transport: Any (BR 1Mbps), RF Channel: 27 (SP:  -75), Packet Type: Unknown",1
1445,212.5698123,,,BT BR/EDR RF,22,0x0021c4f4,"Transport: Any (BR 1Mbps), RF Channel: 12 (SP:  -73), Packet Type: Unknown",1
1446,212.6136405,,,BT BR/EDR RF,22,0x002ff7a8,"Transport: Any (BR 1Mbps), RF Channel: 76 (SP:    0, NP:  -55), Packet Type: Unknown",1
1447,212.6304306,,,BT BR/EDR RF,22,0x0021c4f4,"Transport: Any (BR 1Mbps), RF Channel: 76 (SP:  -70), Packet Type: Unknown",1
1448,212.7519963,,,BT BR/EDR RF,22,0x002ff7a8,"Transport: Any (BR 1Mbps), RF Channel: 14 (SP:  -78), Packet Type: Unknown",1
1449,212.8378273,,,BT BR/EDR RF,22,0x0021c4f4,"Transport: Any (BR 1Mbps), RF Channel: 78 (SP:  -73), Packet Type: Unknown",1
1450,212.9819271,,,BT BR/EDR RF,22,0x002ff7a8,"Transport: Any (BR 1Mbps), RF Channel: 48 (SP:  -74), Packet Type: Unknown",1
1451,213.2005592,,,BT BR/EDR RF,22,0x0021c4f4,"Transport: Any (BR 1Mbps), RF Channel: 50 (SP:  -75), Packet Type: Unknown",1
1452,213.2009596,,,BT BR/EDR RF,22,0x0021c4f4,"Transport: Any (BR 1Mbps), RF Channel: 50 (SP:  -71), Packet Type: Unknown",1
1453,213.3927927,,,BT BR/EDR RF,22,0x0021c4f4,"Transport: Any (BR 1Mbps), RF Channel: 52 (SP:  -75), Packet Type: Unknown",1
1454,213.3935922,,,BT BR/EDR RF,22,0x0021c4f4,"Transport: Any (BR 1Mbps), RF Channel: 52 (SP:  -71), Packet Type: Unknown",1
1455,213.3983896,,,BT BR/EDR RF,22,0x0021c4f4,"Transport: Any (BR 1Mbps), RF Channel: 52 (SP:  -65), Packet Type: Unknown",1
1456,213.4493252,,,BT BR/EDR RF,22,0x0021c4f4,"Transport: Any (BR 1Mbps), RF Channel:  5 (SP:  -80), Packet Type: Unknown",1
1457,213.4497261,,,BT BR/EDR RF,22,0x0021c4f4,"Transport: Any (BR 1Mbps), RF Channel:  5 (SP:  -74), Packet Type: Unknown",1
1458,213.7177866,,,BT BR/EDR RF,22,0x0021c4f4,"Transport: Any (BR 1Mbps), RF Channel: 71 (SP:  -72), Packet Type: Unknown",1
1459,213.9044002,,,BT BR/EDR RF,22,0x002ff7a8,"Transport: Any (BR 1Mbps), RF Channel: 73 (SP:    0, NP:  -55), Packet Type: Unknown",1
1460,213.9204081,,,BT BR/EDR RF,22,0x0021c4f4,"Transport: Any (BR 1Mbps), RF Channel: 73 (SP:  -75), Packet Type: Unknown",1
1461,214.0379797,,,BT BR/EDR RF,22,0x0021c4f4,"Transport: Any (BR 1Mbps), RF Channel: 11 (SP:  -81), Packet Type: Unknown",1
1462,214.3517919,,,BT BR/EDR RF,22,0x002ff7a8,"Transport: Any (BR 1Mbps), RF Channel: 30 (SP:  -73), Packet Type: Unknown",1
1463,214.4015213,,,BT BR/EDR RF,22,0x0021c4f4,"Transport: Any (BR 1Mbps), RF Channel: 62 (SP:  -79), Packet Type: Unknown",1
1464,214.4023205,,,BT BR/EDR RF,22,0x0021c4f4,"Transport: Any (BR 1Mbps), RF Channel: 62 (SP:  -72), Packet Type: Unknown",1
1465,214.4292469,,,BT BR/EDR RF,22,0x002ff7a8,"Transport: Any (BR 1Mbps), RF Channel: 15 (SP:  -81), Packet Type: Unknown",1
1466,214.5238909,,,BT BR/EDR RF,22,0x002ff7a8,"Transport: Any (BR 1Mbps), RF Channel:  0 (SP:  -60), Packet Type: Unknown",1
1467,214.6478556,,,BT BR/EDR RF,22,0x0021c4f4,"Transport: Any (BR 1Mbps), RF Channel: 17 (SP:  -80), Packet Type: Unknown",1
1468,214.6486551,,,BT BR/EDR RF,22,0x0021c4f4,"Transport: Any (BR 1Mbps), RF Channel: 17 (SP:  -72), Packet Type: Unknown",1
1469,214.6823896,,,BT BR/EDR RF,22,0x0021c4f4,"Transport: Any (BR 1Mbps), RF Channel: 49 (SP:  -72), Packet Type: Unknown",1
1470,214.8249181,,,BT BR/EDR RF,22,0x0021c4f4,"Transport: Any (BR 1Mbps), RF Channel: 19 (SP:  -73), Packet Type: Unknown",1
1471,214.8417146,,,BT BR/EDR RF,22,0x0021c4f4,"Transport: Any (BR 1Mbps), RF Channel: 19 (SP:  -78), Packet Type: Unknown",1
1472,214.8778331,,,BT BR/EDR RF,22,0x0021c4f4,"Transport: Any (BR 1Mbps), RF Channel: 51 (SP:  -73), Packet Type: Unknown",1
1473,214.878634,,,BT BR/EDR RF,22,0x0021c4f4,"Transport: Any (BR 1Mbps), RF Channel: 51 (SP:  -72), Packet Type: Unknown",1
1474,215.095339,,,BT BR/EDR RF,22,0x0021c4f4,"Transport: Any (BR 1Mbps), RF Channel:  6 (SP:  -76), Packet Type: Unknown",1
1475,215.0961399,,,BT BR/EDR RF,22,0x0021c4f4,"Transport: Any (BR 1Mbps), RF Channel:  6 (SP:  -72), Packet Type: Unknown",1
1476,215.1943929,,,BT BR/EDR RF,22,0x002ff7a8,"Transport: Any (BR 1Mbps), RF Channel: 70 (SP:    0, NP:  -55), Packet Type: Unknown",1
1477,215.3223811,,,BT BR/EDR RF,22,0x0021c4f4,"Transport: Any (BR 1Mbps), RF Channel:  8 (SP:  -74), Packet Type: Unknown",1
1478,215.4010406,,,BT BR/EDR RF,22,0x0021c4f4,"Transport: Any (BR 1Mbps), RF Channel: 72 (SP:  -45, NP:  -55), Packet Type: Unknown",1
1479,215.4985913,,,BT BR/EDR RF,22,0x0021c4f4,"Transport: Any (BR 1Mbps), RF Channel: 10 (SP:  -73), Packet Type: Unknown",1
1480,215.7648941,,,BT BR/EDR RF,22,0x002ff7a8,"Transport: Any (BR 1Mbps), RF Channel: 44 (SP:  -80), Packet Type: Unknown",1
1481,215.8892547,,,BT BR/EDR RF,22,0x0021c4f4,"Transport: Any (BR 1Mbps), RF Channel: 61 (SP:  -75), Packet Type: Unknown",1
1482,215.9285821,,,BT BR/EDR RF,22,0x0021c4f4,"Transport: Any (BR 1Mbps), RF Channel: 14 (SP:  -73), Packet Type: Unknown",1
1483,216.0229359,,,BT BR/EDR RF,22,0x002ff7a8,"Transport: Any (BR 1Mbps), RF Channel: 31 (SP:  -80), Packet Type: Unknown",1
1484,216.1211546,,,BT BR/EDR RF,22,0x0021c4f4,"Transport: Any (BR 1Mbps), RF Channel: 16 (SP:  -73), Packet Type: Unknown",1
1485,216.1584672,,,BT BR/EDR RF,22,0x0021c4f4,"Transport: Any (BR 1Mbps), RF Channel: 48 (SP:  -73), Packet Type: Unknown",1
1486,216.1692705,,,BT BR/EDR RF,22,0x0021c4f4,"Transport: Any (BR 1Mbps), RF Channel: 48 (SP:  -63), Packet Type: Unknown",1
1487,216.2684238,,,BT BR/EDR RF,22,0x0021c4f4,"Transport: Any (BR 1Mbps), RF Channel: 65 (SP:  -72), Packet Type: Unknown",1
1488,216.5292007,,,BT BR/EDR RF,22,0x0021c4f4,"Transport: Any (BR 1Mbps), RF Channel: 20 (SP:  -80), Packet Type: Unknown",1
1489,216.5329163,,,BT BR/EDR RF,22,0x0021c4f4,"Transport: Any (BR 1Mbps), RF Channel: 52 (SP:  -72), Packet Type: Unknown",1
1490,216.6010343,,,BT BR/EDR RF,22,0x0021c4f4,"Transport: Any (BR 1Mbps), RF Channel:  5 (SP:  -73), Packet Type: Unknown",1
1491,216.6544661,,,BT BR/EDR RF,22,0x002ff7a8,"Transport: Any (BR 1Mbps), RF Channel: 69 (SP:  -76), Packet Type: Unknown",1
1492,216.681672,,,BT BR/EDR RF,22,0x0021c4f4,"Transport: Any (BR 1Mbps), RF Channel: 69 (SP:  -74), Packet Type: Unknown",1
1493,216.7383702,,,BT BR/EDR RF,22,0x0029cfc6,"Transport: Any (BR 1Mbps), RF Channel: 54 (SP:  -72), Packet Type: Unknown",1
1494,216.865539,,,BT BR/EDR RF,22,0x002ff7a8,"Transport: Any (BR 1Mbps), RF Channel: 71 (SP:    0, NP:  -55), Packet Type: Unknown",1
1495,216.8675356,,,BT BR/EDR RF,22,0x002ff7a8,"Transport: Any (BR 1Mbps), RF Channel: 71 (SP:    0, NP:  -55), Packet Type: Unknown",1
1496,216.957782,,,BT BR/EDR RF,22,0x0021c4f4,"Transport: Any (BR 1Mbps), RF Channel: 56 (SP:  -72), Packet Type: Unknown",1
1497,217.0079008,,,BT BR/EDR RF,22,0x0021c4f4,"Transport: Any (BR 1Mbps), RF Channel:  9 (SP:  -79), Packet Type: Unknown",1
1498,217.0553481,,,BT BR/EDR RF,22,0x0021c4f4,"Transport: Any (BR 1Mbps), RF Channel: 73 (SP:  -69), Packet Type: Unknown",1
1499,217.0561486,,,BT BR/EDR RF,22,0x0021c4f4,"Transport: Any (BR 1Mbps), RF Channel: 73 (SP:  -69), Packet Type: Unknown",1
1500,217.0805444,,,BT BR/EDR RF,22,0x0021c4f4,"Transport: Any (BR 1Mbps), RF Channel: 73 (SP:  -69), Packet Type: Unknown",1
1501,217.333396,,,BT BR/EDR RF,22,0x0029cfc6,"Transport: Any (BR 1Mbps), RF Channel: 60 (SP:  -72), Packet Type: Unknown",1
1502,217.5548172,,,BT BR/EDR RF,22,0x0029cfc6,"Transport: Any (BR 1Mbps), RF Channel: 62 (SP:  -57), Packet Type: Unknown",1
1503,217.608542,,,BT BR/EDR RF,22,0x0021c4f4,"Transport: Any (BR 1Mbps), RF Channel: 15 (SP:  -74), Packet Type: Unknown",1
1504,217.7518132,,,BT BR/EDR RF,22,0x002ff7a8,"Transport: Any (BR 1Mbps), RF Channel: 64 (SP:  -74), Packet Type: Unknown",1
1505,217.7610193,,,BT BR/EDR RF,22,0x0021c4f4,"Transport: Any (BR 1Mbps), RF Channel: 64 (SP:  -61), Packet Type: Unknown",1
1506,217.8091474,,,BT BR/EDR RF,22,0x0021c4f4,"Transport: Any (BR 1Mbps), RF Channel: 17 (SP:  -81), Packet Type: Unknown",1
1507,217.9873484,,,BT BR/EDR RF,22,0x0021c4f4,"Transport: Any (BR 1Mbps), RF Channel: 19 (SP:  -72), Packet Type: Unknown",1
1508,218.0884075,,,BT BR/EDR RF,22,0x0021c4f4,"Transport: Any (BR 1Mbps), RF Channel:  4 (SP:  -74), Packet Type: Unknown",1
1509,218.1257301,,,BT BR/EDR RF,22,0x002ff7a8,"Transport: Any (BR 1Mbps), RF Channel: 36 (SP:  -71), Packet Type: Unknown",1
1510,218.2229122,,,BT BR/EDR RF,22,0x0021c4f4,"Transport: Any (BR 1Mbps), RF Channel: 53 (SP:  -73), Packet Type: Unknown",1
1511,218.2477289,,,BT BR/EDR RF,22,0x0021c4f4,"Transport: Any (BR 1Mbps), RF Channel: 53 (SP:  -73), Packet Type: Unknown",1
1512,218.2485301,,,BT BR/EDR RF,22,0x0021c4f4,"Transport: Any (BR 1Mbps), RF Channel: 53 (SP:  -71), Packet Type: Unknown",1
1513,218.2778492,,,BT BR/EDR RF,22,0x0021c4f4,"Transport: Any (BR 1Mbps), RF Channel:  6 (SP:  -77), Packet Type: Unknown",1
1514,218.2786507,,,BT BR/EDR RF,22,0x0021c4f4,"Transport: Any (BR 1Mbps), RF Channel:  6 (SP:  -72), Packet Type: Unknown",1
1515,218.3954214,,,BT BR/EDR RF,22,0x002ff7a8,"Transport: Any (BR 1Mbps), RF Channel: 23 (SP:    0, NP:  -55), Packet Type: Unknown",1
1516,218.3974206,,,BT BR/EDR RF,22,0x002ff7a8,"Transport: Any (BR 1Mbps), RF Channel: 23 (SP:    0, NP:  -55), Packet Type: Unknown",1
1517,218.4784623,,,BT BR/EDR RF,22,0x0021c4f4,"Transport: Any (BR 1Mbps), RF Channel:  8 (SP:  -74), Packet Type: Unknown",1
1518,218.6405515,,,BT BR/EDR RF,22,0x0021c4f4,"Transport: Any (BR 1Mbps), RF Channel: 57 (SP:  -74), Packet Type: Unknown",1
1519,218.7605339,,,BT BR/EDR RF,22,0x0021c4f4,"Transport: Any (BR 1Mbps), RF Channel: 74 (SP:  -46, NP:  -55), Packet Type: Unknown",1
1520,218.8447438,,,BT BR/EDR RF,22,0x0029cfc6,"Transport: Any (BR 1Mbps), RF Channel: 59 (SP:  -74), Packet Type: Unknown",1
1521,219.0417363,,,BT BR/EDR RF,22,0x0021c4f4,"Transport: Any (BR 1Mbps), RF Channel: 61 (SP:  -65), Packet Type: Unknown",1
1522,219.0421381,,,BT BR/EDR RF,22,0x0021c4f4,"Transport: Any (BR 1Mbps), RF Channel: 61 (SP:  -73), Packet Type: Unknown",1
1523,219.1365127,,,BT BR/EDR RF,22,0x0021c4f4,"Transport: Any (BR 1Mbps), RF Channel: 78 (SP:  -67), Packet Type: Unknown",1
1524,219.3683467,,,BT BR/EDR RF,22,0x0021c4f4,"Transport: Any (BR 1Mbps), RF Channel:  1 (SP:  -73), Packet Type: Unknown",1
1525,219.5280326,,,BT BR/EDR RF,22,0x0021c4f4,"Transport: Any (BR 1Mbps), RF Channel: 50 (SP:  -67), Packet Type: Unknown",1
1526,219.5284315,,,BT BR/EDR RF,22,0x0021c4f4,"Transport: Any (BR 1Mbps), RF Channel: 50 (SP:  -68), Packet Type: Unknown",1
1527,219.5577462,,,BT BR/EDR RF,22,0x0021c4f4,"Transport: Any (BR 1Mbps), RF Channel:  3 (SP:  -79), Packet Type: Unknown",1
1528,219.6897132,,,BT BR/EDR RF,22,0x0021c4f4,"Transport: Any (BR 1Mbps), RF Channel: 20 (SP:  -75), Packet Type: Unknown",1
1529,219.761536,,,BT BR/EDR RF,22,0x0021c4f4,"Transport: Any (BR 1Mbps), RF Channel:  5 (SP:  -79), Packet Type: Unknown",1
1530,219.8497831,,,BT BR/EDR RF,22,0x0021c4f4,"Transport: Any (BR 1Mbps), RF Channel: 69 (SP:  -67), Packet Type: Unknown",1
1531,219.9517673,,,BT BR/EDR RF,22,0x0021c4f4,"Transport: Any (BR 1Mbps), RF Channel:  7 (SP:  -36, NP:  -55), Packet Type: Unknown",1
1532,219.9521679,,,BT BR/EDR RF,22,0x0021c4f4,"Transport: Any (BR 1Mbps), RF Channel:  7 (SP:  -36, NP:  -55), Packet Type: Unknown",1
1533,220.1278513,,,BT BR/EDR RF,22,0x0021c4f4,"Transport: Any (BR 1Mbps), RF Channel: 56 (SP:  -73), Packet Type: Unknown",1
1534,220.1286525,,,BT BR/EDR RF,22,0x0021c4f4,"Transport: Any (BR 1Mbps), RF Channel: 56 (SP:  -72), Packet Type: Unknown",1
1535,220.9603935,,,BT BR/EDR RF,22,0x0021c4f4,"Transport: Any (BR 1Mbps), RF Channel: 17 (SP:  -79), Packet Type: Unknown",1
1536,221.1686361,,,BT BR/EDR RF,22,0x0021c4f4,"Transport: Any (BR 1Mbps), RF Channel: 19 (SP:  -71), Packet Type: Unknown",1
1537,221.2091577,,,BT BR/EDR RF,22,0x0021c4f4,"Transport: Any (BR 1Mbps), RF Channel: 51 (SP:  -72), Packet Type: Unknown",1
1538,221.2408757,,,BT BR/EDR RF,22,0x0021c4f4,"Transport: Any (BR 1Mbps), RF Channel:  4 (SP:  -76), Packet Type: Unknown",1
1539,221.4009653,,,BT BR/EDR RF,22,0x0021c4f4,"Transport: Any (BR 1Mbps), RF Channel: 53 (SP:  -72), Packet Type: Unknown",1
1540,221.5297045,,,BT BR/EDR RF,22,0x0021c4f4,"Transport: Any (BR 1Mbps), RF Channel: 70 (SP:  -73), Packet Type: Unknown",1
1541,221.80776,,,BT BR/EDR RF,22,0x0021c4f4,"Transport: Any (BR 1Mbps), RF Channel: 57 (SP:  -73), Packet Type: Unknown",1
1542,221.8117688,,,BT BR/EDR RF,22,0x0021c4f4,"Transport: Any (BR 1Mbps), RF Channel: 57 (SP:  -73), Packet Type: Unknown",1
1543,221.9153279,,,BT BR/EDR RF,22,0x0021c4f4,"Transport: Any (BR 1Mbps), RF Channel: 74 (SP:  -69), Packet Type: Unknown",1
1544,222.0284627,,,BT BR/EDR RF,22,0x0021c4f4,"Transport: Any (BR 1Mbps), RF Channel: 12 (SP:  -74), Packet Type: Unknown",1
1545,222.121518,,,BT BR/EDR RF,22,0x0021c4f4,"Transport: Any (BR 1Mbps), RF Channel: 76 (SP:    0, NP:  -55), Packet Type: Unknown",1
1546,222.1668267,,,BT BR/EDR RF,22,0x002ff7a8,"Transport: Any (BR 1Mbps), RF Channel: 29 (SP:  -79), Packet Type: Unknown",1
1547,222.2498486,,,BT BR/EDR RF,22,0x0021c4f4,"Transport: Any (BR 1Mbps), RF Channel: 14 (SP:  -73), Packet Type: Unknown",1
1548,222.4091653,,,BT BR/EDR RF,22,0x0021c4f4,"Transport: Any (BR 1Mbps), RF Channel: 63 (SP:  -65), Packet Type: Unknown",1
1549,222.4095659,,,BT BR/EDR RF,22,0x0021c4f4,"Transport: Any (BR 1Mbps), RF Channel: 63 (SP:  -65), Packet Type: Unknown",1
1550,222.4208949,,,BT BR/EDR RF,22,0x0021c4f4,"Transport: Any (BR 1Mbps), RF Channel: 16 (SP:  -72), Packet Type: Unknown",1
1551,222.6784863,,,BT BR/EDR RF,22,0x0021c4f4,"Transport: Any (BR 1Mbps), RF Channel: 50 (SP:  -72), Packet Type: Unknown",1
1552,222.8385562,,,BT BR/EDR RF,22,0x0021c4f4,"Transport: Any (BR 1Mbps), RF Channel: 20 (SP:  -77), Packet Type: Unknown",1
1553,222.8734685,,,BT BR/EDR RF,22,0x0029cfc6,"Transport: Any (BR 1Mbps), RF Channel: 52 (SP:  -45, NP:  -55), Packet Type: Unknown",1
1554,222.880269,,,BT BR/EDR RF,22,0x0021c4f4,"Transport: Any (BR 1Mbps), RF Channel: 52 (SP:  -73), Packet Type: Unknown",1
1555,222.9986362,,,BT BR/EDR RF,22,0x0021c4f4,"Transport: Any (BR 1Mbps), RF Channel: 69 (SP:  -75), Packet Type: Unknown",1
1556,223.2329798,,,BT BR/EDR RF,22,0x002ff7a8,"Transport: Any (BR 1Mbps), RF Channel: 24 (SP:    0, NP:  -55), Packet Type: Unknown",1
1557,223.3184379,,,BT BR/EDR RF,22,0x0021c4f4,"Transport: Any (BR 1Mbps), RF Channel:  9 (SP:  -73), Packet Type: Unknown",1
1558,223.4785649,,,BT BR/EDR RF,22,0x0021c4f4,"Transport: Any (BR 1Mbps), RF Channel: 58 (SP:  -73), Packet Type: Unknown",1
1559,223.6486628,,,BT BR/EDR RF,22,0x002ff7a8,"Transport: Any (BR 1Mbps), RF Channel: 28 (SP:    0, NP:  -55), Packet Type: Unknown",1
1560,223.9725354,,,BT BR/EDR RF,22,0x002ff7a8,"Transport: Any (BR 1Mbps), RF Channel:  0 (SP:  -77), Packet Type: Unknown",1
1561,224.0021266,,,BT BR/EDR RF,22,0x0021c4f4,"Transport: Any (BR 1Mbps), RF Channel:  0 (SP:  -35, NP:  -55), Packet Type: Unknown",1
1562,224.529747,,,BT BR/EDR RF,22,0x0021c4f4,"Transport: Any (BR 1Mbps), RF Channel: 21 (SP:  -77), Packet Type: Unknown",1
1563,224.6273129,,,BT BR/EDR RF,22,0x002ff7a8,"Transport: Any (BR 1Mbps), RF Channel: 38 (SP:    0, NP:  -55), Packet Type: Unknown",1
1564,224.6654278,,,BT BR/EDR RF,22,0x002ff7a8,"Transport: Any (BR 1Mbps), RF Channel: 70 (SP:    0, NP:  -55), Packet Type: Unknown",1
1565,224.7886086,,,BT BR/EDR RF,22,0x0021c4f4,"Transport: Any (BR 1Mbps), RF Channel:  8 (SP:  -75), Packet Type: Unknown",1
1566,224.8896994,,,BT BR/EDR RF,22,0x0021c4f4,"Transport: Any (BR 1Mbps), RF Channel: 72 (SP:  -71), Packet Type: Unknown",1
1567,225.0814735,,,BT BR/EDR RF,22,0x0021c4f4,"Transport: Any (BR 1Mbps), RF Channel: 74 (SP:  -69), Packet Type: Unknown",1
1568,225.082275,,,BT BR/EDR RF,22,0x0021c4f4,"Transport: Any (BR 1Mbps), RF Channel: 74 (SP:  -69), Packet Type: Unknown",1
1569,225.3603156,,,BT BR/EDR RF,22,0x0021c4f4,"Transport: Any (BR 1Mbps), RF Channel: 61 (SP:  -74), Packet Type: Unknown",1
1570,225.3611152,,,BT BR/EDR RF,22,0x0021c4f4,"Transport: Any (BR 1Mbps), RF Channel: 61 (SP:  -73), Packet Type: Unknown",1
1571,225.4878883,,,BT BR/EDR RF,22,0x0021c4f4,"Transport: Any (BR 1Mbps), RF Channel: 78 (SP:    0, NP:  -55), Packet Type: Unknown",1
1572,225.969834,,,BT BR/EDR RF,22,0x0021c4f4,"Transport: Any (BR 1Mbps), RF Channel: 67 (SP:  -75), Packet Type: Unknown",1
1573,226.0416515,,,BT BR/EDR RF,22,0x0021c4f4,"Transport: Any (BR 1Mbps), RF Channel: 52 (SP:  -52, NP:  -55), Packet Type: Unknown",1
1574,226.1696223,,,BT BR/EDR RF,22,0x0021c4f4,"Transport: Any (BR 1Mbps), RF Channel: 69 (SP:  -75), Packet Type: Unknown",1
1575,226.2178707,,,BT BR/EDR RF,22,0x0021c4f4,"Transport: Any (BR 1Mbps), RF Channel: 54 (SP:  -71), Packet Type: Unknown",1
1576,226.2402801,,,BT BR/EDR RF,22,0x0021c4f4,"Transport: Any (BR 1Mbps), RF Channel: 54 (SP:  -72), Packet Type: Unknown",1
1577,226.2410819,,,BT BR/EDR RF,22,0x0021c4f4,"Transport: Any (BR 1Mbps), RF Channel: 54 (SP:  -72), Packet Type: Unknown",1
1578,226.2816018,,,BT BR/EDR RF,22,0x0021c4f4,"Transport: Any (BR 1Mbps), RF Channel:  7 (SP:  -76), Packet Type: Unknown",1
1579,226.4376915,,,BT BR/EDR RF,22,0x0021c4f4,"Transport: Any (BR 1Mbps), RF Channel: 56 (SP:  -73), Packet Type: Unknown",1
1580,226.4384937,,,BT BR/EDR RF,22,0x0021c4f4,"Transport: Any (BR 1Mbps), RF Channel: 56 (SP:  -72), Packet Type: Unknown",1
1581,226.4890243,,,BT BR/EDR RF,22,0x0021c4f4,"Transport: Any (BR 1Mbps), RF Channel:  9 (SP:  -80), Packet Type: Unknown",1
1582,226.6423081,,,BT BR/EDR RF,22,0x0021c4f4,"Transport: Any (BR 1Mbps), RF Channel: 58 (SP:  -72), Packet Type: Unknown",1
1583,226.7414615,,,BT BR/EDR RF,22,0x0021c4f4,"Transport: Any (BR 1Mbps), RF Channel: 75 (SP:  -68), Packet Type: Unknown",1
1584,226.742261,,,BT BR/EDR RF,22,0x0021c4f4,"Transport: Any (BR 1Mbps), RF Channel: 75 (SP:  -71), Packet Type: Unknown",1
1585,226.7678707,,,BT BR/EDR RF,22,0x0021c4f4,"Transport: Any (BR 1Mbps), RF Channel: 75 (SP:  -72), Packet Type: Unknown",1
1586,226.9577171,,,BT BR/EDR RF,22,0x0021c4f4,"Transport: Any (BR 1Mbps), RF Channel: 77 (SP:  -73), Packet Type: Unknown",1
1587,227.0355326,,,BT BR/EDR RF,22,0x002ff7a8,"Transport: Any (BR 1Mbps), RF Channel: 62 (SP:  -74), Packet Type: Unknown",1
1588,227.1347111,,,BT BR/EDR RF,22,0x0021c4f4,"Transport: Any (BR 1Mbps), RF Channel:  0 (SP:  -70), Packet Type: Unknown",1
1589,227.1611189,,,BT BR/EDR RF,22,0x002ff7a8,"Transport: Any (BR 1Mbps), RF Channel:  0 (SP:  -75), Packet Type: Unknown",1
1590,227.2497831,,,BT BR/EDR RF,22,0x0021c4f4,"Transport: Any (BR 1Mbps), RF Channel: 64 (SP:  -73), Packet Type: Unknown",1
1591,227.7217289,,,BT BR/EDR RF,22,0x0021c4f4,"Transport: Any (BR 1Mbps), RF Channel: 53 (SP:  -52, NP:  -55), Packet Type: Unknown",1
1592,227.7221286,,,BT BR/EDR RF,22,0x0021c4f4,"Transport: Any (BR 1Mbps), RF Channel: 53 (SP:  -52, NP:  -55), Packet Type: Unknown",1
1593,227.7634434,,,BT BR/EDR RF,22,0x0021c4f4,"Transport: Any (BR 1Mbps), RF Channel:  6 (SP:  -74), Packet Type: Unknown",1
1594,227.8496719,,,BT BR/EDR RF,22,0x0021c4f4,"Transport: Any (BR 1Mbps), RF Channel: 70 (SP:  -57), Packet Type: Unknown",1
1595,228.0482999,,,BT BR/EDR RF,22,0x0021c4f4,"Transport: Any (BR 1Mbps), RF Channel: 72 (SP:  -72), Packet Type: Unknown",1
1596,228.1233261,,,BT BR/EDR RF,22,0x0029cfc6,"Transport: Any (BR 1Mbps), RF Channel: 57 (SP:  -53, NP:  -55), Packet Type: Unknown",1
1597,228.3608782,,,BT BR/EDR RF,22,0x0021c4f4,"Transport: Any (BR 1Mbps), RF Channel: 12 (SP:  -74), Packet Type: Unknown",1
1598,228.5622789,,,BT BR/EDR RF,22,0x0021c4f4,"Transport: Any (BR 1Mbps), RF Channel: 14 (SP:  -74), Packet Type: Unknown",1
1599,228.7585036,,,BT BR/EDR RF,22,0x0021c4f4,"Transport: Any (BR 1Mbps), RF Channel: 16 (SP:  -45, NP:  -55), Packet Type: Unknown",1
1600,228.8002507,,,BT BR/EDR RF,22,0x0021c4f4,"Transport: Any (BR 1Mbps), RF Channel: 48 (SP:  -75), Packet Type: Unknown",1
1601,228.8459643,,,BT BR/EDR RF,22,0x002ff7a8,"Transport: Any (BR 1Mbps), RF Channel:  1 (SP:  -77), Packet Type: Unknown",1
1602,228.8997915,,,BT BR/EDR RF,22,0x0029cfc6,"Transport: Any (BR 1Mbps), RF Channel: 65 (SP:  -80), Packet Type: Unknown",1
1603,228.9695579,,,BT BR/EDR RF,22,0x0021c4f4,"Transport: Any (BR 1Mbps), RF Channel: 18 (SP:  -75), Packet Type: Unknown",1
1604,229.2216109,,,BT BR/EDR RF,22,0x0021c4f4,"Transport: Any (BR 1Mbps), RF Channel:  5 (SP:  -80), Packet Type: Unknown",1
1605,229.8735177,,,BT BR/EDR RF,22,0x002ff7a8,"Transport: Any (BR 1Mbps), RF Channel: 43 (SP:    0, NP:  -55), Packet Type: Unknown",1
1606,229.91563,,,BT BR/EDR RF,22,0x002ff7a8,"Transport: Any (BR 1Mbps), RF Channel: 75 (SP:    0, NP:  -55), Packet Type: Unknown",1
1607,229.9172285,,,BT BR/EDR RF,22,0x002ff7a8,"Transport: Any (BR 1Mbps), RF Channel: 75 (SP:    0, NP:  -55), Packet Type: Unknown",1
1608,229.9437642,,,BT BR/EDR RF,22,0x002ff7a8,"Transport: Any (BR 1Mbps), RF Channel: 28 (SP:  -75), Packet Type: Unknown",1
1609,230.002301,,,BT BR/EDR RF,22,0x0021c4f4,"Transport: Any (BR 1Mbps), RF Channel: 60 (SP:  -72), Packet Type: Unknown",1
1610,230.2088885,,,BT BR/EDR RF,22,0x0021c4f4,"Transport: Any (BR 1Mbps), RF Channel: 62 (SP:  -76), Packet Type: Unknown",1
1611,230.2096879,,,BT BR/EDR RF,22,0x0021c4f4,"Transport: Any (BR 1Mbps), RF Channel: 62 (SP:  -73), Packet Type: Unknown",1
1612,230.3220382,,,BT BR/EDR RF,22,0x0021c4f4,"Transport: Any (BR 1Mbps), RF Channel:  0 (SP:  -72), Packet Type: Unknown",1
1613,230.6891531,,,BT BR/EDR RF,22,0x0021c4f4,"Transport: Any (BR 1Mbps), RF Channel: 51 (SP:  -61), Packet Type: Unknown",1
1614,230.689553,,,BT BR/EDR RF,22,0x0021c4f4,"Transport: Any (BR 1Mbps), RF Channel: 51 (SP:  -61), Packet Type: Unknown",1
1615,230.9202653,,,BT BR/EDR RF,22,0x0021c4f4,"Transport: Any (BR 1Mbps), RF Channel:  6 (SP:  -81), Packet Type: Unknown",1
1616,230.9210636,,,BT BR/EDR RF,22,0x0021c4f4,"Transport: Any (BR 1Mbps), RF Channel:  6 (SP:  -74), Packet Type: Unknown",1
1617,230.9659963,,,BT BR/EDR RF,22,0x002ff7a8,"Transport: Any (BR 1Mbps), RF Channel: 38 (SP:    0, NP:  -55), Packet Type: Unknown",1
1618,231.0815536,,,BT BR/EDR RF,22,0x0021c4f4,"Transport: Any (BR 1Mbps), RF Channel: 55 (SP:  -73), Packet Type: Unknown",1
1619,231.1779051,,,BT BR/EDR RF,22,0x0021c4f4,"Transport: Any (BR 1Mbps), RF Channel: 72 (SP:  -70), Packet Type: Unknown",1
1620,231.1783069,,,BT BR/EDR RF,22,0x0021c4f4,"Transport: Any (BR 1Mbps), RF Channel: 72 (SP:  -70), Packet Type: Unknown",1
1621,231.4097432,,,BT BR/EDR RF,22,0x0021c4f4,"Transport: Any (BR 1Mbps), RF Channel: 74 (SP:  -70), Packet Type: Unknown",1
1622,231.5867169,,,BT BR/EDR RF,22,0x0021c4f4,"Transport: Any (BR 1Mbps), RF Channel: 76 (SP:  -75), Packet Type: Unknown",1
1623,231.6015153,,,BT BR/EDR RF,22,0x0021c4f4,"Transport: Any (BR 1Mbps), RF Channel: 76 (SP:  -70), Packet Type: Unknown",1
1624,231.685767,,,BT BR/EDR RF,22,0x0029cfc6,"Transport: Any (BR 1Mbps), RF Channel: 61 (SP:  -56), Packet Type: Unknown",1
1625,231.715907,,,BT BR/EDR RF,22,0x0021c4f4,"Transport: Any (BR 1Mbps), RF Channel: 14 (SP:  -73), Packet Type: Unknown",1
1626,231.9642305,,,BT BR/EDR RF,22,0x002ff7a8,"Transport: Any (BR 1Mbps), RF Channel: 48 (SP:    0, NP:  -55), Packet Type: Unknown",1
1627,231.9747446,,,BT BR/EDR RF,22,0x0021c4f4,"Transport: Any (BR 1Mbps), RF Channel:  1 (SP:  -72), Packet Type: Unknown",1
1628,232.107107,,,BT BR/EDR RF,22,0x0021c4f4,"Transport: Any (BR 1Mbps), RF Channel: 18 (SP:  -76), Packet Type: Unknown",1
1629,232.2077525,,,BT BR/EDR RF,22,0x0021c4f4,"Transport: Any (BR 1Mbps), RF Channel:  3 (SP:  -79), Packet Type: Unknown",1
1630,232.2085529,,,BT BR/EDR RF,22,0x0021c4f4,"Transport: Any (BR 1Mbps), RF Channel:  3 (SP:  -73), Packet Type: Unknown",1
1631,232.3622838,,,BT BR/EDR RF,22,0x0021c4f4,"Transport: Any (BR 1Mbps), RF Channel: 52 (SP:  -70), Packet Type: Unknown",1
1632,232.3884042,,,BT BR/EDR RF,22,0x0021c4f4,"Transport: Any (BR 1Mbps), RF Channel:  5 (SP:  -73), Packet Type: Unknown",1
1633,232.3984133,,,BT BR/EDR RF,22,0x0021c4f4,"Transport: Any (BR 1Mbps), RF Channel:  5 (SP:  -74), Packet Type: Unknown",1
1634,232.4878375,,,BT BR/EDR RF,22,0x0021c4f4,"Transport: Any (BR 1Mbps), RF Channel: 69 (SP:  -74), Packet Type: Unknown",1
1635,232.6110082,,,BT BR/EDR RF,22,0x0021c4f4,"Transport: Any (BR 1Mbps), RF Channel:  7 (SP:  -74), Packet Type: Unknown",1
1636,232.656036,,,BT BR/EDR RF,22,0x002ff7a8,"Transport: Any (BR 1Mbps), RF Channel: 71 (SP:    0, NP:  -55), Packet Type: Unknown",1
1637,233.0033644,,,BT BR/EDR RF,22,0x0021c4f4,"Transport: Any (BR 1Mbps), RF Channel: 11 (SP:  -73), Packet Type: Unknown",1
1638,233.1346408,,,BT BR/EDR RF,22,0x0021c4f4,"Transport: Any (BR 1Mbps), RF Channel: 60 (SP:  -73), Packet Type: Unknown",1
1639,233.1646492,,,BT BR/EDR RF,22,0x0021c4f4,"Transport: Any (BR 1Mbps), RF Channel: 60 (SP:  -73), Packet Type: Unknown",1
1640,233.369635,,,BT BR/EDR RF,22,0x0021c4f4,"Transport: Any (BR 1Mbps), RF Channel: 62 (SP:  -72), Packet Type: Unknown",1
1641,233.544659,,,BT BR/EDR RF,22,0x0029cfc6,"Transport: Any (BR 1Mbps), RF Channel: 64 (SP:  -77), Packet Type: Unknown",1
1642,233.6019994,,,BT BR/EDR RF,22,0x0021c4f4,"Transport: Any (BR 1Mbps), RF Channel: 17 (SP:  -75), Packet Type: Unknown",1
1643,233.6746633,,,BT BR/EDR RF,22,0x0021c4f4,"Transport: Any (BR 1Mbps), RF Channel:  2 (SP:  -53, NP:  -55), Packet Type: Unknown",1
1644,233.8776577,,,BT BR/EDR RF,22,0x0021c4f4,"Transport: Any (BR 1Mbps), RF Channel:  4 (SP:  -44, NP:  -55), Packet Type: Unknown",1
1645,233.8784571,,,BT BR/EDR RF,22,0x0021c4f4,"Transport: Any (BR 1Mbps), RF Channel:  4 (SP:  -44, NP:  -55), Packet Type: Unknown",1
1646,233.9590925,,,BT BR/EDR RF,22,0x0021c4f4,"Transport: Any (BR 1Mbps), RF Channel: 68 (SP:  -75), Packet Type: Unknown",1
1647,234.0084216,,,BT BR/EDR RF,22,0x0021c4f4,"Transport: Any (BR 1Mbps), RF Channel: 21 (SP:  -77), Packet Type: Unknown",1
1648,234.0822437,,,BT BR/EDR RF,22,0x0021c4f4,"Transport: Any (BR 1Mbps), RF Channel:  6 (SP:  -40, NP:  -55), Packet Type: Unknown",1
1649,234.338301,,,BT BR/EDR RF,22,0x0021c4f4,"Transport: Any (BR 1Mbps), RF Channel: 72 (SP:  -70), Packet Type: Unknown",1
1650,234.3587047,,,BT BR/EDR RF,22,0x002ff7a8,"Transport: Any (BR 1Mbps), RF Channel: 72 (SP:    0, NP:  -55), Packet Type: Unknown",1
1651,234.7678874,,,BT BR/EDR RF,22,0x0021c4f4,"Transport: Any (BR 1Mbps), RF Channel: 76 (SP:  -71), Packet Type: Unknown",1
1652,234.7682866,,,BT BR/EDR RF,22,0x0021c4f4,"Transport: Any (BR 1Mbps), RF Channel: 76 (SP:  -71), Packet Type: Unknown",1
1653,234.7824031,,,BT BR/EDR RF,22,0x002ff7a8,"Transport: Any (BR 1Mbps), RF Channel: 29 (SP:  -70), Packet Type: Unknown",1
1654,234.7867971,,,BT BR/EDR RF,22,0x002ff7a8,"Transport: Any (BR 1Mbps), RF Channel: 29 (SP:  -74), Packet Type: Unknown",1
1655,234.842116,,,BT BR/EDR RF,22,0x0029cfc6,"Transport: Any (BR 1Mbps), RF Channel: 61 (SP:  -73), Packet Type: Unknown",1
1656,234.8822645,,,BT BR/EDR RF,22,0x0021c4f4,"Transport: Any (BR 1Mbps), RF Channel: 14 (SP:  -74), Packet Type: Unknown",1
1657,234.9055897,,,BT BR/EDR RF,22,0x002ff7a8,"Transport: Any (BR 1Mbps), RF Channel: 46 (SP:    0, NP:  -55), Packet Type: Unknown",1
1658,235.080492,,,BT BR/EDR RF,22,0x002ff7a8,"Transport: Any (BR 1Mbps), RF Channel: 16 (SP:  -79), Packet Type: Unknown",1
1659,235.1840589,,,BT BR/EDR RF,22,0x002ff7a8,"Transport: Any (BR 1Mbps), RF Channel: 33 (SP:  -56), Packet Type: Unknown",1
1660,235.2497799,,,BT BR/EDR RF,22,0x0021c4f4,"Transport: Any (BR 1Mbps), RF Channel: 65 (SP:  -74), Packet Type: Unknown",1
1661,235.3216489,,,BT BR/EDR RF,22,0x0021c4f4,"Transport: Any (BR 1Mbps), RF Channel: 50 (SP:  -63), Packet Type: Unknown",1
1662,235.4821801,,,BT BR/EDR RF,22,0x0021c4f4,"Transport: Any (BR 1Mbps), RF Channel: 20 (SP:  -77), Packet Type: Unknown",1
1663,235.5182903,,,BT BR/EDR RF,22,0x0021c4f4,"Transport: Any (BR 1Mbps), RF Channel: 52 (SP:  -67), Packet Type: Unknown",1
1664,235.5190892,,,BT BR/EDR RF,22,0x0021c4f4,"Transport: Any (BR 1Mbps), RF Channel: 52 (SP:  -70), Packet Type: Unknown",1
1665,235.519489,,,BT BR/EDR RF,22,0x0021c4f4,"Transport: Any (BR 1Mbps), RF Channel: 52 (SP:  -72), Packet Type: Unknown",1
1666,235.6414139,,,BT BR/EDR RF,22,0x0021c4f4,"Transport: Any (BR 1Mbps), RF Channel: 69 (SP:  -73), Packet Type: Unknown",1
1667,235.7208824,,,BT BR/EDR RF,22,0x0021c4f4,"Transport: Any (BR 1Mbps), RF Channel: 54 (SP:  -67), Packet Type: Unknown",1
1668,235.7967147,,,BT BR/EDR RF,22,0x002ff7a8,"Transport: Any (BR 1Mbps), RF Channel: 39 (SP:    0, NP:  -55), Packet Type: Unknown",1
1669,235.798715,,,BT BR/EDR RF,22,0x002ff7a8,"Transport: Any (BR 1Mbps), RF Channel: 39 (SP:    0, NP:  -55), Packet Type: Unknown",1
1670,235.9620232,,,BT BR/EDR RF,22,0x0021c4f4,"Transport: Any (BR 1Mbps), RF Channel:  9 (SP:  -76), Packet Type: Unknown",1
1671,236.0478517,,,BT BR/EDR RF,22,0x0021c4f4,"Transport: Any (BR 1Mbps), RF Channel: 73 (SP:  -54, NP:  -55), Packet Type: Unknown",1
1672,236.3114988,,,BT BR/EDR RF,22,0x0021c4f4,"Transport: Any (BR 1Mbps), RF Channel: 60 (SP:  -75), Packet Type: Unknown",1
1673,236.360833,,,BT BR/EDR RF,22,0x0021c4f4,"Transport: Any (BR 1Mbps), RF Channel: 13 (SP:  -74), Packet Type: Unknown",1
1674,236.3741499,,,BT BR/EDR RF,22,0x002ff7a8,"Transport: Any (BR 1Mbps), RF Channel: 45 (SP:    0, NP:  -55), Packet Type: Unknown",1
1675,236.3809526,,,BT BR/EDR RF,22,0x002ff7a8,"Transport: Any (BR 1Mbps), RF Channel: 45 (SP:    0, NP:  -55), Packet Type: Unknown",1
1676,236.4326807,,,BT BR/EDR RF,22,0x0021c4f4,"Transport: Any (BR 1Mbps), RF Channel: 77 (SP:  -72), Packet Type: Unknown",1
1677,236.5213491,,,BT BR/EDR RF,22,0x0021c4f4,"Transport: Any (BR 1Mbps), RF Channel: 62 (SP:  -73), Packet Type: Unknown",1
1678,236.5458823,,,BT BR/EDR RF,22,0x0021c4f4,"Transport: Any (BR 1Mbps), RF Channel: 15 (SP:  -72), Packet Type: Unknown",1
1679,236.789035,,,BT BR/EDR RF,22,0x002ff7a8,"Transport: Any (BR 1Mbps), RF Channel: 49 (SP:    0, NP:  -55), Packet Type: Unknown",1
1680,236.7898342,,,BT BR/EDR RF,22,0x002ff7a8,"Transport: Any (BR 1Mbps), RF Channel: 49 (SP:    0, NP:  -55), Packet Type: Unknown",1
1681,236.8347486,,,BT BR/EDR RF,22,0x0021c4f4,"Transport: Any (BR 1Mbps), RF Channel:  2 (SP:  -73), Packet Type: Unknown",1
1682,236.9297892,,,BT BR/EDR RF,22,0x0021c4f4,"Transport: Any (BR 1Mbps), RF Channel: 66 (SP:  -74), Packet Type: Unknown",1
1683,237.0004282,,,BT BR/EDR RF,22,0x0021c4f4,"Transport: Any (BR 1Mbps), RF Channel: 51 (SP:  -73), Packet Type: Unknown",1
1684,237.0008286,,,BT BR/EDR RF,22,0x0021c4f4,"Transport: Any (BR 1Mbps), RF Channel: 51 (SP:  -72), Packet Type: Unknown",1
1685,237.2207347,,,BT BR/EDR RF,22,0x0021c4f4,"Transport: Any (BR 1Mbps), RF Channel:  6 (SP:  -74), Packet Type: Unknown",1
1686,237.244741,,,BT BR/EDR RF,22,0x0021c4f4,"Transport: Any (BR 1Mbps), RF Channel:  6 (SP:  -74), Packet Type: Unknown",1
1687,237.552942,,,BT BR/EDR RF,22,0x002ff7a8,"Transport: Any (BR 1Mbps), RF Channel: 25 (SP:  -76), Packet Type: Unknown",1
1688,237.57174,,,BT BR/EDR RF,22,0x002ff7a8,"Transport: Any (BR 1Mbps), RF Channel: 25 (SP:  -62), Packet Type: Unknown",1
1689,237.6403774,,,BT BR/EDR RF,22,0x0021c4f4,"Transport: Any (BR 1Mbps), RF Channel: 10 (SP:  -81), Packet Type: Unknown",1
1690,237.6407775,,,BT BR/EDR RF,22,0x0021c4f4,"Transport: Any (BR 1Mbps), RF Channel: 10 (SP:  -75), Packet Type: Unknown",1
1691,237.6752995,,,BT BR/EDR RF,22,0x002ff7a8,"Transport: Any (BR 1Mbps), RF Channel: 42 (SP:    0, NP:  -55), Packet Type: Unknown",1
1692,237.9914536,,,BT BR/EDR RF,22,0x0021c4f4,"Transport: Any (BR 1Mbps), RF Channel: 61 (SP:  -78), Packet Type: Unknown",1
1693,237.9922545,,,BT BR/EDR RF,22,0x0021c4f4,"Transport: Any (BR 1Mbps), RF Channel: 61 (SP:  -72), Packet Type: Unknown",1
1694,238.243331,,,BT BR/EDR RF,22,0x0021c4f4,"Transport: Any (BR 1Mbps), RF Channel: 16 (SP:  -74), Packet Type: Unknown",1
1695,238.2497341,,,BT BR/EDR RF,22,0x0021c4f4,"Transport: Any (BR 1Mbps), RF Channel: 16 (SP:  -73), Packet Type: Unknown",1
1696,238.4820604,,,BT BR/EDR RF,22,0x0021c4f4,"Transport: Any (BR 1Mbps), RF Channel: 50 (SP:  -72), Packet Type: Unknown",1
1697,238.5034034,,,BT BR/EDR RF,22,0x0029cfc6,"Transport: Any (BR 1Mbps), RF Channel:  3 (SP:  -75), Packet Type: Unknown",1
1698,238.6084566,,,BT BR/EDR RF,22,0x0021c4f4,"Transport: Any (BR 1Mbps), RF Channel: 67 (SP:  -75), Packet Type: Unknown",1
1699,238.8014612,,,BT BR/EDR RF,22,0x0021c4f4,"Transport: Any (BR 1Mbps), RF Channel: 69 (SP:  -73), Packet Type: Unknown",1
1700,238.8022611,,,BT BR/EDR RF,22,0x0021c4f4,"Transport: Any (BR 1Mbps), RF Channel: 69 (SP:  -73), Packet Type: Unknown",1
1701,238.8877478,,,BT BR/EDR RF,22,0x0021c4f4,"Transport: Any (BR 1Mbps), RF Channel: 54 (SP:  -72), Packet Type: Unknown",1
1702,238.9740929,,,BT BR/EDR RF,22,0x002ff7a8,"Transport: Any (BR 1Mbps), RF Channel: 71 (SP:    0, NP:  -55), Packet Type: Unknown",1
1703,238.9760955,,,BT BR/EDR RF,22,0x002ff7a8,"Transport: Any (BR 1Mbps), RF Channel: 71 (SP:    0, NP:  -55), Packet Type: Unknown",1
1704,239.015412,,,BT BR/EDR RF,22,0x002ff7a8,"Transport: Any (BR 1Mbps), RF Channel: 24 (SP:  -76), Packet Type: Unknown",1
1705,239.1759159,,,BT BR/EDR RF,22,0x0021c4f4,"Transport: Any (BR 1Mbps), RF Channel: 73 (SP:  -70), Packet Type: Unknown",1
1706,239.6128736,,,BT BR/EDR RF,22,0x002ff7a8,"Transport: Any (BR 1Mbps), RF Channel: 30 (SP:  -72), Packet Type: Unknown",1
1707,239.9347046,,,BT BR/EDR RF,22,0x0021c4f4,"Transport: Any (BR 1Mbps), RF Channel: 49 (SP:  -72), Packet Type: Unknown",1
1708,239.9647061,,,BT BR/EDR RF,22,0x0021c4f4,"Transport: Any (BR 1Mbps), RF Channel: 49 (SP:  -72), Packet Type: Unknown",1
1709,240.0894646,,,BT BR/EDR RF,22,0x0021c4f4,"Transport: Any (BR 1Mbps), RF Channel: 66 (SP:  -76), Packet Type: Unknown",1
1710,240.1608947,,,BT BR/EDR RF,22,0x0021c4f4,"Transport: Any (BR 1Mbps), RF Channel: 51 (SP:  -71), Packet Type: Unknown",1
1711,240.3691093,,,BT BR/EDR RF,22,0x0021c4f4,"Transport: Any (BR 1Mbps), RF Channel: 53 (SP:  -73), Packet Type: Unknown",1
1712,240.4076381,,,BT BR/EDR RF,22,0x0021c4f4,"Transport: Any (BR 1Mbps), RF Channel:  6 (SP:  -80), Packet Type: Unknown",1
1713,240.408441,,,BT BR/EDR RF,22,0x0021c4f4,"Transport: Any (BR 1Mbps), RF Channel:  6 (SP:  -74), Packet Type: Unknown",1
1714,240.5621419,,,BT BR/EDR RF,22,0x0021c4f4,"Transport: Any (BR 1Mbps), RF Channel: 55 (SP:  -72), Packet Type: Unknown",1
1715,240.6541235,,,BT BR/EDR RF,22,0x002ff7a8,"Transport: Any (BR 1Mbps), RF Channel: 72 (SP:    0, NP:  -55), Packet Type: Unknown",1
1716,240.6717378,,,BT BR/EDR RF,22,0x002ff7a8,"Transport: Any (BR 1Mbps), RF Channel: 72 (SP:    0, NP:  -55), Packet Type: Unknown",1
1717,240.6721376,,,BT BR/EDR RF,22,0x002ff7a8,"Transport: Any (BR 1Mbps), RF Channel: 72 (SP:    0, NP:  -55), Packet Type: Unknown",1
1718,240.7515818,,,BT BR/EDR RF,22,0x0021c4f4,"Transport: Any (BR 1Mbps), RF Channel: 57 (SP:  -73), Packet Type: Unknown",1
1719,240.7519826,,,BT BR/EDR RF,22,0x0021c4f4,"Transport: Any (BR 1Mbps), RF Channel: 57 (SP:  -73), Packet Type: Unknown",1
1720,241.0095141,,,BT BR/EDR RF,22,0x0021c4f4,"Transport: Any (BR 1Mbps), RF Channel: 12 (SP:  -74), Packet Type: Unknown",1
1721,241.1110639,,,BT BR/EDR RF,22,0x002ff7a8,"Transport: Any (BR 1Mbps), RF Channel: 29 (SP:  -75), Packet Type: Unknown",1
1722,241.1683931,,,BT BR/EDR RF,22,0x0021c4f4,"Transport: Any (BR 1Mbps), RF Channel: 61 (SP:  -62), Packet Type: Unknown",1
1723,241.2703366,,,BT BR/EDR RF,22,0x0021c4f4,"Transport: Any (BR 1Mbps), RF Channel: 78 (SP:  -72), Packet Type: Unknown",1
1724,241.3577871,,,BT BR/EDR RF,22,0x0021c4f4,"Transport: Any (BR 1Mbps), RF Channel: 63 (SP:  -79), Packet Type: Unknown",1
1725,241.6278181,,,BT BR/EDR RF,22,0x002ff7a8,"Transport: Any (BR 1Mbps), RF Channel: 50 (SP:    0, NP:  -55), Packet Type: Unknown",1
1726,241.7947111,,,BT BR/EDR RF,22,0x0021c4f4,"Transport: Any (BR 1Mbps), RF Channel: 20 (SP:  -76), Packet Type: Unknown",1
1727,241.8416299,,,BT BR/EDR RF,22,0x0021c4f4,"Transport: Any (BR 1Mbps), RF Channel: 52 (SP:  -72), Packet Type: Unknown",1
1728,242.0490553,,,BT BR/EDR RF,22,0x0021c4f4,"Transport: Any (BR 1Mbps), RF Channel: 54 (SP:  -72), Packet Type: Unknown",1
1729,242.0494571,,,BT BR/EDR RF,22,0x0021c4f4,"Transport: Any (BR 1Mbps), RF Channel: 54 (SP:  -72), Packet Type: Unknown",1
1730,242.0783742,,,BT BR/EDR RF,22,0x0021c4f4,"Transport: Any (BR 1Mbps), RF Channel:  7 (SP:  -73), Packet Type: Unknown",1
1731,242.2376756,,,BT BR/EDR RF,22,0x0021c4f4,"Transport: Any (BR 1Mbps), RF Channel: 56 (SP:  -72), Packet Type: Unknown",1
1732,242.2384762,,,BT BR/EDR RF,22,0x0021c4f4,"Transport: Any (BR 1Mbps), RF Channel: 56 (SP:  -72), Packet Type: Unknown",1
1733,242.440323,,,BT BR/EDR RF,22,0x0021c4f4,"Transport: Any (BR 1Mbps), RF Channel: 58 (SP:  -73), Packet Type: Unknown",1
1734,242.4407221,,,BT BR/EDR RF,22,0x0021c4f4,"Transport: Any (BR 1Mbps), RF Channel: 58 (SP:  -73), Packet Type: Unknown",1
1735,242.9682555,,,BT BR/EDR RF,22,0x0021c4f4,"Transport: Any (BR 1Mbps), RF Channel:  0 (SP:  -74), Packet Type: Unknown",1
1736,243.0421086,,,BT BR/EDR RF,22,0x0021c4f4,"Transport: Any (BR 1Mbps), RF Channel: 64 (SP:  -72), Packet Type: Unknown",1
1737,243.2171829,,,BT BR/EDR RF,22,0x0021c4f4,"Transport: Any (BR 1Mbps), RF Channel: 66 (SP:  -73), Packet Type: Unknown",1
1738,243.3002349,,,BT BR/EDR RF,22,0x002ff7a8,"Transport: Any (BR 1Mbps), RF Channel: 51 (SP:  -65), Packet Type: Unknown",1
1739,243.318233,,,BT BR/EDR RF,22,0x0021c4f4,"Transport: Any (BR 1Mbps), RF Channel: 51 (SP:  -71), Packet Type: Unknown",1
1740,243.3695435,,,BT BR/EDR RF,22,0x0021c4f4,"Transport: Any (BR 1Mbps), RF Channel:  4 (SP:  -72), Packet Type: Unknown",1
1741,243.6375529,,,BT BR/EDR RF,22,0x0021c4f4,"Transport: Any (BR 1Mbps), RF Channel: 70 (SP:  -74), Packet Type: Unknown",1
1742,243.6383555,,,BT BR/EDR RF,22,0x0021c4f4,"Transport: Any (BR 1Mbps), RF Channel: 70 (SP:  -74), Packet Type: Unknown",1
1743,243.7278271,,,BT BR/EDR RF,22,0x0021c4f4,"Transport: Any (BR 1Mbps), RF Channel: 55 (SP:  -72), Packet Type: Unknown",1
1744,243.7282277,,,BT BR/EDR RF,22,0x0021c4f4,"Transport: Any (BR 1Mbps), RF Channel: 55 (SP:  -72), Packet Type: Unknown",1
1745,243.8413862,,,BT BR/EDR RF,22,0x0021c4f4,"Transport: Any (BR 1Mbps), RF Channel: 72 (SP:  -70), Packet Type: Unknown",1
1746,243.8421866,,,BT BR/EDR RF,22,0x0021c4f4,"Transport: Any (BR 1Mbps), RF Channel: 72 (SP:  -70), Packet Type: Unknown",1
1747,244.2402066,,,BT BR/EDR RF,22,0x0021c4f4,"Transport: Any (BR 1Mbps), RF Channel: 76 (SP:  -72), Packet Type: Unknown",1
1748,244.5608281,,,BT BR/EDR RF,22,0x0021c4f4,"Transport: Any (BR 1Mbps), RF Channel: 16 (SP:  -74), Packet Type: Unknown",1
1749,244.778398,,,BT BR/EDR RF,22,0x002ff7a8,"Transport: Any (BR 1Mbps), RF Channel: 50 (SP:  -70), Packet Type: Unknown",1
1750,244.8084096,,,BT BR/EDR RF,22,0x0021c4f4,"Transport: Any (BR 1Mbps), RF Channel: 50 (SP:  -72), Packet Type: Unknown",1
1751,244.9621032,,,BT BR/EDR RF,22,0x0021c4f4,"Transport: Any (BR 1Mbps), RF Channel: 20 (SP:  -75), Packet Type: Unknown",1
1752,245.121424,,,BT BR/EDR RF,22,0x0021c4f4,"Transport: Any (BR 1Mbps), RF Channel: 69 (SP:  -72), Packet Type: Unknown",1
1753,245.1222262,,,BT BR/EDR RF,22,0x0021c4f4,"Transport: Any (BR 1Mbps), RF Channel: 69 (SP:  -72), Packet Type: Unknown",1
1754,245.208904,,,BT BR/EDR RF,22,0x0021c4f4,"Transport: Any (BR 1Mbps), RF Channel: 54 (SP:  -71), Packet Type: Unknown",1
1755,245.3767282,,,BT BR/EDR RF,22,0x002ff7a8,"Transport: Any (BR 1Mbps), RF Channel: 56 (SP:  -72), Packet Type: Unknown",1
1756,245.3771271,,,BT BR/EDR RF,22,0x002ff7a8,"Transport: Any (BR 1Mbps), RF Channel: 56 (SP:  -72), Packet Type: Unknown",1
1757,245.4015421,,,BT BR/EDR RF,22,0x0021c4f4,"Transport: Any (BR 1Mbps), RF Channel: 56 (SP:  -74), Packet Type: Unknown",1
1758,245.6495047,,,BT BR/EDR RF,22,0x0021c4f4,"Transport: Any (BR 1Mbps), RF Channel: 11 (SP:  -74), Packet Type: Unknown",1
1759,245.6652205,,,BT BR/EDR RF,22,0x002ff7a8,"Transport: Any (BR 1Mbps), RF Channel: 43 (SP:    0, NP:  -55), Packet Type: Unknown",1
1760,245.6672224,,,BT BR/EDR RF,22,0x002ff7a8,"Transport: Any (BR 1Mbps), RF Channel: 43 (SP:    0, NP:  -55), Packet Type: Unknown",1
1761,245.7053517,,,BT BR/EDR RF,22,0x002ff7a8,"Transport: Any (BR 1Mbps), RF Channel: 75 (SP:    0, NP:  -55), Packet Type: Unknown",1
1762,245.7213481,,,BT BR/EDR RF,22,0x0021c4f4,"Transport: Any (BR 1Mbps), RF Channel: 75 (SP:  -71), Packet Type: Unknown",1
1763,246.0002012,,,BT BR/EDR RF,22,0x0021c4f4,"Transport: Any (BR 1Mbps), RF Channel: 62 (SP:  -72), Packet Type: Unknown",1
1764,246.0419453,,,BT BR/EDR RF,22,0x0021c4f4,"Transport: Any (BR 1Mbps), RF Channel: 15 (SP:  -75), Packet Type: Unknown",1
1765,246.11097,,,BT BR/EDR RF,22,0x0021c4f4,"Transport: Any (BR 1Mbps), RF Channel:  0 (SP:    0, NP:  -55), Packet Type: Unknown",1
1766,246.2016101,,,BT BR/EDR RF,22,0x0021c4f4,"Transport: Any (BR 1Mbps), RF Channel: 64 (SP:  -81), Packet Type: Unknown",1
1767,246.2020077,,,BT BR/EDR RF,22,0x0021c4f4,"Transport: Any (BR 1Mbps), RF Channel: 64 (SP:  -74), Packet Type: Unknown",1
1768,246.3207959,,,BT BR/EDR RF,22,0x0021c4f4,"Transport: Any (BR 1Mbps), RF Channel:  2 (SP:  -73), Packet Type: Unknown",1
1769,246.3934461,,,BT BR/EDR RF,22,0x0021c4f4,"Transport: Any (BR 1Mbps), RF Channel: 66 (SP:  -74), Packet Type: Unknown",1
1770,246.4439766,,,BT BR/EDR RF,22,0x002ff7a8,"Transport: Any (BR 1Mbps), RF Channel: 19 (SP:  -83), Packet Type: Unknown",1
1771,246.4897079,,,BT BR/EDR RF,22,0x0021c4f4,"Transport: Any (BR 1Mbps), RF Channel: 51 (SP:  -72), Packet Type: Unknown",1
1772,246.5222375,,,BT BR/EDR RF,22,0x0021c4f4,"Transport: Any (BR 1Mbps), RF Channel:  4 (SP:  -74), Packet Type: Unknown",1
1773,246.6603,,,BT BR/EDR RF,22,0x002ff7a8,"Transport: Any (BR 1Mbps), RF Channel: 53 (SP:  -58), Packet Type: Unknown",1
1774,246.7982505,,,BT BR/EDR RF,22,0x0021c4f4,"Transport: Any (BR 1Mbps), RF Channel: 70 (SP:  -71), Packet Type: Unknown",1
1775,246.8283736,,,BT BR/EDR RF,22,0x002ff7a8,"Transport: Any (BR 1Mbps), RF Channel: 23 (SP:    0, NP:  -55), Packet Type: Unknown",1
1776,246.9667215,,,BT BR/EDR RF,22,0x002ff7a8,"Transport: Any (BR 1Mbps), RF Channel: 40 (SP:  -69), Packet Type: Unknown",1
1777,246.9852341,,,BT BR/EDR RF,22,0x002ff7a8,"Transport: Any (BR 1Mbps), RF Channel: 72 (SP:    0, NP:  -55), Packet Type: Unknown",1
1778,247.1175909,,,BT BR/EDR RF,22,0x0021c4f4,"Transport: Any (BR 1Mbps), RF Channel: 10 (SP:  -81), Packet Type: Unknown",1
1779,247.1183892,,,BT BR/EDR RF,22,0x0021c4f4,"Transport: Any (BR 1Mbps), RF Channel: 10 (SP:  -72), Packet Type: Unknown",1
1780,247.338319,,,BT BR/EDR RF,22,0x002ff7a8,"Transport: Any (BR 1Mbps), RF Channel: 44 (SP:    0, NP:  -55), Packet Type: Unknown",1
1781,247.4882879,,,BT BR/EDR RF,22,0x0021c4f4,"Transport: Any (BR 1Mbps), RF Channel: 61 (SP:  -66), Packet Type: Unknown",1
1782,247.6002776,,,BT BR/EDR RF,22,0x0021c4f4,"Transport: Any (BR 1Mbps), RF Channel: 78 (SP:  -62), Packet Type: Unknown",1
1783,247.9333799,,,BT BR/EDR RF,22,0x0021c4f4,"Transport: Any (BR 1Mbps), RF Channel: 50 (SP:  -72), Packet Type: Unknown",1
1784,247.9625892,,,BT BR/EDR RF,22,0x0021c4f4,"Transport: Any (BR 1Mbps), RF Channel: 50 (SP:  -73), Packet Type: Unknown",1
1785,247.968992,,,BT BR/EDR RF,22,0x0021c4f4,"Transport: Any (BR 1Mbps), RF Channel: 50 (SP:  -73), Packet Type: Unknown",1
1786,247.9983561,,,BT BR/EDR RF,22,0x0021c4f4,"Transport: Any (BR 1Mbps), RF Channel:  3 (SP:  -72), Packet Type: Unknown",1
1787,248.2022097,,,BT BR/EDR RF,22,0x0021c4f4,"Transport: Any (BR 1Mbps), RF Channel:  5 (SP:  -72), Packet Type: Unknown",1
1788,248.2888529,,,BT BR/EDR RF,22,0x0021c4f4,"Transport: Any (BR 1Mbps), RF Channel: 69 (SP:  -72), Packet Type: Unknown",1
1789,248.560107,,,BT BR/EDR RF,22,0x0021c4f4,"Transport: Any (BR 1Mbps), RF Channel: 56 (SP:  -72), Packet Type: Unknown",1
1790,248.5894308,,,BT BR/EDR RF,22,0x0021c4f4,"Transport: Any (BR 1Mbps), RF Channel:  9 (SP:  -65), Packet Type: Unknown",1
1791,248.7695005,,,BT BR/EDR RF,22,0x0021c4f4,"Transport: Any (BR 1Mbps), RF Channel: 58 (SP:  -73), Packet Type: Unknown",1
1792,248.8165526,,,BT BR/EDR RF,22,0x002ff7a8,"Transport: Any (BR 1Mbps), RF Channel: 43 (SP:    0, NP:  -55), Packet Type: Unknown",1
1793,248.8802777,,,BT BR/EDR RF,22,0x0021c4f4,"Transport: Any (BR 1Mbps), RF Channel: 75 (SP:  -70), Packet Type: Unknown",1
1794,248.8838785,,,BT BR/EDR RF,22,0x0021c4f4,"Transport: Any (BR 1Mbps), RF Channel: 75 (SP:  -70), Packet Type: Unknown",1
1795,249.0888875,,,BT BR/EDR RF,22,0x0021c4f4,"Transport: Any (BR 1Mbps), RF Channel: 77 (SP:  -73), Packet Type: Unknown",1
1796,249.3582237,,,BT BR/EDR RF,22,0x0021c4f4,"Transport: Any (BR 1Mbps), RF Channel: 64 (SP:  -73), Packet Type: Unknown",1
1797,249.395179,,,BT BR/EDR RF,22,0x002ff7a8,"Transport: Any (BR 1Mbps), RF Channel: 17 (SP:  -73), Packet Type: Unknown",1
1798,249.7619033,,,BT BR/EDR RF,22,0x0021c4f4,"Transport: Any (BR 1Mbps), RF Channel: 68 (SP:  -77), Packet Type: Unknown",1
1799,250.0183635,,,BT BR/EDR RF,22,0x0021c4f4,"Transport: Any (BR 1Mbps), RF Channel: 55 (SP:  -74), Packet Type: Unknown",1
1800,250.0383749,,,BT BR/EDR RF,22,0x0021c4f4,"Transport: Any (BR 1Mbps), RF Channel: 55 (SP:  -73), Packet Type: Unknown",1
1801,250.0608946,,,BT BR/EDR RF,22,0x0029cfc6,"Transport: Any (BR 1Mbps), RF Channel:  8 (SP:  -74), Packet Type: Unknown",1
1802,250.4284566,,,BT BR/EDR RF,22,0x002ff7a8,"Transport: Any (BR 1Mbps), RF Channel: 59 (SP:  -72), Packet Type: Unknown",1
1803,250.5864971,,,BT BR/EDR RF,22,0x002ff7a8,"Transport: Any (BR 1Mbps), RF Channel: 29 (SP:  -73), Packet Type: Unknown",1
1804,250.9206685,,,BT BR/EDR RF,22,0x0021c4f4,"Transport: Any (BR 1Mbps), RF Channel: 48 (SP:  -74), Packet Type: Unknown",1
1805,250.9327741,,,BT BR/EDR RF,22,0x002ff7a8,"Transport: Any (BR 1Mbps), RF Channel:  1 (SP:  -70), Packet Type: Unknown",1
1806,251.0108872,,,BT BR/EDR RF,22,0x002ff7a8,"Transport: Any (BR 1Mbps), RF Channel: 33 (SP:  -71), Packet Type: Unknown",1
1807,251.1209315,,,BT BR/EDR RF,22,0x0021c4f4,"Transport: Any (BR 1Mbps), RF Channel: 50 (SP:  -73), Packet Type: Unknown",1
1808,251.2481349,,,BT BR/EDR RF,22,0x0021c4f4,"Transport: Any (BR 1Mbps), RF Channel: 67 (SP:  -76), Packet Type: Unknown",1
1809,251.4403179,,,BT BR/EDR RF,22,0x0021c4f4,"Transport: Any (BR 1Mbps), RF Channel: 69 (SP:  -75), Packet Type: Unknown",1
1810,251.5289702,,,BT BR/EDR RF,22,0x0021c4f4,"Transport: Any (BR 1Mbps), RF Channel: 54 (SP:  -72), Packet Type: Unknown",1
1811,251.7175361,,,BT BR/EDR RF,22,0x0021c4f4,"Transport: Any (BR 1Mbps), RF Channel: 56 (SP:  -74), Packet Type: Unknown",1
1812,251.9682938,,,BT BR/EDR RF,22,0x0021c4f4,"Transport: Any (BR 1Mbps), RF Channel: 11 (SP:  -73), Packet Type: Unknown",1
1813,252.127574,,,BT BR/EDR RF,22,0x0021c4f4,"Transport: Any (BR 1Mbps), RF Channel: 60 (SP:  -74), Packet Type: Unknown",1
1814,252.1644919,,,BT BR/EDR RF,22,0x0029cfc6,"Transport: Any (BR 1Mbps), RF Channel: 13 (SP:  -76), Packet Type: Unknown",1
1815,252.1696943,,,BT BR/EDR RF,22,0x0021c4f4,"Transport: Any (BR 1Mbps), RF Channel: 13 (SP:  -71), Packet Type: Unknown",1
1816,252.3583297,,,BT BR/EDR RF,22,0x0021c4f4,"Transport: Any (BR 1Mbps), RF Channel: 15 (SP:  -72), Packet Type: Unknown",1
1817,252.3607277,,,BT BR/EDR RF,22,0x0021c4f4,"Transport: Any (BR 1Mbps), RF Channel: 15 (SP:  -72), Packet Type: Unknown",1
1818,252.5782929,,,BT BR/EDR RF,22,0x002ff7a8,"Transport: Any (BR 1Mbps), RF Channel: 49 (SP:    0, NP:  -55), Packet Type: Unknown",1
1819,252.649653,,,BT BR/EDR RF,22,0x0021c4f4,"Transport: Any (BR 1Mbps), RF Channel:  2 (SP:  -72), Packet Type: Unknown",1
1820,252.7207165,,,BT BR/EDR RF,22,0x0021c4f4,"Transport: Any (BR 1Mbps), RF Channel: 66 (SP:  -56), Packet Type: Unknown",1
1821,252.8418788,,,BT BR/EDR RF,22,0x0021c4f4,"Transport: Any (BR 1Mbps), RF Channel:  4 (SP:  -70), Packet Type: Unknown",1
1822,252.8563929,,,BT BR/EDR RF,22,0x002ff7a8,"Transport: Any (BR 1Mbps), RF Channel: 36 (SP:  -76), Packet Type: Unknown",1
1823,252.9975614,,,BT BR/EDR RF,22,0x0021c4f4,"Transport: Any (BR 1Mbps), RF Channel: 53 (SP:  -73), Packet Type: Unknown",1
1824,252.9983614,,,BT BR/EDR RF,22,0x0021c4f4,"Transport: Any (BR 1Mbps), RF Channel: 53 (SP:  -73), Packet Type: Unknown",1
1825,253.0959122,,,BT BR/EDR RF,22,0x002ff7a8,"Transport: Any (BR 1Mbps), RF Channel: 70 (SP:  -80), Packet Type: Unknown",1
1826,253.1733283,,,BT BR/EDR RF,22,0x0021c4f4,"Transport: Any (BR 1Mbps), RF Channel: 55 (SP:  -71), Packet Type: Unknown",1
1827,253.4420442,,,BT BR/EDR RF,22,0x0021c4f4,"Transport: Any (BR 1Mbps), RF Channel: 10 (SP:  -72), Packet Type: Unknown",1
1828,253.5584306,,,BT BR/EDR RF,22,0x002ff7a8,"Transport: Any (BR 1Mbps), RF Channel: 27 (SP:  -74), Packet Type: Unknown",1
1829,253.6081608,,,BT BR/EDR RF,22,0x0021c4f4,"Transport: Any (BR 1Mbps), RF Channel: 59 (SP:  -74), Packet Type: Unknown",1
1830,253.6953142,,,BT BR/EDR RF,22,0x0021c4f4,"Transport: Any (BR 1Mbps), RF Channel: 76 (SP:  -73), Packet Type: Unknown",1
1831,254.0820479,,,BT BR/EDR RF,22,0x0021c4f4,"Transport: Any (BR 1Mbps), RF Channel: 48 (SP:  -73), Packet Type: Unknown",1
1832,254.1245845,,,BT BR/EDR RF,22,0x0021c4f4,"Transport: Any (BR 1Mbps), RF Channel:  1 (SP:  -74), Packet Type: Unknown",1
1833,254.2782916,,,BT BR/EDR RF,22,0x002ff7a8,"Transport: Any (BR 1Mbps), RF Channel: 50 (SP:    0, NP:  -55), Packet Type: Unknown",1
1834,254.918216,,,BT BR/EDR RF,22,0x0021c4f4,"Transport: Any (BR 1Mbps), RF Channel:  9 (SP:  -72), Packet Type: Unknown",1
1835,254.974068,,,BT BR/EDR RF,22,0x002ff7a8,"Transport: Any (BR 1Mbps), RF Channel: 73 (SP:    0, NP:  -55), Packet Type: Unknown",1
1836,255.2801327,,,BT BR/EDR RF,22,0x0021c4f4,"Transport: Any (BR 1Mbps), RF Channel: 60 (SP:  -62), Packet Type: Unknown",1
1837,255.2809357,,,BT BR/EDR RF,22,0x0021c4f4,"Transport: Any (BR 1Mbps), RF Channel: 60 (SP:  -62), Packet Type: Unknown",1
1838,255.6845868,,,BT BR/EDR RF,22,0x0021c4f4,"Transport: Any (BR 1Mbps), RF Channel: 64 (SP:  -67), Packet Type: Unknown",1
1839,255.8896343,,,BT BR/EDR RF,22,0x0021c4f4,"Transport: Any (BR 1Mbps), RF Channel: 66 (SP:  -74), Packet Type: Unknown",1
1840,255.9281683,,,BT BR/EDR RF,22,0x0021c4f4,"Transport: Any (BR 1Mbps), RF Channel: 19 (SP:  -72), Packet Type: Unknown",1
1841,255.9450909,,,BT BR/EDR RF,22,0x002ff7a8,"Transport: Any (BR 1Mbps), RF Channel: 51 (SP:    0, NP:  -55), Packet Type: Unknown",1
1842,255.9470899,,,BT BR/EDR RF,22,0x002ff7a8,"Transport: Any (BR 1Mbps), RF Channel: 51 (SP:    0, NP:  -55), Packet Type: Unknown",1
1843,255.9618991,,,BT BR/EDR RF,22,0x0021c4f4,"Transport: Any (BR 1Mbps), RF Channel: 51 (SP:  -73), Packet Type: Unknown",1
1844,256.2812199,,,BT BR/EDR RF,22,0x0021c4f4,"Transport: Any (BR 1Mbps), RF Channel: 70 (SP:  -72), Packet Type: Unknown",1
1845,256.4096027,,,BT BR/EDR RF,22,0x0021c4f4,"Transport: Any (BR 1Mbps), RF Channel:  8 (SP:  -74), Packet Type: Unknown",1
1846,256.5600885,,,BT BR/EDR RF,22,0x0021c4f4,"Transport: Any (BR 1Mbps), RF Channel: 57 (SP:  -72), Packet Type: Unknown",1
1847,256.642725,,,BT BR/EDR RF,22,0x002ff7a8,"Transport: Any (BR 1Mbps), RF Channel: 42 (SP:  -72), Packet Type: Unknown",1
1848,256.7169598,,,BT BR/EDR RF,22,0x002ff7a8,"Transport: Any (BR 1Mbps), RF Channel: 27 (SP:  -74), Packet Type: Unknown",1
1849,256.7618662,,,BT BR/EDR RF,22,0x0021c4f4,"Transport: Any (BR 1Mbps), RF Channel: 59 (SP:  -73), Packet Type: Unknown",1
1850,257.3581095,,,BT BR/EDR RF,22,0x0021c4f4,"Transport: Any (BR 1Mbps), RF Channel: 65 (SP:  -74), Packet Type: Unknown",1
1851,257.3794555,,,BT BR/EDR RF,22,0x0029cfc6,"Transport: Any (BR 1Mbps), RF Channel: 18 (SP:  -76), Packet Type: Unknown",1
1852,257.4487829,,,BT BR/EDR RF,22,0x0021c4f4,"Transport: Any (BR 1Mbps), RF Channel: 50 (SP:  -73), Packet Type: Unknown",1
1853,257.4495826,,,BT BR/EDR RF,22,0x0021c4f4,"Transport: Any (BR 1Mbps), RF Channel: 50 (SP:  -73), Packet Type: Unknown",1
1854,257.6482011,,,BT BR/EDR RF,22,0x0021c4f4,"Transport: Any (BR 1Mbps), RF Channel: 52 (SP:  -71), Packet Type: Unknown",1
1855,257.7393404,,,BT BR/EDR RF,22,0x0021c4f4,"Transport: Any (BR 1Mbps), RF Channel: 69 (SP:  -67), Packet Type: Unknown",1
1856,257.8399916,,,BT BR/EDR RF,22,0x0021c4f4,"Transport: Any (BR 1Mbps), RF Channel: 54 (SP:  -67), Packet Type: Unknown",1
1857,257.8407906,,,BT BR/EDR RF,22,0x0021c4f4,"Transport: Any (BR 1Mbps), RF Channel: 54 (SP:  -67), Packet Type: Unknown",1
1858,257.9675295,,,BT BR/EDR RF,22,0x0021c4f4,"Transport: Any (BR 1Mbps), RF Channel: 71 (SP:  -66), Packet Type: Unknown",1
1859,257.9683299,,,BT BR/EDR RF,22,0x0021c4f4,"Transport: Any (BR 1Mbps), RF Channel: 71 (SP:  -66), Packet Type: Unknown",1
1860,258.048944,,,BT BR/EDR RF,22,0x0021c4f4,"Transport: Any (BR 1Mbps), RF Channel: 56 (SP:  -73), Packet Type: Unknown",1
1861,258.1541126,,,BT BR/EDR RF,22,0x002ff7a8,"Transport: Any (BR 1Mbps), RF Channel: 73 (SP:  -81), Packet Type: Unknown",1
1862,258.2239517,,,BT BR/EDR RF,22,0x002ff7a8,"Transport: Any (BR 1Mbps), RF Channel: 58 (SP:  -72), Packet Type: Unknown",1
1863,258.224753,,,BT BR/EDR RF,22,0x002ff7a8,"Transport: Any (BR 1Mbps), RF Channel: 58 (SP:  -72), Packet Type: Unknown",1
1864,258.2656852,,,BT BR/EDR RF,22,0x0021c4f4,"Transport: Any (BR 1Mbps), RF Channel: 11 (SP:  -74), Packet Type: Unknown",1
1865,258.3663381,,,BT BR/EDR RF,22,0x002ff7a8,"Transport: Any (BR 1Mbps), RF Channel: 75 (SP:    0, NP:  -55), Packet Type: Unknown",1
1866,258.3683389,,,BT BR/EDR RF,22,0x002ff7a8,"Transport: Any (BR 1Mbps), RF Channel: 75 (SP:    0, NP:  -55), Packet Type: Unknown",1
1867,258.3687377,,,BT BR/EDR RF,22,0x0021c4f4,"Transport: Any (BR 1Mbps), RF Channel: 75 (SP:    0, NP:  -55), Packet Type: Unknown",1
1868,258.3695382,,,BT BR/EDR RF,22,0x0021c4f4,"Transport: Any (BR 1Mbps), RF Channel: 75 (SP:    0, NP:  -55), Packet Type: Unknown",1
1869,258.5052522,,,BT BR/EDR RF,22,0x002ff7a8,"Transport: Any (BR 1Mbps), RF Channel: 45 (SP:    0, NP:  -55), Packet Type: Unknown",1
1870,258.5072529,,,BT BR/EDR RF,22,0x002ff7a8,"Transport: Any (BR 1Mbps), RF Channel: 45 (SP:    0, NP:  -55), Packet Type: Unknown",1
1871,258.8494136,,,BT BR/EDR RF,22,0x0021c4f4,"Transport: Any (BR 1Mbps), RF Channel: 64 (SP:  -49, NP:  -55), Packet Type: Unknown",1
1872,259.1207718,,,BT BR/EDR RF,22,0x0021c4f4,"Transport: Any (BR 1Mbps), RF Channel: 51 (SP:  -72), Packet Type: Unknown",1
1873,259.2820527,,,BT BR/EDR RF,22,0x0021c4f4,"Transport: Any (BR 1Mbps), RF Channel: 21 (SP:  -77), Packet Type: Unknown",1
1874,259.3293792,,,BT BR/EDR RF,22,0x0021c4f4,"Transport: Any (BR 1Mbps), RF Channel: 53 (SP:  -72), Packet Type: Unknown",1
1875,259.569358,,,BT BR/EDR RF,22,0x0021c4f4,"Transport: Any (BR 1Mbps), RF Channel:  8 (SP:  -76), Packet Type: Unknown",1
1876,259.635187,,,BT BR/EDR RF,22,0x002ff7a8,"Transport: Any (BR 1Mbps), RF Channel: 72 (SP:    0, NP:  -55), Packet Type: Unknown",1
1877,260.110617,,,BT BR/EDR RF,22,0x0021c4f4,"Transport: Any (BR 1Mbps), RF Channel: 61 (SP:  -73), Packet Type: Unknown",1
1878,260.1258146,,,BT BR/EDR RF,22,0x0021c4f4,"Transport: Any (BR 1Mbps), RF Channel: 61 (SP:  -72), Packet Type: Unknown",1
1879,260.1619271,,,BT BR/EDR RF,22,0x0021c4f4,"Transport: Any (BR 1Mbps), RF Channel: 14 (SP:  -72), Packet Type: Unknown",1
1880,260.2349702,,,BT BR/EDR RF,22,0x0021c4f4,"Transport: Any (BR 1Mbps), RF Channel: 78 (SP:  -72), Packet Type: Unknown",1
1881,260.400656,,,BT BR/EDR RF,22,0x0021c4f4,"Transport: Any (BR 1Mbps), RF Channel: 48 (SP:  -50, NP:  -55), Packet Type: Unknown",1
1882,260.4982156,,,BT BR/EDR RF,22,0x0021c4f4,"Transport: Any (BR 1Mbps), RF Channel: 65 (SP:  -74), Packet Type: Unknown",1
1883,260.9282193,,,BT BR/EDR RF,22,0x0021c4f4,"Transport: Any (BR 1Mbps), RF Channel: 69 (SP:  -75), Packet Type: Unknown",1
1884,261.0270357,,,BT BR/EDR RF,22,0x0029cfc6,"Transport: Any (BR 1Mbps), RF Channel:  7 (SP:  -72), Packet Type: Unknown",1
1885,261.0418305,,,BT BR/EDR RF,22,0x0021c4f4,"Transport: Any (BR 1Mbps), RF Channel:  7 (SP:  -72), Packet Type: Unknown",1
1886,261.4715816,,,BT BR/EDR RF,22,0x002ff7a8,"Transport: Any (BR 1Mbps), RF Channel: 43 (SP:  -72), Packet Type: Unknown",1
1887,261.6087681,,,BT BR/EDR RF,22,0x0021c4f4,"Transport: Any (BR 1Mbps), RF Channel: 60 (SP:  -73), Packet Type: Unknown",1
1888,261.6690112,,,BT BR/EDR RF,22,0x002ff7a8,"Transport: Any (BR 1Mbps), RF Channel: 45 (SP:    0, NP:  -55), Packet Type: Unknown",1
1889,261.6694106,,,BT BR/EDR RF,22,0x002ff7a8,"Transport: Any (BR 1Mbps), RF Channel: 45 (SP:    0, NP:  -55), Packet Type: Unknown",1
1890,261.801381,,,BT BR/EDR RF,22,0x0021c4f4,"Transport: Any (BR 1Mbps), RF Channel: 62 (SP:  -74), Packet Type: Unknown",1
1891,261.823107,,,BT BR/EDR RF,22,0x0021c4f4,"Transport: Any (BR 1Mbps), RF Channel: 15 (SP:  -72), Packet Type: Unknown",1
1892,262.0582928,,,BT BR/EDR RF,22,0x0021c4f4,"Transport: Any (BR 1Mbps), RF Channel: 49 (SP:  -73), Packet Type: Unknown",1
1893,262.2496092,,,BT BR/EDR RF,22,0x0021c4f4,"Transport: Any (BR 1Mbps), RF Channel: 19 (SP:  -75), Packet Type: Unknown",1
1894,262.321846,,,BT BR/EDR RF,22,0x0021c4f4,"Transport: Any (BR 1Mbps), RF Channel:  4 (SP:  -74), Packet Type: Unknown",1
1895,262.4089046,,,BT BR/EDR RF,22,0x0021c4f4,"Transport: Any (BR 1Mbps), RF Channel: 68 (SP:  -56), Packet Type: Unknown",1
1896,262.4406189,,,BT BR/EDR RF,22,0x0021c4f4,"Transport: Any (BR 1Mbps), RF Channel: 21 (SP:  -75), Packet Type: Unknown",1
1897,262.4863212,,,BT BR/EDR RF,22,0x0021c4f4,"Transport: Any (BR 1Mbps), RF Channel: 53 (SP:  -73), Packet Type: Unknown",1
1898,262.4871215,,,BT BR/EDR RF,22,0x0021c4f4,"Transport: Any (BR 1Mbps), RF Channel: 53 (SP:  -73), Packet Type: Unknown",1
1899,262.5974639,,,BT BR/EDR RF,22,0x0021c4f4,"Transport: Any (BR 1Mbps), RF Channel: 70 (SP:  -74), Packet Type: Unknown",1
1900,262.8887219,,,BT BR/EDR RF,22,0x0021c4f4,"Transport: Any (BR 1Mbps), RF Channel: 57 (SP:  -74), Packet Type: Unknown",1
1901,263.0813227,,,BT BR/EDR RF,22,0x0021c4f4,"Transport: Any (BR 1Mbps), RF Channel: 59 (SP:  -75), Packet Type: Unknown",1
1902,263.288342,,,BT BR/EDR RF,22,0x0021c4f4,"Transport: Any (BR 1Mbps), RF Channel: 61 (SP:  -66), Packet Type: Unknown",1
1903,263.5006581,,,BT BR/EDR RF,22,0x0029cfc6,"Transport: Any (BR 1Mbps), RF Channel: 16 (SP:  -70), Packet Type: Unknown",1
1904,263.5218648,,,BT BR/EDR RF,22,0x0021c4f4,"Transport: Any (BR 1Mbps), RF Channel: 16 (SP:  -72), Packet Type: Unknown",1
1905,263.6093369,,,BT BR/EDR RF,22,0x0021c4f4,"Transport: Any (BR 1Mbps), RF Channel:  1 (SP:  -72), Packet Type: Unknown",1
1906,263.7907902,,,BT BR/EDR RF,22,0x0029cfc6,"Transport: Any (BR 1Mbps), RF Channel:  3 (SP:  -77), Packet Type: Unknown",1
1907,264.0876645,,,BT BR/EDR RF,22,0x0021c4f4,"Transport: Any (BR 1Mbps), RF Channel: 69 (SP:  -66), Packet Type: Unknown",1
1908,264.1619312,,,BT BR/EDR RF,22,0x0021c4f4,"Transport: Any (BR 1Mbps), RF Channel: 54 (SP:  -72), Packet Type: Unknown",1
1909,264.4082921,,,BT BR/EDR RF,22,0x0021c4f4,"Transport: Any (BR 1Mbps), RF Channel:  9 (SP:  -72), Packet Type: Unknown",1
1910,264.4106951,,,BT BR/EDR RF,22,0x0021c4f4,"Transport: Any (BR 1Mbps), RF Channel:  9 (SP:  -72), Packet Type: Unknown",1
1911,264.6763582,,,BT BR/EDR RF,22,0x002ff7a8,"Transport: Any (BR 1Mbps), RF Channel: 75 (SP:    0, NP:  -55), Packet Type: Unknown",1
1912,264.6783586,,,BT BR/EDR RF,22,0x002ff7a8,"Transport: Any (BR 1Mbps), RF Channel: 75 (SP:    0, NP:  -55), Packet Type: Unknown",1
1913,264.9668197,,,BT BR/EDR RF,22,0x0021c4f4,"Transport: Any (BR 1Mbps), RF Channel: 62 (SP:  -62), Packet Type: Unknown",1
1914,265.4411739,,,BT BR/EDR RF,22,0x0021c4f4,"Transport: Any (BR 1Mbps), RF Channel: 51 (SP:  -73), Packet Type: Unknown",1
1915,265.4419717,,,BT BR/EDR RF,22,0x0021c4f4,"Transport: Any (BR 1Mbps), RF Channel: 51 (SP:  -72), Packet Type: Unknown",1
1916,266.4894966,,,BT BR/EDR RF,22,0x0021c4f4,"Transport: Any (BR 1Mbps), RF Channel: 14 (SP:  -70), Packet Type: Unknown",1
1917,266.9249118,,,BT BR/EDR RF,22,0x0021c4f4,"Transport: Any (BR 1Mbps), RF Channel: 50 (SP:  -74), Packet Type: Unknown",1
1918,266.960639,,,BT BR/EDR RF,22,0x0021c4f4,"Transport: Any (BR 1Mbps), RF Channel:  3 (SP:  -72), Packet Type: Unknown",1
1919,267.0882033,,,BT BR/EDR RF,22,0x0021c4f4,"Transport: Any (BR 1Mbps), RF Channel: 20 (SP:  -73), Packet Type: Unknown",1
1920,267.2414732,,,BT BR/EDR RF,22,0x0021c4f4,"Transport: Any (BR 1Mbps), RF Channel: 69 (SP:  -10, NP:  -55), Packet Type: Unknown",1
1921,267.422489,,,BT BR/EDR RF,22,0x0021c4f4,"Transport: Any (BR 1Mbps), RF Channel: 71 (SP:  -73), Packet Type: Unknown",1
1922,267.5692804,,,BT BR/EDR RF,22,0x0021c4f4,"Transport: Any (BR 1Mbps), RF Channel:  9 (SP:  -34, NP:  -55), Packet Type: Unknown",1
1923,267.6957642,,,BT BR/EDR RF,22,0x0021c4f4,"Transport: Any (BR 1Mbps), RF Channel: 58 (SP:  -76), Packet Type: Unknown",1
1924,267.8837849,,,BT BR/EDR RF,22,0x002ff7a8,"Transport: Any (BR 1Mbps), RF Channel: 28 (SP:    0, NP:  -55), Packet Type: Unknown",1
1925,267.9484409,,,BT BR/EDR RF,22,0x0029cfc6,"Transport: Any (BR 1Mbps), RF Channel: 13 (SP:  -71), Packet Type: Unknown",1
1926,268.025104,,,BT BR/EDR RF,22,0x002ff7a8,"Transport: Any (BR 1Mbps), RF Channel: 77 (SP:    0, NP:  -55), Packet Type: Unknown",1
1927,268.0271028,,,BT BR/EDR RF,22,0x002ff7a8,"Transport: Any (BR 1Mbps), RF Channel: 77 (SP:    0, NP:  -55), Packet Type: Unknown",1
1928,268.0664331,,,BT BR/EDR RF,22,0x002ff7a8,"Transport: Any (BR 1Mbps), RF Channel: 30 (SP:  -63), Packet Type: Unknown",1
1929,268.2344881,,,BT BR/EDR RF,22,0x0021c4f4,"Transport: Any (BR 1Mbps), RF Channel:  0 (SP:  -51, NP:  -55), Packet Type: Unknown",1
1930,268.3344822,,,BT BR/EDR RF,22,0x0021c4f4,"Transport: Any (BR 1Mbps), RF Channel: 17 (SP:  -46, NP:  -55), Packet Type: Unknown",1
1931,268.6000826,,,BT BR/EDR RF,22,0x0021c4f4,"Transport: Any (BR 1Mbps), RF Channel: 51 (SP:  -75), Packet Type: Unknown",1
1932,268.7605719,,,BT BR/EDR RF,22,0x0021c4f4,"Transport: Any (BR 1Mbps), RF Channel: 21 (SP:  -76), Packet Type: Unknown",1
1933,269.0333952,,,BT BR/EDR RF,22,0x0029cfc6,"Transport: Any (BR 1Mbps), RF Channel:  8 (SP:  -55), Packet Type: Unknown",1
1934,269.0493996,,,BT BR/EDR RF,22,0x0021c4f4,"Transport: Any (BR 1Mbps), RF Channel:  8 (SP:  -73), Packet Type: Unknown",1
1935,269.2508364,,,BT BR/EDR RF,22,0x0021c4f4,"Transport: Any (BR 1Mbps), RF Channel: 10 (SP:  -73), Packet Type: Unknown",1
1936,269.3901311,,,BT BR/EDR RF,22,0x0021c4f4,"Transport: Any (BR 1Mbps), RF Channel: 59 (SP:  -73), Packet Type: Unknown",1
1937,269.3905315,,,BT BR/EDR RF,22,0x0021c4f4,"Transport: Any (BR 1Mbps), RF Channel: 59 (SP:  -73), Packet Type: Unknown",1
1938,269.5212853,,,BT BR/EDR RF,22,0x0021c4f4,"Transport: Any (BR 1Mbps), RF Channel: 76 (SP:  -70), Packet Type: Unknown",1
1939,269.6480547,,,BT BR/EDR RF,22,0x0021c4f4,"Transport: Any (BR 1Mbps), RF Channel: 14 (SP:  -72), Packet Type: Unknown",1
1940,269.8005489,,,BT BR/EDR RF,22,0x0021c4f4,"Transport: Any (BR 1Mbps), RF Channel: 63 (SP:  -74), Packet Type: Unknown",1
1941,269.838262,,,BT BR/EDR RF,22,0x0021c4f4,"Transport: Any (BR 1Mbps), RF Channel: 16 (SP:  -72), Packet Type: Unknown",1
1942,270.1307833,,,BT BR/EDR RF,22,0x002ff7a8,"Transport: Any (BR 1Mbps), RF Channel:  3 (SP:  -72), Packet Type: Unknown",1
1943,270.2058322,,,BT BR/EDR RF,22,0x0021c4f4,"Transport: Any (BR 1Mbps), RF Channel: 67 (SP:  -75), Packet Type: Unknown",1
1944,270.2552771,,,BT BR/EDR RF,22,0x002ff7a8,"Transport: Any (BR 1Mbps), RF Channel: 52 (SP:    0, NP:  -55), Packet Type: Unknown",1
1945,270.4012397,,,BT BR/EDR RF,22,0x0021c4f4,"Transport: Any (BR 1Mbps), RF Channel: 69 (SP:  -75), Packet Type: Unknown",1
1946,270.5108533,,,BT BR/EDR RF,22,0x0029cfc6,"Transport: Any (BR 1Mbps), RF Channel:  7 (SP:  -74), Packet Type: Unknown",1
1947,270.5983056,,,BT BR/EDR RF,22,0x0021c4f4,"Transport: Any (BR 1Mbps), RF Channel: 71 (SP:  -72), Packet Type: Unknown",1
1948,270.7651979,,,BT BR/EDR RF,22,0x002ff7a8,"Transport: Any (BR 1Mbps), RF Channel: 41 (SP:  -72), Packet Type: Unknown",1
1949,270.9180692,,,BT BR/EDR RF,22,0x0021c4f4,"Transport: Any (BR 1Mbps), RF Channel: 11 (SP:  -73), Packet Type: Unknown",1
1950,271.0087048,,,BT BR/EDR RF,22,0x0021c4f4,"Transport: Any (BR 1Mbps), RF Channel: 75 (SP:  -70), Packet Type: Unknown",1
1951,271.0364296,,,BT BR/EDR RF,22,0x002ff7a8,"Transport: Any (BR 1Mbps), RF Channel: 28 (SP:    0, NP:  -55), Packet Type: Unknown",1
1952,271.1006668,,,BT BR/EDR RF,22,0x0021c4f4,"Transport: Any (BR 1Mbps), RF Channel: 13 (SP:  -74), Packet Type: Unknown",1
1953,271.2001,,,BT BR/EDR RF,22,0x0021c4f4,"Transport: Any (BR 1Mbps), RF Channel: 77 (SP:  -72), Packet Type: Unknown",1
1954,271.360208,,,BT BR/EDR RF,22,0x002ff7a8,"Transport: Any (BR 1Mbps), RF Channel: 47 (SP:    0, NP:  -55), Packet Type: Unknown",1
1955,271.3606087,,,BT BR/EDR RF,22,0x002ff7a8,"Transport: Any (BR 1Mbps), RF Channel: 47 (SP:    0, NP:  -55), Packet Type: Unknown",1
1956,271.4095403,,,BT BR/EDR RF,22,0x0021c4f4,"Transport: Any (BR 1Mbps), RF Channel:  0 (SP:  -73), Packet Type: Unknown",1
1957,271.609364,,,BT BR/EDR RF,22,0x0021c4f4,"Transport: Any (BR 1Mbps), RF Channel:  2 (SP:  -73), Packet Type: Unknown",1
1958,271.7514462,,,BT BR/EDR RF,22,0x0021c4f4,"Transport: Any (BR 1Mbps), RF Channel: 51 (SP:  -59), Packet Type: Unknown",1
1959,272.0005922,,,BT BR/EDR RF,22,0x0021c4f4,"Transport: Any (BR 1Mbps), RF Channel:  6 (SP:  -75), Packet Type: Unknown",1
1960,272.561124,,,BT BR/EDR RF,22,0x0021c4f4,"Transport: Any (BR 1Mbps), RF Channel: 59 (SP:  -70), Packet Type: Unknown",1
1961,272.5619259,,,BT BR/EDR RF,22,0x0021c4f4,"Transport: Any (BR 1Mbps), RF Channel: 59 (SP:  -70), Packet Type: Unknown",1
1962,272.6838776,,,BT BR/EDR RF,22,0x002ff7a8,"Transport: Any (BR 1Mbps), RF Channel: 76 (SP:    0, NP:  -55), Packet Type: Unknown",1
1963,272.9355816,,,BT BR/EDR RF,22,0x0021c4f4,"Transport: Any (BR 1Mbps), RF Channel: 63 (SP:  -73), Packet Type: Unknown",1
1964,272.9587735,,,BT BR/EDR RF,22,0x0021c4f4,"Transport: Any (BR 1Mbps), RF Channel: 63 (SP:  -77), Packet Type: Unknown",1
1965,273.168163,,,BT BR/EDR RF,22,0x0021c4f4,"Transport: Any (BR 1Mbps), RF Channel: 65 (SP:  -74), Packet Type: Unknown",1
1966,273.2805938,,,BT BR/EDR RF,22,0x0021c4f4,"Transport: Any (BR 1Mbps), RF Channel:  3 (SP:  -73), Packet Type: Unknown",1
1967,273.4475348,,,BT BR/EDR RF,22,0x0021c4f4,"Transport: Any (BR 1Mbps), RF Channel: 52 (SP:  -71), Packet Type: Unknown",1
1968,273.4632568,,,BT BR/EDR RF,22,0x0029cfc6,"Transport: Any (BR 1Mbps), RF Channel:  5 (SP:  -73), Packet Type: Unknown",1
1969,273.4656533,,,BT BR/EDR RF,22,0x0021c4f4,"Transport: Any (BR 1Mbps), RF Channel:  5 (SP:  -72), Packet Type: Unknown",1
1970,273.4780461,,,BT BR/EDR RF,22,0x0021c4f4,"Transport: Any (BR 1Mbps), RF Channel:  5 (SP:  -74), Packet Type: Unknown",1
1971,273.8407701,,,BT BR/EDR RF,22,0x0021c4f4,"Transport: Any (BR 1Mbps), RF Channel: 56 (SP:  -71), Packet Type: Unknown",1
1972,273.9695274,,,BT BR/EDR RF,22,0x0021c4f4,"Transport: Any (BR 1Mbps), RF Channel: 73 (SP:  -70), Packet Type: Unknown",1
1973,274.5617303,,,BT BR/EDR RF,22,0x0021c4f4,"Transport: Any (BR 1Mbps), RF Channel:  0 (SP:  -74), Packet Type: Unknown",1
1974,274.9180567,,,BT BR/EDR RF,22,0x002ff7a8,"Transport: Any (BR 1Mbps), RF Channel: 51 (SP:    0, NP:  -55), Packet Type: Unknown",1
1975,275.1206721,,,BT BR/EDR RF,22,0x0021c4f4,"Transport: Any (BR 1Mbps), RF Channel: 53 (SP:  -72), Packet Type: Unknown",1
1976,276.1213678,,,BT BR/EDR RF,22,0x0021c4f4,"Transport: Any (BR 1Mbps), RF Channel: 63 (SP:  -78), Packet Type: Unknown",1
1977,276.3605017,,,BT BR/EDR RF,22,0x0021c4f4,"Transport: Any (BR 1Mbps), RF Channel: 18 (SP:  -47, NP:  -55), Packet Type: Unknown",1
1978,276.5294335,,,BT BR/EDR RF,22,0x0021c4f4,"Transport: Any (BR 1Mbps), RF Channel: 67 (SP:  -73), Packet Type: Unknown",1
1979,276.5744663,,,BT BR/EDR RF,22,0x0021c4f4,"Transport: Any (BR 1Mbps), RF Channel: 52 (SP:  -70), Packet Type: Unknown",1
1980,276.6012535,,,BT BR/EDR RF,22,0x0021c4f4,"Transport: Any (BR 1Mbps), RF Channel: 52 (SP:  -72), Packet Type: Unknown",1
1981,278.0798625,,,BT BR/EDR RF,22,0x0021c4f4,"Transport: Any (BR 1Mbps), RF Channel: 51 (SP:  -74), Packet Type: Unknown",1
1982,278.0806635,,,BT BR/EDR RF,22,0x0021c4f4,"Transport: Any (BR 1Mbps), RF Channel: 51 (SP:  -73), Packet Type: Unknown",1
1983,278.1219891,,,BT BR/EDR RF,22,0x0021c4f4,"Transport: Any (BR 1Mbps), RF Channel:  4 (SP:  -74), Packet Type: Unknown",1
1984,278.1223897,,,BT BR/EDR RF,22,0x002ff7a8,"Transport: Any (BR 1Mbps), RF Channel:  4 (SP:  -74), Packet Type: Unknown",1
1985,278.2620901,,,BT BR/EDR RF,22,0x002ff7a8,"Transport: Any (BR 1Mbps), RF Channel: 53 (SP:  -74), Packet Type: Unknown",1
1986,278.319414,,,BT BR/EDR RF,22,0x0029cfc6,"Transport: Any (BR 1Mbps), RF Channel:  6 (SP:  -73), Packet Type: Unknown",1
1987,278.6363765,,,BT BR/EDR RF,22,0x002ff7a8,"Transport: Any (BR 1Mbps), RF Channel: 25 (SP:    0, NP:  -55), Packet Type: Unknown",1
1988,278.8076286,,,BT BR/EDR RF,22,0x0021c4f4,"Transport: Any (BR 1Mbps), RF Channel: 74 (SP:  -70), Packet Type: Unknown",1
1989,278.9219977,,,BT BR/EDR RF,22,0x0021c4f4,"Transport: Any (BR 1Mbps), RF Channel: 12 (SP:  -74), Packet Type: Unknown",1
1990,279.000661,,,BT BR/EDR RF,22,0x0021c4f4,"Transport: Any (BR 1Mbps), RF Channel: 76 (SP:  -69), Packet Type: Unknown",1
1991,279.1282402,,,BT BR/EDR RF,22,0x0021c4f4,"Transport: Any (BR 1Mbps), RF Channel: 14 (SP:  -74), Packet Type: Unknown",1
1992,279.3204543,,,BT BR/EDR RF,22,0x0021c4f4,"Transport: Any (BR 1Mbps), RF Channel: 16 (SP:  -74), Packet Type: Unknown",1
1993,279.3325718,,,BT BR/EDR RF,22,0x0021c4f4,"Transport: Any (BR 1Mbps), RF Channel: 48 (SP:  -78), Packet Type: Unknown",1
1994,279.4601348,,,BT BR/EDR RF,22,0x0021c4f4,"Transport: Any (BR 1Mbps), RF Channel: 65 (SP:  -86), Packet Type: Unknown",1
1995,279.4605352,,,BT BR/EDR RF,22,0x0021c4f4,"Transport: Any (BR 1Mbps), RF Channel: 65 (SP:  -73), Packet Type: Unknown",1
1996,279.6093652,,,BT BR/EDR RF,22,0x0021c4f4,"Transport: Any (BR 1Mbps), RF Channel:  3 (SP:  -72), Packet Type: Unknown",1
1997,279.763873,,,BT BR/EDR RF,22,0x0021c4f4,"Transport: Any (BR 1Mbps), RF Channel: 52 (SP:  -73), Packet Type: Unknown",1
1998,279.7771822,,,BT BR/EDR RF,22,0x0029cfc6,"Transport: Any (BR 1Mbps), RF Channel:  5 (SP:  -75), Packet Type: Unknown",1
1999,279.8794318,,,BT BR/EDR RF,22,0x0021c4f4,"Transport: Any (BR 1Mbps), RF Channel: 69 (SP:  -75), Packet Type: Unknown",1
2000,280.0712181,,,BT BR/EDR RF,22,0x002ff7a8,"Transport: Any (BR 1Mbps), RF Channel: 71 (SP:  -81), Packet Type: Unknown",1
2001,280.0720172,,,BT BR/EDR RF,22,0x002ff7a8,"Transport: Any (BR 1Mbps), RF Channel: 71 (SP:  -81), Packet Type: Unknown",1
2002,280.0780163,,,BT BR/EDR RF,22,0x0021c4f4,"Transport: Any (BR 1Mbps), RF Channel: 71 (SP:  -73), Packet Type: Unknown",1
2003,280.2750562,,,BT BR/EDR RF,22,0x0021c4f4,"Transport: Any (BR 1Mbps), RF Channel: 73 (SP:  -70), Packet Type: Unknown",1
2004,280.2754553,,,BT BR/EDR RF,22,0x0021c4f4,"Transport: Any (BR 1Mbps), RF Channel: 73 (SP:  -70), Packet Type: Unknown",1
2005,280.3982251,,,BT BR/EDR RF,22,0x0021c4f4,"Transport: Any (BR 1Mbps), RF Channel: 11 (SP:  -74), Packet Type: Unknown",1
2006,280.4812639,,,BT BR/EDR RF,22,0x0021c4f4,"Transport: Any (BR 1Mbps), RF Channel: 75 (SP:  -70), Packet Type: Unknown",1
2007,280.5686933,,,BT BR/EDR RF,22,0x0021c4f4,"Transport: Any (BR 1Mbps), RF Channel: 60 (SP:  -71), Packet Type: Unknown",1
2008,280.5694942,,,BT BR/EDR RF,22,0x0021c4f4,"Transport: Any (BR 1Mbps), RF Channel: 60 (SP:  -63), Packet Type: Unknown",1
2009,281.37804,,,BT BR/EDR RF,22,0x002ff7a8,"Transport: Any (BR 1Mbps), RF Channel: 21 (SP:  -69), Packet Type: Unknown",1
2010,281.440577,,,BT BR/EDR RF,22,0x0021c4f4,"Transport: Any (BR 1Mbps), RF Channel: 53 (SP:  -72), Packet Type: Unknown",1
2011,281.6487923,,,BT BR/EDR RF,22,0x0021c4f4,"Transport: Any (BR 1Mbps), RF Channel: 55 (SP:  -72), Packet Type: Unknown",1
2012,281.649192,,,BT BR/EDR RF,22,0x0021c4f4,"Transport: Any (BR 1Mbps), RF Channel: 55 (SP:  -72), Packet Type: Unknown",1
2013,282.0224235,,,BT BR/EDR RF,22,0x002ff7a8,"Transport: Any (BR 1Mbps), RF Channel: 59 (SP:  -72), Packet Type: Unknown",1
2014,282.0805474,,,BT BR/EDR RF,22,0x0021c4f4,"Transport: Any (BR 1Mbps), RF Channel: 12 (SP:  -73), Packet Type: Unknown",1
2015,282.1688063,,,BT BR/EDR RF,22,0x0021c4f4,"Transport: Any (BR 1Mbps), RF Channel: 76 (SP:  -29, NP:  -55), Packet Type: Unknown",1
2016,282.2819781,,,BT BR/EDR RF,22,0x0021c4f4,"Transport: Any (BR 1Mbps), RF Channel: 14 (SP:  -74), Packet Type: Unknown",1
2017,282.3485936,,,BT BR/EDR RF,22,0x0021c4f4,"Transport: Any (BR 1Mbps), RF Channel: 78 (SP:  -71), Packet Type: Unknown",1
2018,282.4817409,,,BT BR/EDR RF,22,0x0021c4f4,"Transport: Any (BR 1Mbps), RF Channel: 16 (SP:  -73), Packet Type: Unknown",1
2019,282.7650761,,,BT BR/EDR RF,22,0x002ff7a8,"Transport: Any (BR 1Mbps), RF Channel:  3 (SP:  -76), Packet Type: Unknown",1
2020,282.9279648,,,BT BR/EDR RF,22,0x002ff7a8,"Transport: Any (BR 1Mbps), RF Channel: 52 (SP:    0, NP:  -55), Packet Type: Unknown",1
2021,283.1286422,,,BT BR/EDR RF,22,0x0021c4f4,"Transport: Any (BR 1Mbps), RF Channel: 54 (SP:  -73), Packet Type: Unknown",1
2022,283.1431647,,,BT BR/EDR RF,22,0x0021c4f4,"Transport: Any (BR 1Mbps), RF Channel:  7 (SP:  -75), Packet Type: Unknown",1
2023,283.3606045,,,BT BR/EDR RF,22,0x0021c4f4,"Transport: Any (BR 1Mbps), RF Channel:  9 (SP:  -74), Packet Type: Unknown",1
2024,283.5199106,,,BT BR/EDR RF,22,0x0021c4f4,"Transport: Any (BR 1Mbps), RF Channel: 58 (SP:  -74), Packet Type: Unknown",1
2025,283.7173257,,,BT BR/EDR RF,22,0x0021c4f4,"Transport: Any (BR 1Mbps), RF Channel: 60 (SP:  -73), Packet Type: Unknown",1
2026,283.7181279,,,BT BR/EDR RF,22,0x0021c4f4,"Transport: Any (BR 1Mbps), RF Channel: 60 (SP:  -72), Packet Type: Unknown",1
2027,283.9279722,,,BT BR/EDR RF,22,0x0021c4f4,"Transport: Any (BR 1Mbps), RF Channel: 62 (SP:  -73), Packet Type: Unknown",1
2028,284.2088513,,,BT BR/EDR RF,22,0x0021c4f4,"Transport: Any (BR 1Mbps), RF Channel: 49 (SP:  -28, NP:  -55), Packet Type: Unknown",1
2029,284.2092525,,,BT BR/EDR RF,22,0x0021c4f4,"Transport: Any (BR 1Mbps), RF Channel: 49 (SP:  -28, NP:  -55), Packet Type: Unknown",1
2030,284.357388,,,BT BR/EDR RF,22,0x0021c4f4,"Transport: Any (BR 1Mbps), RF Channel: 19 (SP:  -82), Packet Type: Unknown",1
2031,284.5523785,,,BT BR/EDR RF,22,0x002ff7a8,"Transport: Any (BR 1Mbps), RF Channel: 21 (SP:  -65), Packet Type: Unknown",1
2032,284.5724886,,,BT BR/EDR RF,22,0x0021c4f4,"Transport: Any (BR 1Mbps), RF Channel: 53 (SP:  -70), Packet Type: Unknown",1
2033,284.6024949,,,BT BR/EDR RF,22,0x0021c4f4,"Transport: Any (BR 1Mbps), RF Channel: 53 (SP:  -72), Packet Type: Unknown",1
2034,284.6346253,,,BT BR/EDR RF,22,0x0029cfc6,"Transport: Any (BR 1Mbps), RF Channel:  6 (SP:  -75), Packet Type: Unknown",1
2035,284.6418248,,,BT BR/EDR RF,22,0x0021c4f4,"Transport: Any (BR 1Mbps), RF Channel:  6 (SP:  -73), Packet Type: Unknown",1
2036,284.7292713,,,BT BR/EDR RF,22,0x0021c4f4,"Transport: Any (BR 1Mbps), RF Channel: 70 (SP:  -48, NP:  -55), Packet Type: Unknown",1
2037,284.8011173,,,BT BR/EDR RF,22,0x0021c4f4,"Transport: Any (BR 1Mbps), RF Channel: 55 (SP:  -73), Packet Type: Unknown",1
2038,284.8019155,,,BT BR/EDR RF,22,0x0021c4f4,"Transport: Any (BR 1Mbps), RF Channel: 55 (SP:  -72), Packet Type: Unknown",1
2039,284.9973452,,,BT BR/EDR RF,22,0x0021c4f4,"Transport: Any (BR 1Mbps), RF Channel: 57 (SP:  -72), Packet Type: Unknown",1
2040,284.998146,,,BT BR/EDR RF,22,0x0021c4f4,"Transport: Any (BR 1Mbps), RF Channel: 57 (SP:  -72), Packet Type: Unknown",1
2041,285.1124942,,,BT BR/EDR RF,22,0x002ff7a8,"Transport: Any (BR 1Mbps), RF Channel: 74 (SP:    0, NP:  -55), Packet Type: Unknown",1
2042,285.1272986,,,BT BR/EDR RF,22,0x0021c4f4,"Transport: Any (BR 1Mbps), RF Channel: 74 (SP:  -70), Packet Type: Unknown",1
2043,285.2292589,,,BT BR/EDR RF,22,0x0021c4f4,"Transport: Any (BR 1Mbps), RF Channel: 12 (SP:  -75), Packet Type: Unknown",1
2044,285.6332695,,,BT BR/EDR RF,22,0x0029cfc6,"Transport: Any (BR 1Mbps), RF Channel: 16 (SP:  -75), Packet Type: Unknown",1
2045,285.6380726,,,BT BR/EDR RF,22,0x0021c4f4,"Transport: Any (BR 1Mbps), RF Channel: 16 (SP:  -74), Packet Type: Unknown",1
2046,285.7031236,,,BT BR/EDR RF,22,0x0029cfc6,"Transport: Any (BR 1Mbps), RF Channel:  1 (SP:  -43, NP:  -55), Packet Type: Unknown",1
2047,285.921752,,,BT BR/EDR RF,22,0x0021c4f4,"Transport: Any (BR 1Mbps), RF Channel:  3 (SP:  -75), Packet Type: Unknown",1
2048,285.99638,,,BT BR/EDR RF,22,0x002ff7a8,"Transport: Any (BR 1Mbps), RF Channel: 67 (SP:  -81), Packet Type: Unknown",1
2049,286.0091745,,,BT BR/EDR RF,22,0x0021c4f4,"Transport: Any (BR 1Mbps), RF Channel: 67 (SP:  -67), Packet Type: Unknown",1
2050,286.0268846,,,BT BR/EDR RF,22,0x0021c4f4,"Transport: Any (BR 1Mbps), RF Channel: 20 (SP:  -75), Packet Type: Unknown",1
2051,286.288015,,,BT BR/EDR RF,22,0x0021c4f4,"Transport: Any (BR 1Mbps), RF Channel: 54 (SP:  -72), Packet Type: Unknown",1
2052,286.3999701,,,BT BR/EDR RF,22,0x0021c4f4,"Transport: Any (BR 1Mbps), RF Channel: 71 (SP:  -71), Packet Type: Unknown",1
2053,286.4862235,,,BT BR/EDR RF,22,0x002ff7a8,"Transport: Any (BR 1Mbps), RF Channel: 56 (SP:  -72), Packet Type: Unknown",1
2054,286.6812376,,,BT BR/EDR RF,22,0x0021c4f4,"Transport: Any (BR 1Mbps), RF Channel: 58 (SP:  -71), Packet Type: Unknown",1
2055,286.927962,,,BT BR/EDR RF,22,0x0021c4f4,"Transport: Any (BR 1Mbps), RF Channel: 13 (SP:  -72), Packet Type: Unknown",1
2056,287.4087136,,,BT BR/EDR RF,22,0x0021c4f4,"Transport: Any (BR 1Mbps), RF Channel:  2 (SP:  -82), Packet Type: Unknown",1
2057,287.5680161,,,BT BR/EDR RF,22,0x0021c4f4,"Transport: Any (BR 1Mbps), RF Channel: 51 (SP:  -72), Packet Type: Unknown",1
2058,287.5805286,,,BT BR/EDR RF,22,0x0021c4f4,"Transport: Any (BR 1Mbps), RF Channel:  4 (SP:  -73), Packet Type: Unknown",1
2059,287.5833279,,,BT BR/EDR RF,22,0x0029cfc6,"Transport: Any (BR 1Mbps), RF Channel:  4 (SP:  -72), Packet Type: Unknown",1
2060,287.5925373,,,BT BR/EDR RF,22,0x002ff7a8,"Transport: Any (BR 1Mbps), RF Channel:  4 (SP:    0, NP:  -55), Packet Type: Unknown",1
2061,287.609346,,,BT BR/EDR RF,22,0x0021c4f4,"Transport: Any (BR 1Mbps), RF Channel:  4 (SP:  -73), Packet Type: Unknown",1
2062,287.7598002,,,BT BR/EDR RF,22,0x0021c4f4,"Transport: Any (BR 1Mbps), RF Channel: 53 (SP:  -72), Packet Type: Unknown",1
2063,287.982526,,,BT BR/EDR RF,22,0x002ff7a8,"Transport: Any (BR 1Mbps), RF Channel:  8 (SP:  -80), Packet Type: Unknown",1
2064,288.0799936,,,BT BR/EDR RF,22,0x0021c4f4,"Transport: Any (BR 1Mbps), RF Channel: 72 (SP:  -70), Packet Type: Unknown",1
2065,288.1582091,,,BT BR/EDR RF,22,0x0021c4f4,"Transport: Any (BR 1Mbps), RF Channel: 57 (SP:  -65), Packet Type: Unknown",1
2066,288.2079206,,,BT BR/EDR RF,22,0x0021c4f4,"Transport: Any (BR 1Mbps), RF Channel: 10 (SP:  -74), Packet Type: Unknown",1
2067,288.3933587,,,BT BR/EDR RF,22,0x0029cfc6,"Transport: Any (BR 1Mbps), RF Channel: 12 (SP:  -73), Packet Type: Unknown",1
2068,288.8005728,,,BT BR/EDR RF,22,0x0021c4f4,"Transport: Any (BR 1Mbps), RF Channel: 16 (SP:  -74), Packet Type: Unknown",1
2069,288.8474876,,,BT BR/EDR RF,22,0x0021c4f4,"Transport: Any (BR 1Mbps), RF Channel: 48 (SP:  -75), Packet Type: Unknown",1
2070,288.8724259,,,BT BR/EDR RF,22,0x002ff7a8,"Transport: Any (BR 1Mbps), RF Channel:  1 (SP:    0, NP:  -55), Packet Type: Unknown",1
2071,288.9606558,,,BT BR/EDR RF,22,0x0021c4f4,"Transport: Any (BR 1Mbps), RF Channel: 65 (SP:  -75), Packet Type: Unknown",1
2072,289.0493311,,,BT BR/EDR RF,22,0x0021c4f4,"Transport: Any (BR 1Mbps), RF Channel: 50 (SP:  -72), Packet Type: Unknown",1
2073,289.1023605,,,BT BR/EDR RF,22,0x002ff7a8,"Transport: Any (BR 1Mbps), RF Channel: 35 (SP:  -73), Packet Type: Unknown",1
2074,289.2379443,,,BT BR/EDR RF,22,0x0021c4f4,"Transport: Any (BR 1Mbps), RF Channel: 52 (SP:  -71), Packet Type: Unknown",1
2075,289.4879336,,,BT BR/EDR RF,22,0x0021c4f4,"Transport: Any (BR 1Mbps), RF Channel:  7 (SP:  -73), Packet Type: Unknown",1
2076,289.5573639,,,BT BR/EDR RF,22,0x0021c4f4,"Transport: Any (BR 1Mbps), RF Channel: 71 (SP:  -73), Packet Type: Unknown",1
2077,289.8130306,,,BT BR/EDR RF,22,0x0021c4f4,"Transport: Any (BR 1Mbps), RF Channel: 58 (SP:  -74), Packet Type: Unknown",1
2078,289.8430275,,,BT BR/EDR RF,22,0x0021c4f4,"Transport: Any (BR 1Mbps), RF Channel: 58 (SP:  -73), Packet Type: Unknown",1
2079,289.87795,,,BT BR/EDR RF,22,0x0021c4f4,"Transport: Any (BR 1Mbps), RF Channel: 11 (SP:  -72), Packet Type: Unknown",1
2080,289.954979,,,BT BR/EDR RF,22,0x0021c4f4,"Transport: Any (BR 1Mbps), RF Channel: 75 (SP:  -70), Packet Type: Unknown",1
2081,290.0380294,,,BT BR/EDR RF,22,0x0021c4f4,"Transport: Any (BR 1Mbps), RF Channel: 60 (SP:  -73), Packet Type: Unknown",1
2082,290.1480094,,,BT BR/EDR RF,22,0x002ff7a8,"Transport: Any (BR 1Mbps), RF Channel: 77 (SP:    0, NP:  -55), Packet Type: Unknown",1
2083,290.2779965,,,BT BR/EDR RF,22,0x0021c4f4,"Transport: Any (BR 1Mbps), RF Channel: 15 (SP:  -74), Packet Type: Unknown",1
2084,290.3506611,,,BT BR/EDR RF,22,0x0029cfc6,"Transport: Any (BR 1Mbps), RF Channel:  0 (SP:  -79), Packet Type: Unknown",1
2085,290.4417101,,,BT BR/EDR RF,22,0x0021c4f4,"Transport: Any (BR 1Mbps), RF Channel: 64 (SP:  -72), Packet Type: Unknown",1
2086,290.4542517,,,BT BR/EDR RF,22,0x0021c4f4,"Transport: Any (BR 1Mbps), RF Channel: 17 (SP:  -45, NP:  -55), Packet Type: Unknown",1
2087,290.5693575,,,BT BR/EDR RF,22,0x0021c4f4,"Transport: Any (BR 1Mbps), RF Channel:  2 (SP:  -75), Packet Type: Unknown",1
2088,290.7680212,,,BT BR/EDR RF,22,0x0021c4f4,"Transport: Any (BR 1Mbps), RF Channel:  4 (SP:  -76), Packet Type: Unknown",1
2089,290.9181189,,,BT BR/EDR RF,22,0x0021c4f4,"Transport: Any (BR 1Mbps), RF Channel: 53 (SP:  -72), Packet Type: Unknown",1
2090,291.0493013,,,BT BR/EDR RF,22,0x0021c4f4,"Transport: Any (BR 1Mbps), RF Channel: 70 (SP:  -68), Packet Type: Unknown",1
2091,291.6487313,,,BT BR/EDR RF,22,0x0021c4f4,"Transport: Any (BR 1Mbps), RF Channel: 76 (SP:  -69), Packet Type: Unknown",1
2092,291.8373433,,,BT BR/EDR RF,22,0x0021c4f4,"Transport: Any (BR 1Mbps), RF Channel: 78 (SP:  -63), Packet Type: Unknown",1
2093,291.9131901,,,BT BR/EDR RF,22,0x0021c4f4,"Transport: Any (BR 1Mbps), RF Channel: 63 (SP:  -72), Packet Type: Unknown",1
2094,291.9203834,,,BT BR/EDR RF,22,0x0021c4f4,"Transport: Any (BR 1Mbps), RF Channel: 63 (SP:  -73), Packet Type: Unknown",1
2095,291.9685429,,,BT BR/EDR RF,22,0x0021c4f4,"Transport: Any (BR 1Mbps), RF Channel: 16 (SP:  -79), Packet Type: Unknown",1
2096,292.0143956,,,BT BR/EDR RF,22,0x0021c4f4,"Transport: Any (BR 1Mbps), RF Channel:  1 (SP:  -75), Packet Type: Unknown",1
2097,292.0404058,,,BT BR/EDR RF,22,0x0021c4f4,"Transport: Any (BR 1Mbps), RF Channel:  1 (SP:  -53, NP:  -55), Packet Type: Unknown",1
2098,292.1543824,,,BT BR/EDR RF,22,0x0029cfc6,"Transport: Any (BR 1Mbps), RF Channel: 18 (SP:  -80), Packet Type: Unknown",1
2099,292.2298438,,,BT BR/EDR RF,22,0x002ff7a8,"Transport: Any (BR 1Mbps), RF Channel:  3 (SP:    0, NP:  -55), Packet Type: Unknown",1
2100,292.2306429,,,BT BR/EDR RF,22,0x002ff7a8,"Transport: Any (BR 1Mbps), RF Channel:  3 (SP:    0, NP:  -55), Packet Type: Unknown",1
2101,292.301299,,,BT BR/EDR RF,22,0x0021c4f4,"Transport: Any (BR 1Mbps), RF Channel: 67 (SP:  -76), Packet Type: Unknown",1
2102,292.3016988,,,BT BR/EDR RF,22,0x0021c4f4,"Transport: Any (BR 1Mbps), RF Channel: 67 (SP:  -74), Packet Type: Unknown",1
2103,292.3181021,,,BT BR/EDR RF,22,0x0021c4f4,"Transport: Any (BR 1Mbps), RF Channel: 67 (SP:  -74), Packet Type: Unknown",1
2104,292.6086085,,,BT BR/EDR RF,22,0x0021c4f4,"Transport: Any (BR 1Mbps), RF Channel: 54 (SP:  -72), Packet Type: Unknown",1
2105,292.6094115,,,BT BR/EDR RF,22,0x0021c4f4,"Transport: Any (BR 1Mbps), RF Channel: 54 (SP:  -72), Packet Type: Unknown",1
2106,292.9211973,,,BT BR/EDR RF,22,0x0021c4f4,"Transport: Any (BR 1Mbps), RF Channel: 73 (SP:  -68), Packet Type: Unknown",1
2107,293.0147646,,,BT BR/EDR RF,22,0x002ff7a8,"Transport: Any (BR 1Mbps), RF Channel: 11 (SP:  -73), Packet Type: Unknown",1
2108,293.1173874,,,BT BR/EDR RF,22,0x0021c4f4,"Transport: Any (BR 1Mbps), RF Channel: 75 (SP:  -69), Packet Type: Unknown",1
2109,293.3413162,,,BT BR/EDR RF,22,0x002ff7a8,"Transport: Any (BR 1Mbps), RF Channel: 30 (SP:    0, NP:  -55), Packet Type: Unknown",1
2110,293.3417167,,,BT BR/EDR RF,22,0x002ff7a8,"Transport: Any (BR 1Mbps), RF Channel: 30 (SP:    0, NP:  -55), Packet Type: Unknown",1
2111,293.4307219,,,BT BR/EDR RF,22,0x0029cfc6,"Transport: Any (BR 1Mbps), RF Channel: 15 (SP:  -75), Packet Type: Unknown",1
2112,293.4925608,,,BT BR/EDR RF,22,0x002ff7a8,"Transport: Any (BR 1Mbps), RF Channel:  0 (SP:  -77), Packet Type: Unknown",1
2113,293.6473361,,,BT BR/EDR RF,22,0x0021c4f4,"Transport: Any (BR 1Mbps), RF Channel: 17 (SP:  -80), Packet Type: Unknown",1
2114,293.6481371,,,BT BR/EDR RF,22,0x0021c4f4,"Transport: Any (BR 1Mbps), RF Channel: 17 (SP:  -77), Packet Type: Unknown",1
2115,294.21994,,,BT BR/EDR RF,22,0x002ff7a8,"Transport: Any (BR 1Mbps), RF Channel: 23 (SP:    0, NP:  -55), Packet Type: Unknown",1
2116,294.59986,,,BT BR/EDR RF,22,0x0021c4f4,"Transport: Any (BR 1Mbps), RF Channel: 74 (SP:  -44, NP:  -55), Packet Type: Unknown",1
2117,294.6006623,,,BT BR/EDR RF,22,0x0021c4f4,"Transport: Any (BR 1Mbps), RF Channel: 74 (SP:  -44, NP:  -55), Packet Type: Unknown",1
2118,294.7218223,,,BT BR/EDR RF,22,0x0021c4f4,"Transport: Any (BR 1Mbps), RF Channel: 12 (SP:  -77), Packet Type: Unknown",1
2119,294.809275,,,BT BR/EDR RF,22,0x0021c4f4,"Transport: Any (BR 1Mbps), RF Channel: 76 (SP:  -70), Packet Type: Unknown",1
2120,295.128686,,,BT BR/EDR RF,22,0x0021c4f4,"Transport: Any (BR 1Mbps), RF Channel: 16 (SP:  -81), Packet Type: Unknown",1
2121,295.1290845,,,BT BR/EDR RF,22,0x0021c4f4,"Transport: Any (BR 1Mbps), RF Channel: 16 (SP:  -79), Packet Type: Unknown",1
2122,295.1869334,,,BT BR/EDR RF,22,0x0029cfc6,"Transport: Any (BR 1Mbps), RF Channel:  1 (SP:  -77), Packet Type: Unknown",1
2123,295.2779815,,,BT BR/EDR RF,22,0x0021c4f4,"Transport: Any (BR 1Mbps), RF Channel: 65 (SP:  -62), Packet Type: Unknown",1
2124,295.4125394,,,BT BR/EDR RF,22,0x002ff7a8,"Transport: Any (BR 1Mbps), RF Channel: 35 (SP:  -73), Packet Type: Unknown",1
2125,295.5617405,,,BT BR/EDR RF,22,0x0021c4f4,"Transport: Any (BR 1Mbps), RF Channel: 52 (SP:  -72), Packet Type: Unknown",1
2126,295.712228,,,BT BR/EDR RF,22,0x002ff7a8,"Transport: Any (BR 1Mbps), RF Channel: 22 (SP:    0, NP:  -55), Packet Type: Unknown",1
2127,295.7130282,,,BT BR/EDR RF,22,0x002ff7a8,"Transport: Any (BR 1Mbps), RF Channel: 22 (SP:    0, NP:  -55), Packet Type: Unknown",1
2128,295.7679702,,,BT BR/EDR RF,22,0x0021c4f4,"Transport: Any (BR 1Mbps), RF Channel: 54 (SP:  -71), Packet Type: Unknown",1
2129,295.8803447,,,BT BR/EDR RF,22,0x0021c4f4,"Transport: Any (BR 1Mbps), RF Channel: 71 (SP:  -76), Packet Type: Unknown",1
2130,296.081743,,,BT BR/EDR RF,22,0x0021c4f4,"Transport: Any (BR 1Mbps), RF Channel: 73 (SP:  -69), Packet Type: Unknown",1
2131,296.8541216,,,BT BR/EDR RF,22,0x0021c4f4,"Transport: Any (BR 1Mbps), RF Channel:  2 (SP:  -53, NP:  -55), Packet Type: Unknown",1
2132,296.8817044,,,BT BR/EDR RF,22,0x0021c4f4,"Transport: Any (BR 1Mbps), RF Channel:  2 (SP:  -76), Packet Type: Unknown",1
2133,297.1605795,,,BT BR/EDR RF,22,0x0021c4f4,"Transport: Any (BR 1Mbps), RF Channel: 68 (SP:  -64), Packet Type: Unknown",1
2134,297.5474223,,,BT BR/EDR RF,22,0x0021c4f4,"Transport: Any (BR 1Mbps), RF Channel: 72 (SP:  -70), Packet Type: Unknown",1
2135,297.547823,,,BT BR/EDR RF,22,0x0021c4f4,"Transport: Any (BR 1Mbps), RF Channel: 72 (SP:  -70), Packet Type: Unknown",1
2136,297.6412542,,,BT BR/EDR RF,22,0x0021c4f4,"Transport: Any (BR 1Mbps), RF Channel: 57 (SP:  -73), Packet Type: Unknown",1
2137,297.6416533,,,BT BR/EDR RF,22,0x0021c4f4,"Transport: Any (BR 1Mbps), RF Channel: 57 (SP:  -72), Packet Type: Unknown",1
2138,297.7672388,,,BT BR/EDR RF,22,0x0021c4f4,"Transport: Any (BR 1Mbps), RF Channel: 74 (SP:  -70), Packet Type: Unknown",1
2139,298.0617859,,,BT BR/EDR RF,22,0x0021c4f4,"Transport: Any (BR 1Mbps), RF Channel: 14 (SP:  -73), Packet Type: Unknown",1
2140,298.3161909,,,BT BR/EDR RF,22,0x0021c4f4,"Transport: Any (BR 1Mbps), RF Channel: 48 (SP:  -75), Packet Type: Unknown",1
2141,298.3197876,,,BT BR/EDR RF,22,0x0021c4f4,"Transport: Any (BR 1Mbps), RF Channel: 48 (SP:  -71), Packet Type: Unknown",1
2142,298.3205874,,,BT BR/EDR RF,22,0x0021c4f4,"Transport: Any (BR 1Mbps), RF Channel: 48 (SP:  -71), Packet Type: Unknown",1
2143,298.3691145,,,BT BR/EDR RF,22,0x0021c4f4,"Transport: Any (BR 1Mbps), RF Channel:  1 (SP:  -73), Packet Type: Unknown",1
2144,298.5581297,,,BT BR/EDR RF,22,0x0021c4f4,"Transport: Any (BR 1Mbps), RF Channel:  3 (SP:  -73), Packet Type: Unknown",1
2145,298.6974313,,,BT BR/EDR RF,22,0x0021c4f4,"Transport: Any (BR 1Mbps), RF Channel: 52 (SP:  -67), Packet Type: Unknown",1
2146,298.6978308,,,BT BR/EDR RF,22,0x0021c4f4,"Transport: Any (BR 1Mbps), RF Channel: 52 (SP:  -67), Packet Type: Unknown",1
2147,298.8149985,,,BT BR/EDR RF,22,0x0021c4f4,"Transport: Any (BR 1Mbps), RF Channel: 69 (SP:  -72), Packet Type: Unknown",1
2148,298.8153991,,,BT BR/EDR RF,22,0x0021c4f4,"Transport: Any (BR 1Mbps), RF Channel: 69 (SP:  -72), Packet Type: Unknown",1
2149,299.1262499,,,BT BR/EDR RF,22,0x0021c4f4,"Transport: Any (BR 1Mbps), RF Channel: 56 (SP:  -74), Packet Type: Unknown",1
2150,299.3617532,,,BT BR/EDR RF,22,0x0021c4f4,"Transport: Any (BR 1Mbps), RF Channel: 11 (SP:  -73), Packet Type: Unknown",1
2151,299.5198228,,,BT BR/EDR RF,22,0x0021c4f4,"Transport: Any (BR 1Mbps), RF Channel: 60 (SP:  -72), Packet Type: Unknown",1
2152,299.5206221,,,BT BR/EDR RF,22,0x0021c4f4,"Transport: Any (BR 1Mbps), RF Channel: 60 (SP:  -72), Packet Type: Unknown",1
2153,299.6373891,,,BT BR/EDR RF,22,0x0021c4f4,"Transport: Any (BR 1Mbps), RF Channel: 77 (SP:  -71), Packet Type: Unknown",1
2154,300.0016679,,,BT BR/EDR RF,22,0x0021c4f4,"Transport: Any (BR 1Mbps), RF Channel: 49 (SP:  -16, NP:  -55), Packet Type: Unknown",1
2155,300.1541397,,,BT BR/EDR RF,22,0x0021c4f4,"Transport: Any (BR 1Mbps), RF Channel: 19 (SP:  -75), Packet Type: Unknown",1
2156,300.1617366,,,BT BR/EDR RF,22,0x0021c4f4,"Transport: Any (BR 1Mbps), RF Channel: 19 (SP:  -76), Packet Type: Unknown",1
2157,300.3274055,,,BT BR/EDR RF,22,0x0021c4f4,"Transport: Any (BR 1Mbps), RF Channel: 68 (SP:  -76), Packet Type: Unknown",1
2158,300.517179,,,BT BR/EDR RF,22,0x0021c4f4,"Transport: Any (BR 1Mbps), RF Channel: 70 (SP:  -73), Packet Type: Unknown",1
2159,300.8016901,,,BT BR/EDR RF,22,0x0021c4f4,"Transport: Any (BR 1Mbps), RF Channel: 57 (SP:  -69), Packet Type: Unknown",1
2160,301.319713,,,BT BR/EDR RF,22,0x0021c4f4,"Transport: Any (BR 1Mbps), RF Channel: 78 (SP:  -72), Packet Type: Unknown",1
